epoch_id,campaign_id,sequence_id,output_time,gps_seconds,fixed_lat_deg,fixed_lon_deg,fixed_height_m,ratio,n_sat_solution,pos_sigma_h,pos_sigma_v,reference_lat_deg,reference_lon_deg,fixed_error_h
1,DATA13,DATA13,2021-11-18 04:38:50.001000,1321245530.0,30.534804722,114.421190774,12.6226,4.3,12,0.007433034373659253,0.0198,30.5348047174,114.4211905717,0.019420400184692203
2,DATA13,DATA13,2021-11-18 04:38:51.001000,1321245531.0,30.53480471,114.421190787,12.6314,4.9,13,0.007234638899074369,0.0184,30.5348047174,114.4211905717,0.02067752814097158
3,DATA13,DATA13,2021-11-18 04:38:52.001000,1321245532.0,30.534804703,114.421190775,12.6375,12.6,14,0.00709365914038728,0.0184,30.5348047175,114.4211905717,0.019575780759545514
4,DATA13,DATA13,2021-11-18 04:38:53.001000,1321245533.0,30.534804697,114.421190783,12.6369,11.8,14,0.00709365914038728,0.0184,30.5348047175,114.4211905717,0.020404348807099744
5,DATA13,DATA13,2021-11-18 04:38:54.001000,1321245534.0,30.534804716,114.421190779,12.6348,8.6,14,0.00709365914038728,0.0184,30.5348047175,114.4211905716,0.019903820499875595
6,DATA13,DATA13,2021-11-18 04:38:55.001000,1321245535.0,30.53480472,114.421190772,12.6337,10.1,14,0.00709365914038728,0.0184,30.5348047175,114.4211905716,0.019233367815265
7,DATA13,DATA13,2021-11-18 04:38:56.001000,1321245536.0,30.534804731,114.421190761,12.6231,9.5,15,0.006794115100585212,0.0144,30.5348047175,114.4211905716,0.018237270779540984
8,DATA13,DATA13,2021-11-18 04:38:57.001000,1321245537.0,30.534804717,114.421190787,12.6241,18.0,19,0.006293647591023825,0.014,30.5348047174,114.4211905718,0.02065169904807419
9,DATA13,DATA13,2021-11-18 04:38:58.001000,1321245538.0,30.534804722,114.421190755,12.6249,16.1,21,0.005586591089385368,0.0131,30.5348047175,114.4211905717,0.01759744252882021
10,DATA13,DATA13,2021-11-18 04:38:59.001000,1321245539.0,30.534804711,114.421190791,12.6218,28.7,21,0.005586591089385368,0.0131,30.5348047175,114.4211905717,0.021057440035697088
11,DATA13,DATA13,2021-11-18 04:39:01.001000,1321245541.0,30.534804723,114.421190777,12.6226,22.6,21,0.005586591089385368,0.0131,30.5348047175,114.4211905717,0.019711032135787912
12,DATA13,DATA13,2021-11-18 04:39:02.001000,1321245542.0,30.534804715,114.421190799,12.6195,23.3,21,0.005586591089385368,0.0131,30.5348047174,114.4211905717,0.02181444957064387
13,DATA13,DATA13,2021-11-18 04:39:03.000000,1321245543.0,30.534804725,114.421190789,12.62,25.1,21,0.005586591089385368,0.0131,30.5348047174,114.4211905717,0.020870191424553312
14,DATA13,DATA13,2021-11-18 04:39:04.000000,1321245544.0,30.534804708,114.421190786,12.6241,30.4,21,0.005586591089385368,0.0131,30.5348047175,114.4211905718,0.02058264910478906
15,DATA13,DATA13,2021-11-18 04:39:05.000000,1321245545.0,30.534804705,114.421190784,12.6249,26.2,21,0.005586591089385368,0.0131,30.5348047175,114.4211905717,0.02042042797475801
16,DATA13,DATA13,2021-11-18 04:39:06.000000,1321245546.0,30.534804715,114.421190776,12.6223,23.0,22,0.00551543289325507,0.013,30.5348047175,114.4211905717,0.019607592368502264
17,DATA13,DATA13,2021-11-18 04:39:07.000000,1321245547.0,30.534804706,114.421190773,12.6172,22.7,22,0.00551543289325507,0.013,30.5348047175,114.4211905717,0.019359762487759263
18,DATA13,DATA13,2021-11-18 04:39:08.000000,1321245548.0,30.534804713,114.421190801,12.6213,35.4,22,0.005303772242470448,0.0126,30.5348047175,114.4211905717,0.02201040955162845
19,DATA13,DATA13,2021-11-18 04:39:09.000000,1321245549.0,30.534804707,114.421190803,12.6194,25.8,22,0.005303772242470448,0.0126,30.5348047175,114.4211905717,0.02222718771967233
20,DATA13,DATA13,2021-11-18 04:39:10.000000,1321245550.0,30.534804714,114.421190786,12.623,24.1,22,0.005303772242470448,0.0126,30.5348047175,114.4211905717,0.0205689425040456
21,DATA13,DATA13,2021-11-18 04:39:11.000000,1321245551.0,30.534804715,114.421190789,12.6169,41.3,22,0.005303772242470448,0.0126,30.5348047175,114.4211905717,0.020855019185862873
22,DATA13,DATA13,2021-11-18 04:39:12.000000,1321245552.0,30.534804714,114.421190778,12.6209,34.0,22,0.005303772242470448,0.0125,30.5348047175,114.4211905717,0.019801365012881284
23,DATA13,DATA13,2021-11-18 04:39:13.000000,1321245553.0,30.534804705,114.421190786,12.6233,53.7,22,0.005303772242470448,0.0125,30.5348047175,114.4211905718,0.0206023445904776
24,DATA13,DATA13,2021-11-18 04:39:14.000000,1321245554.0,30.534804703,114.42119078,12.6201,26.2,22,0.005303772242470448,0.0125,30.5348047175,114.4211905717,0.020054024656483652
25,DATA13,DATA13,2021-11-18 04:39:15.000000,1321245555.0,30.534804715,114.421190775,12.6232,43.8,22,0.005303772242470448,0.0125,30.5348047175,114.4211905718,0.01950204126354512
26,DATA13,DATA13,2021-11-18 04:39:16.000000,1321245556.0,30.534804722,114.421190799,12.6167,35.4,22,0.005303772242470448,0.0125,30.5348047175,114.4211905718,0.021808937648069206
27,DATA13,DATA13,2021-11-18 04:39:17.000000,1321245557.0,30.534804701,114.421190797,12.6207,31.8,22,0.005303772242470448,0.0125,30.5348047175,114.4211905718,0.021688575875579968
28,DATA13,DATA13,2021-11-18 04:39:18.000000,1321245558.0,30.534804705,114.421190794,12.6155,39.7,22,0.005303772242470448,0.0125,30.5348047175,114.421190572,0.021349234338848486
29,DATA13,DATA13,2021-11-18 04:39:19.000000,1321245559.0,30.534804694,114.421190797,12.6141,48.3,22,0.005303772242470448,0.0125,30.5348047176,114.4211905722,0.021730986589470605
30,DATA13,DATA13,2021-11-18 04:39:20.000000,1321245560.0,30.534804702,114.421190795,12.6204,32.4,22,0.005303772242470448,0.0125,30.5348047177,114.421190573,0.021375193051737403
31,DATA13,DATA13,2021-11-18 04:39:21.000000,1321245561.0,30.534804692,114.421190771,12.6301,12.4,24,0.005232590180780452,0.011,30.5348047445,114.4211906693,0.011363345419323033
32,DATA13,DATA13,2021-11-18 04:39:22.000000,1321245562.0,30.534804712,114.42119078,12.6212,13.9,24,0.005232590180780452,0.011,30.5348047397,114.4211906534,0.01253125433332243
33,DATA13,DATA13,2021-11-18 04:39:23.000000,1321245563.0,30.534804701,114.421190778,12.6308,12.9,25,0.005232590180780452,0.011,30.5348047377,114.4211906467,0.013240793235324934
34,DATA13,DATA13,2021-11-18 04:39:24.000000,1321245564.0,30.53480472,114.421190801,12.6253,14.0,25,0.005232590180780452,0.011,30.5348047367,114.4211906442,0.015160767284825186
35,DATA13,DATA13,2021-11-18 04:39:25.000000,1321245565.0,30.5348047,114.421190791,12.6378,13.4,25,0.005162363799656123,0.0109,30.5348047359,114.4211906447,0.01459288043559179
36,DATA13,DATA13,2021-11-18 04:39:26.000000,1321245566.0,30.5348047,114.421190767,12.6344,12.2,25,0.005162363799656123,0.0109,30.534804736,114.4211906465,0.01223311543082889
37,DATA13,DATA13,2021-11-18 04:39:27.000000,1321245567.0,30.5348047,114.421190794,12.6305,11.1,25,0.005162363799656123,0.0109,30.5348047359,114.4211906473,0.014629815982617644
38,DATA13,DATA13,2021-11-18 04:39:28.000000,1321245568.0,30.534804715,114.421190796,12.6348,10.5,25,0.005162363799656123,0.0109,30.5348047358,114.4211906477,0.01441720015914182
39,DATA13,DATA13,2021-11-18 04:39:29.000000,1321245569.0,30.534804701,114.42119081,12.6341,11.5,25,0.005162363799656123,0.0109,30.5348047357,114.4211906475,0.01606178100012763
40,DATA13,DATA13,2021-11-18 04:39:30.000000,1321245570.0,30.534804707,114.42119079,12.6348,11.6,25,0.005162363799656123,0.0109,30.5348047357,114.4211906474,0.014049612145916927
41,DATA13,DATA13,2021-11-18 04:39:31.000000,1321245571.0,30.534804701,114.421190791,12.634,11.9,25,0.005162363799656123,0.0109,30.5348047357,114.4211906474,0.01430743004985898
42,DATA13,DATA13,2021-11-18 04:39:32.000000,1321245572.0,30.534804701,114.421190803,12.6289,14.4,25,0.005162363799656123,0.0109,30.5348047356,114.4211906474,0.015416949365625477
43,DATA13,DATA13,2021-11-18 04:39:33.000000,1321245573.0,30.534804693,114.421190793,12.6327,12.4,25,0.005162363799656123,0.0109,30.5348047356,114.4211906473,0.014758143369004335
44,DATA13,DATA13,2021-11-18 04:39:34.000000,1321245574.0,30.534804696,114.421190787,12.6358,11.6,25,0.005162363799656123,0.0109,30.5348047356,114.4211906473,0.014106810207552662
45,DATA13,DATA13,2021-11-18 04:39:35.000000,1321245575.0,30.534804692,114.421190797,12.6324,10.4,25,0.005162363799656123,0.0109,30.5348047357,114.4211906473,0.015160843710421432
46,DATA13,DATA13,2021-11-18 04:39:36.000000,1321245576.0,30.534804707,114.421190792,12.6357,12.0,25,0.005162363799656123,0.0109,30.5348047356,114.4211906473,0.014243505939228282
47,DATA13,DATA13,2021-11-18 04:39:37.000000,1321245577.0,30.534804716,114.421190805,12.6351,9.7,25,0.005162363799656123,0.0109,30.5348047356,114.4211906473,0.01528886406234172
48,DATA13,DATA13,2021-11-18 04:39:38.000000,1321245578.0,30.534804686,114.421190802,12.6311,12.4,25,0.005162363799656123,0.0109,30.5348047357,114.4211906473,0.01583525143546567
49,DATA13,DATA13,2021-11-18 04:39:39.000000,1321245579.0,30.534804704,114.421190791,12.6326,12.4,25,0.005162363799656123,0.0109,30.5348047357,114.4211906473,0.01423091420889073
50,DATA13,DATA13,2021-11-18 04:39:40.000000,1321245580.0,30.534804699,114.42119079,12.6329,13.1,25,0.005162363799656123,0.0109,30.5348047357,114.4211906474,0.014276620686247543
51,DATA13,DATA13,2021-11-18 04:39:41.000000,1321245581.0,30.534804687,114.421190787,12.6286,12.2,25,0.005162363799656123,0.0109,30.5348047356,114.4211906473,0.014448465444460174
52,DATA13,DATA13,2021-11-18 04:39:42.000000,1321245582.0,30.534804695,114.421190797,12.6311,12.0,25,0.005162363799656123,0.0109,30.5348047357,114.4211906473,0.015057864545460797
53,DATA13,DATA13,2021-11-18 04:39:43.000000,1321245583.0,30.534804697,114.421190795,12.6331,10.1,25,0.005162363799656123,0.0109,30.5348047356,114.4211906474,0.014796720712126088
54,DATA13,DATA13,2021-11-18 04:39:44.000000,1321245584.0,30.534804713,114.421190813,12.6325,10.7,25,0.005162363799656123,0.0109,30.5348047357,114.4211906474,0.016089812736926657
55,DATA13,DATA13,2021-11-18 04:39:45.000000,1321245585.0,30.534804686,114.421190798,12.6393,10.6,25,0.005162363799656123,0.0109,30.5348047356,114.4211906474,0.01546304094452344
56,DATA13,DATA13,2021-11-18 04:39:46.000000,1321245586.0,30.534804694,114.421190801,12.632,16.0,25,0.005162363799656123,0.0109,30.5348047357,114.4211906473,0.01545730679353349
57,DATA13,DATA13,2021-11-18 04:39:47.000000,1321245587.0,30.534804684,114.421190801,12.633,12.9,25,0.005162363799656123,0.0109,30.5348047357,114.4211906473,0.015824269432383728
58,DATA13,DATA13,2021-11-18 04:39:48.000000,1321245588.0,30.534804713,114.421190799,12.6329,8.8,25,0.005162363799656123,0.0109,30.5348047356,114.4211906474,0.014762449520590009
59,DATA13,DATA13,2021-11-18 04:39:49.000000,1321245589.0,30.534804696,114.421190809,12.6337,12.7,25,0.005162363799656123,0.0109,30.5348047356,114.4211906474,0.016117353923725476
60,DATA13,DATA13,2021-11-18 04:39:50.000000,1321245590.0,30.534804698,114.42119081,12.6386,12.1,25,0.005162363799656123,0.0109,30.5348047356,114.4211906474,0.016151071220394324
61,DATA13,DATA13,2021-11-18 04:39:51.000000,1321245591.0,30.534804696,114.421190805,12.6327,11.9,25,0.005162363799656123,0.0109,30.5348047356,114.4211906474,0.0157483561316001
62,DATA13,DATA13,2021-11-18 04:39:52.000000,1321245592.0,30.53480469,114.421190804,12.6302,12.4,25,0.005162363799656123,0.0109,30.5348047356,114.4211906474,0.01585559797389792
63,DATA13,DATA13,2021-11-18 04:39:53.000000,1321245593.0,30.534804692,114.421190788,12.6283,11.1,25,0.005162363799656123,0.0109,30.5348047356,114.4211906474,0.014332323775252476
64,DATA13,DATA13,2021-11-18 04:39:54.000000,1321245594.0,30.534804695,114.421190815,12.634,9.6,25,0.005162363799656123,0.0109,30.5348047356,114.4211906473,0.016710888096447073
65,DATA13,DATA13,2021-11-18 04:39:55.000000,1321245595.0,30.534804683,114.421190805,12.6326,10.9,25,0.005162363799656123,0.0109,30.5348047357,114.4211906473,0.01622225951248932
66,DATA13,DATA13,2021-11-18 04:39:56.000000,1321245596.0,30.534804713,114.421190792,12.6316,10.9,25,0.005162363799656123,0.0109,30.5348047357,114.4211906473,0.014112318584307497
67,DATA13,DATA13,2021-11-18 04:39:57.000000,1321245597.0,30.534804695,114.421190807,12.6304,13.9,25,0.005162363799656123,0.0109,30.5348047357,114.4211906473,0.01597600596563011
68,DATA13,DATA13,2021-11-18 04:39:58.000000,1321245598.0,30.534804702,114.421190804,12.63,9.6,25,0.005162363799656123,0.0109,30.5348047357,114.4211906473,0.015494854996590993
69,DATA13,DATA13,2021-11-18 04:39:59.000000,1321245599.0,30.534804686,114.421190803,12.6322,10.4,25,0.005162363799656123,0.0109,30.5348047357,114.4211906473,0.01592525523658081
70,DATA13,DATA13,2021-11-18 04:40:00.000000,1321245600.0,30.534804677,114.421190789,12.6343,11.8,25,0.005162363799656123,0.0109,30.5348047357,114.4211906473,0.015075161278000569
71,DATA13,DATA13,2021-11-18 04:40:01.000000,1321245601.0,30.534804707,114.421190807,12.6331,8.7,25,0.005162363799656123,0.0109,30.5348047357,114.4211906473,0.01565239270949354
72,DATA13,DATA13,2021-11-18 04:40:02.000000,1321245602.0,30.534804697,114.421190802,12.6346,8.9,25,0.005162363799656123,0.0109,30.5348047357,114.4211906473,0.015453287093307426
73,DATA13,DATA13,2021-11-18 04:40:03.000000,1321245603.0,30.534804695,114.421190803,12.6307,9.4,25,0.005162363799656123,0.0109,30.5348047357,114.4211906473,0.015608150384724608
74,DATA13,DATA13,2021-11-18 04:40:04.000000,1321245604.0,30.534804697,114.421190808,12.6328,10.5,25,0.005162363799656123,0.0109,30.5348047357,114.4211906473,0.016007240019181034
75,DATA13,DATA13,2021-11-18 04:40:05.000000,1321245605.0,30.53480469,114.421190786,12.6385,10.1,25,0.005162363799656123,0.0109,30.5348047357,114.4211906473,0.014241953267328342
76,DATA13,DATA13,2021-11-18 04:40:06.000000,1321245606.0,30.534804702,114.421190798,12.6361,7.7,25,0.005162363799656123,0.0109,30.5348047357,114.4211906473,0.014936698312569992
77,DATA13,DATA13,2021-11-18 04:40:07.000000,1321245607.0,30.534804692,114.421190805,12.6357,9.8,25,0.005162363799656123,0.0109,30.5348047357,114.4211906473,0.015890204642162512
78,DATA13,DATA13,2021-11-18 04:40:08.000000,1321245608.0,30.534804701,114.421190811,12.6301,7.7,25,0.005162363799656123,0.0109,30.5348047357,114.4211906473,0.01617361165362004
79,DATA13,DATA13,2021-11-18 04:40:09.000000,1321245609.0,30.5348047,114.421190798,12.6344,7.8,25,0.005162363799656123,0.0109,30.5348047357,114.4211906473,0.014993693987567306
80,DATA13,DATA13,2021-11-18 04:40:10.000000,1321245610.0,30.534804695,114.421190793,12.6321,9.6,25,0.005162363799656123,0.0109,30.5348047357,114.4211906473,0.01469209307889284
81,DATA13,DATA13,2021-11-18 04:40:11.000000,1321245611.0,30.53480469,114.421190801,12.6334,9.7,25,0.005162363799656123,0.0109,30.5348047357,114.4211906473,0.015595673836821394
82,DATA13,DATA13,2021-11-18 04:40:12.000000,1321245612.0,30.534804688,114.421190791,12.6331,9.3,25,0.005162363799656123,0.0109,30.5348047357,114.4211906473,0.014769310650927391
83,DATA13,DATA13,2021-11-18 04:40:13.000000,1321245613.0,30.534804715,114.421190808,12.6327,7.9,25,0.005162363799656123,0.0109,30.5348047357,114.4211906473,0.015591373248377718
84,DATA13,DATA13,2021-11-18 04:40:14.000000,1321245614.0,30.534804688,114.421190798,12.6341,8.8,25,0.005162363799656123,0.0109,30.5348047357,114.4211906473,0.015398409412794809
85,DATA13,DATA13,2021-11-18 04:40:15.000000,1321245615.0,30.534804693,114.421190814,12.6318,11.1,25,0.005162363799656123,0.0109,30.5348047357,114.4211906473,0.0166830482105997
86,DATA13,DATA13,2021-11-18 04:40:16.000000,1321245616.0,30.534804699,114.42119081,12.6289,10.3,25,0.005162363799656123,0.0109,30.5348047357,114.4211906474,0.016125608844395782
87,DATA13,DATA13,2021-11-18 04:40:17.000000,1321245617.0,30.534804689,114.421190809,12.6353,9.0,25,0.005162363799656123,0.0109,30.5348047357,114.4211906475,0.01634020174569812
88,DATA13,DATA13,2021-11-18 04:40:18.000000,1321245618.0,30.53480469,114.421190793,12.6293,10.5,25,0.005162363799656123,0.0109,30.5348047358,114.4211906478,0.01483037343716384
89,DATA13,DATA13,2021-11-18 04:40:19.000000,1321245619.0,30.534804692,114.421190795,12.6327,8.5,25,0.005162363799656123,0.0109,30.5348047357,114.4211906471,0.014997264197099291
90,DATA13,DATA13,2021-11-18 04:40:20.000000,1321245620.0,30.534804689,114.421190795,12.6359,7.6,25,0.005162363799656123,0.0109,30.5348047349,114.4211906408,0.015648257567404067
91,DATA13,DATA13,2021-11-18 04:40:21.000000,1321245621.0,30.534804685,114.421190803,12.6328,7.5,25,0.005162363799656123,0.0109,30.5348047345,114.4211906383,0.016730981114955794
92,DATA13,DATA13,2021-11-18 04:40:22.000000,1321245622.0,30.53480471,114.421190807,12.6293,11.7,25,0.005162363799656123,0.0109,30.5348047352,114.4211906378,0.016475850300904014
93,DATA13,DATA13,2021-11-18 04:40:23.000000,1321245623.0,30.534804701,114.42119081,12.6307,8.5,25,0.005162363799656123,0.0109,30.5348047354,114.4211906377,0.016968853973901635
94,DATA13,DATA13,2021-11-18 04:40:24.000000,1321245624.0,30.534804689,114.421190803,12.632,10.1,25,0.005162363799656123,0.0109,30.5348047354,114.4211906379,0.016657935807418246
95,DATA13,DATA13,2021-11-18 04:40:25.000000,1321245625.0,30.534804696,114.421190802,12.6266,9.0,25,0.005162363799656123,0.0109,30.5348047358,114.4211906379,0.016354293786299937
96,DATA13,DATA13,2021-11-18 04:40:26.000000,1321245626.0,30.534804679,114.421190796,12.6248,13.2,25,0.005162363799656123,0.0109,30.5348047295,114.4211906515,0.01495443711281179
97,DATA13,DATA13,2021-11-18 04:40:27.000000,1321245627.0,30.534804702,114.421190806,12.6249,9.6,25,0.005162363799656123,0.0109,30.534804738,114.4211906812,0.012623903838558563
98,DATA13,DATA13,2021-11-18 04:40:28.000000,1321245628.0,30.534804698,114.421190815,12.6281,9.6,25,0.005162363799656123,0.0109,30.5348047399,114.4211906941,0.01249748317379858
99,DATA13,DATA13,2021-11-18 04:40:29.000000,1321245629.0,30.534804683,114.42119081,12.6279,10.9,25,0.005162363799656123,0.0109,30.5348047398,114.4211906941,0.012781150651825291
100,DATA13,DATA13,2021-11-18 04:40:30.000000,1321245630.0,30.534804704,114.421190798,12.6308,10.8,25,0.005162363799656123,0.0109,30.534804748,114.4211906854,0.011855636735993613
101,DATA13,DATA13,2021-11-18 04:40:31.000000,1321245631.0,30.534804693,114.421190758,12.6343,12.0,25,0.005162363799656123,0.0109,30.5348047509,114.4211906696,0.010638070998701945
102,DATA13,DATA13,2021-11-18 04:40:32.000000,1321245632.0,30.534804713,114.421190761,12.6405,13.7,25,0.005162363799656123,0.0109,30.5348047513,114.42119067,0.009710328088597077
103,DATA13,DATA13,2021-11-18 04:40:33.000000,1321245633.0,30.534804706,114.421190758,12.6385,9.9,25,0.005162363799656123,0.0109,30.5348047516,114.4211906704,0.009809470270886729
104,DATA13,DATA13,2021-11-18 04:40:34.000000,1321245634.0,30.534804697,114.421190749,12.6345,13.3,25,0.005162363799656123,0.0109,30.5348047517,114.4211906708,0.009648349227198351
105,DATA13,DATA13,2021-11-18 04:40:35.000000,1321245635.0,30.534804702,114.421190747,12.6375,12.4,25,0.005162363799656123,0.0109,30.5348047518,114.421190671,0.009147305229547082
106,DATA13,DATA13,2021-11-18 04:40:36.000000,1321245636.0,30.53480471,114.421190773,12.6361,14.2,25,0.005162363799656123,0.0109,30.5348047518,114.421190671,0.010829927324029138
107,DATA13,DATA13,2021-11-18 04:40:37.000000,1321245637.0,30.534804707,114.421190748,12.6353,8.8,25,0.005162363799656123,0.0109,30.5348047519,114.421190671,0.008909496973891698
108,DATA13,DATA13,2021-11-18 04:40:38.000000,1321245638.0,30.534804702,114.421190756,12.6366,12.0,25,0.005162363799656123,0.0109,30.5348047518,114.4211906711,0.009841797084198228
109,DATA13,DATA13,2021-11-18 04:40:39.000000,1321245639.0,30.534804695,114.42119076,12.6359,12.7,25,0.005162363799656123,0.0109,30.5348047518,114.4211906711,0.010603504564958944
110,DATA13,DATA13,2021-11-18 04:40:40.000000,1321245640.0,30.534804699,114.421190749,12.6398,15.0,25,0.005162363799656123,0.0109,30.5348047518,114.421190671,0.009502243127138717
111,DATA13,DATA13,2021-11-18 04:40:41.000000,1321245641.0,30.534804702,114.421190759,12.6369,10.1,25,0.005162363799656123,0.0109,30.5348047518,114.421190671,0.01008945121049437
112,DATA13,DATA13,2021-11-18 04:40:42.000000,1321245642.0,30.534804702,114.421190753,12.6385,12.3,25,0.005162363799656123,0.0109,30.5348047518,114.421190671,0.009612677786405994
113,DATA13,DATA13,2021-11-18 04:40:43.000000,1321245643.0,30.534804698,114.421190759,12.6373,12.1,25,0.005162363799656123,0.0109,30.5348047518,114.421190671,0.010338768735638786
114,DATA13,DATA13,2021-11-18 04:40:44.000000,1321245644.0,30.534804712,114.421190749,12.6395,11.9,25,0.005162363799656123,0.0109,30.5348047518,114.421190671,0.008688931734919471
115,DATA13,DATA13,2021-11-18 04:40:45.000000,1321245645.0,30.534804694,114.421190752,12.6377,11.1,25,0.005162363799656123,0.0109,30.5348047517,114.421190671,0.010066778520084961
116,DATA13,DATA13,2021-11-18 04:40:46.000000,1321245646.0,30.534804691,114.421190743,12.6371,11.1,25,0.005162363799656123,0.0109,30.5348047518,114.421190671,0.00965265227099867
117,DATA13,DATA13,2021-11-18 04:40:47.000000,1321245647.0,30.534804699,114.421190751,12.6368,9.6,25,0.005162363799656123,0.0109,30.5348047518,114.421190671,0.009654155679826635
118,DATA13,DATA13,2021-11-18 04:40:48.000000,1321245648.0,30.534804694,114.421190745,12.6424,6.5,25,0.005162363799656123,0.0109,30.5348047518,114.421190671,0.009565036167887939
119,DATA13,DATA13,2021-11-18 04:40:49.000000,1321245649.0,30.534804697,114.421190764,12.6405,11.8,25,0.005162363799656123,0.0109,30.5348047519,114.421190671,0.010802503657812703
120,DATA13,DATA13,2021-11-18 04:40:50.000000,1321245650.0,30.534804689,114.421190751,12.6388,8.9,25,0.005162363799656123,0.0108,30.5348047519,114.421190671,0.010371346259628825
121,DATA13,DATA13,2021-11-18 04:40:51.000000,1321245651.0,30.534804703,114.421190755,12.643,6.8,25,0.005162363799656123,0.0108,30.5348047517,114.4211906709,0.009710006626150385
122,DATA13,DATA13,2021-11-18 04:40:52.000000,1321245652.0,30.534804691,114.421190748,12.6396,9.7,25,0.005162363799656123,0.0108,30.5348047518,114.4211906709,0.010008823306622562
123,DATA13,DATA13,2021-11-18 04:40:53.000000,1321245653.0,30.53480469,114.421190762,12.6378,11.2,25,0.005162363799656123,0.0108,30.5348047518,114.4211906708,0.01111472841758146
124,DATA13,DATA13,2021-11-18 04:40:54.000000,1321245654.0,30.5348047,114.421190749,12.6379,10.2,25,0.005162363799656123,0.0108,30.5348047518,114.4211906709,0.009441971246636077
125,DATA13,DATA13,2021-11-18 04:40:55.000000,1321245655.0,30.5348047,114.421190756,12.6394,8.5,25,0.005162363799656123,0.0108,30.5348047519,114.4211906708,0.009997788077954392
126,DATA13,DATA13,2021-11-18 04:40:56.000000,1321245656.0,30.534804694,114.421190754,12.6399,9.1,25,0.005162363799656123,0.0108,30.5348047519,114.4211906709,0.010237079075960867
127,DATA13,DATA13,2021-11-18 04:40:57.000000,1321245657.0,30.534804695,114.421190755,12.6374,12.7,25,0.005162363799656123,0.0108,30.5348047519,114.4211906708,0.010250934240720967
128,DATA13,DATA13,2021-11-18 04:40:58.000000,1321245658.0,30.534804686,114.421190738,12.6434,10.6,25,0.005162363799656123,0.0108,30.5348047518,114.4211906708,0.009736542007272484
129,DATA13,DATA13,2021-11-18 04:40:59.000000,1321245659.0,30.534804684,114.421190768,12.6372,9.4,25,0.005162363799656123,0.0108,30.5348047518,114.4211906709,0.011971858173878839
130,DATA13,DATA13,2021-11-18 04:41:00.000000,1321245660.0,30.53480469,114.42119075,12.6396,11.0,25,0.005162363799656123,0.0108,30.5348047518,114.4211906709,0.010225473624926694
131,DATA13,DATA13,2021-11-18 04:41:01.000000,1321245661.0,30.534804692,114.421190761,12.6343,11.2,25,0.005162363799656123,0.0108,30.5348047518,114.4211906709,0.01089548457693217
132,DATA13,DATA13,2021-11-18 04:41:02.000000,1321245662.0,30.534804681,114.421190759,12.6381,10.2,25,0.005162363799656123,0.0108,30.5348047518,114.4211906709,0.01153627689680264
133,DATA13,DATA13,2021-11-18 04:41:03.000000,1321245663.0,30.534804706,114.421190761,12.6331,14.3,25,0.005162363799656123,0.0108,30.5348047518,114.4211906708,0.010035318603837759
134,DATA13,DATA13,2021-11-18 04:41:04.000000,1321245664.0,30.534804683,114.421190755,12.6402,8.8,25,0.005162363799656123,0.0108,30.5348047518,114.4211906708,0.011111520223423543
135,DATA13,DATA13,2021-11-18 04:41:05.000000,1321245665.0,30.534804681,114.421190755,12.6344,11.7,25,0.005162363799656123,0.0108,30.5348047518,114.4211906709,0.011257990182828874
136,DATA13,DATA13,2021-11-18 04:41:06.000000,1321245666.0,30.534804687,114.421190743,12.6354,10.3,25,0.005162363799656123,0.0108,30.5348047518,114.4211906709,0.009974020306971901
137,DATA13,DATA13,2021-11-18 04:41:07.000000,1321245667.0,30.534804685,114.421190756,12.6375,11.3,25,0.005162363799656123,0.0108,30.5348047518,114.4211906709,0.011024334533015668
138,DATA13,DATA13,2021-11-18 04:41:08.000000,1321245668.0,30.534804689,114.42119077,12.6357,11.7,25,0.005162363799656123,0.0108,30.5348047518,114.4211906709,0.011786156755982106
139,DATA13,DATA13,2021-11-18 04:41:09.000000,1321245669.0,30.534804693,114.421190753,12.6343,8.1,25,0.005162363799656123,0.0108,30.5348047518,114.4211906708,0.010233209336331333
140,DATA13,DATA13,2021-11-18 04:41:10.000000,1321245670.0,30.534804698,114.421190752,12.6326,9.4,25,0.005162363799656123,0.0108,30.5348047519,114.4211906708,0.009819709971486488
141,DATA13,DATA13,2021-11-18 04:41:11.000000,1321245671.0,30.534804681,114.421190733,12.6393,9.9,25,0.005162363799656123,0.0108,30.5348047519,114.4211906708,0.00986966461828147
142,DATA13,DATA13,2021-11-18 04:41:12.000000,1321245672.0,30.53480469,114.421190748,12.6374,8.5,25,0.005232590180780452,0.011,30.5348047519,114.4211906708,0.010098389402921452
143,DATA13,DATA13,2021-11-18 04:41:13.000000,1321245673.0,30.534804687,114.421190769,12.6388,8.0,25,0.005232590180780452,0.011,30.5348047519,114.4211906708,0.011856396367235145
144,DATA13,DATA13,2021-11-18 04:41:14.000000,1321245674.0,30.534804689,114.421190757,12.6361,8.2,25,0.005232590180780452,0.011,30.5348047518,114.4211906708,0.010812028682846404
145,DATA13,DATA13,2021-11-18 04:41:15.000000,1321245675.0,30.534804696,114.421190751,12.637,11.0,25,0.005232590180780452,0.011,30.5348047518,114.4211906708,0.009874309893277559
146,DATA13,DATA13,2021-11-18 04:41:16.000000,1321245676.0,30.534804697,114.42119075,12.6376,9.7,25,0.005232590180780452,0.011,30.5348047518,114.4211906708,0.009730094217138175
147,DATA13,DATA13,2021-11-18 04:41:17.000000,1321245677.0,30.5348047,114.421190744,12.6347,7.7,25,0.005232590180780452,0.011,30.5348047518,114.4211906708,0.009073220719934017
148,DATA13,DATA13,2021-11-18 04:41:18.000000,1321245678.0,30.534804689,114.421190755,12.6365,8.5,25,0.005232590180780452,0.011,30.5348047518,114.4211906708,0.010665900143538543
149,DATA13,DATA13,2021-11-18 04:41:19.000000,1321245679.0,30.534804689,114.421190769,12.6382,8.6,25,0.005162363799656123,0.0108,30.5348047519,114.4211906708,0.011723170337845982
150,DATA13,DATA13,2021-11-18 04:41:20.000000,1321245680.0,30.534804712,114.421190771,12.6366,6.3,25,0.005232590180780452,0.011,30.5348047519,114.4211906708,0.010584313910677467
151,DATA13,DATA13,2021-11-18 04:41:21.000000,1321245681.0,30.534804705,114.421190746,12.634,9.7,25,0.005232590180780452,0.011,30.5348047519,114.4211906708,0.00889453049672696
152,DATA13,DATA13,2021-11-18 04:41:22.000000,1321245682.0,30.534804695,114.421190756,12.6386,9.8,25,0.005232590180780452,0.011,30.5348047519,114.4211906708,0.010326747016134402
153,DATA13,DATA13,2021-11-18 04:41:23.000000,1321245683.0,30.534804718,114.421190757,12.6367,4.9,25,0.005232590180780452,0.011,30.5348047519,114.4211906708,0.009085871540407473
154,DATA13,DATA13,2021-11-18 04:41:24.000000,1321245684.0,30.53480469,114.421190759,12.6374,9.9,25,0.005232590180780452,0.011,30.5348047519,114.4211906708,0.010896458413878757
155,DATA13,DATA13,2021-11-18 04:41:25.000000,1321245685.0,30.534804692,114.421190741,12.6361,10.0,25,0.005162363799656123,0.0108,30.5348047519,114.4211906708,0.00945946257026983
156,DATA13,DATA13,2021-11-18 04:41:26.000000,1321245686.0,30.534804688,114.421190745,12.6376,9.4,25,0.005162363799656123,0.0108,30.5348047519,114.4211906708,0.010044245460535891
157,DATA13,DATA13,2021-11-18 04:41:27.000000,1321245687.0,30.534804716,114.421190747,12.6306,8.8,25,0.005162363799656123,0.0108,30.5348047519,114.4211906708,0.008325438989721467
158,DATA13,DATA13,2021-11-18 04:41:28.000000,1321245688.0,30.534804703,114.421190749,12.6372,11.1,25,0.005162363799656123,0.0108,30.5348047519,114.4211906707,0.009265514198178403
159,DATA13,DATA13,2021-11-18 04:41:29.000000,1321245689.0,30.534804699,114.421190751,12.6351,8.8,25,0.005162363799656123,0.0108,30.5348047518,114.4211906705,0.009692357325938894
160,DATA13,DATA13,2021-11-18 04:41:30.000000,1321245690.0,30.534804702,114.42119075,12.634,8.8,25,0.005162363799656123,0.0108,30.5348047517,114.4211906703,0.009426361297998783
161,DATA13,DATA13,2021-11-18 04:41:31.000000,1321245691.0,30.534804687,114.421190741,12.639,7.8,25,0.005162363799656123,0.0108,30.5348047514,114.4211906701,0.009862333614623721
162,DATA13,DATA13,2021-11-18 04:41:32.000000,1321245692.0,30.534804701,114.421190749,12.6292,8.2,25,0.005162363799656123,0.0108,30.5348047522,114.42119067,0.009470658895898295
163,DATA13,DATA13,2021-11-18 04:41:33.000000,1321245693.0,30.534804698,114.421190749,12.6422,10.0,25,0.005162363799656123,0.0108,30.5348047553,114.4211906728,0.009686369787219592
164,DATA13,DATA13,2021-11-18 04:41:34.000000,1321245694.0,30.534804699,114.421190734,12.6246,8.3,25,0.005162363799656123,0.0108,30.5348047554,114.4211906726,0.008591483796680897
165,DATA13,DATA13,2021-11-18 04:41:35.000000,1321245695.0,30.534804704,114.421190751,12.6408,7.2,25,0.005162363799656123,0.0108,30.5348047555,114.4211906725,0.009452342875337347
166,DATA13,DATA13,2021-11-18 04:41:36.000000,1321245696.0,30.534804706,114.42119075,12.6377,7.2,25,0.005162363799656123,0.0108,30.5348047555,114.4211906724,0.009250425033583486
167,DATA13,DATA13,2021-11-18 04:41:37.000000,1321245697.0,30.534804711,114.421190729,12.636,6.2,25,0.005162363799656123,0.0108,30.5348047555,114.4211906724,0.007337599177468824
168,DATA13,DATA13,2021-11-18 04:41:38.000000,1321245698.0,30.534804712,114.421190728,12.6333,6.6,25,0.005162363799656123,0.0108,30.5348047555,114.4211906724,0.007192045842979619
169,DATA13,DATA13,2021-11-18 04:41:39.000000,1321245699.0,30.534804696,114.42119074,12.6402,9.5,25,0.005162363799656123,0.0108,30.5348047555,114.4211906724,0.009251754985287457
170,DATA13,DATA13,2021-11-18 04:41:40.000000,1321245700.0,30.53480471,114.421190753,12.6383,7.8,25,0.005162363799656123,0.0108,30.5348047555,114.4211906724,0.009234216484311424
171,DATA13,DATA13,2021-11-18 04:41:41.000000,1321245701.0,30.534804719,114.421190732,12.6349,7.5,25,0.005162363799656123,0.0108,30.5348047555,114.4211906724,0.007006180038244895
172,DATA13,DATA13,2021-11-18 04:41:42.000000,1321245702.0,30.534804719,114.421190753,12.6338,7.6,25,0.005162363799656123,0.0108,30.5348047555,114.4211906724,0.008729289274521726
173,DATA13,DATA13,2021-11-18 04:41:43.000000,1321245703.0,30.534804688,114.421190736,12.637,9.9,25,0.005162363799656123,0.0108,30.5348047555,114.4211906724,0.009656546847394615
174,DATA13,DATA13,2021-11-18 04:41:44.000000,1321245704.0,30.534804706,114.42119073,12.6369,8.4,25,0.005162363799656123,0.0108,30.5348047555,114.4211906724,0.007788999707010481
175,DATA13,DATA13,2021-11-18 04:41:45.000000,1321245705.0,30.534804718,114.421190747,12.6355,9.8,25,0.005162363799656123,0.0108,30.5348047555,114.4211906724,0.00827854440062351
176,DATA13,DATA13,2021-11-18 04:41:46.000000,1321245706.0,30.534804715,114.421190741,12.6359,7.5,25,0.005162363799656123,0.0108,30.5348047555,114.4211906724,0.007968541797429292
177,DATA13,DATA13,2021-11-18 04:41:47.000000,1321245707.0,30.534804704,114.421190738,12.635,9.1,25,0.005162363799656123,0.0108,30.5348047555,114.4211906724,0.008498694328586942
178,DATA13,DATA13,2021-11-18 04:41:48.000000,1321245708.0,30.534804715,114.421190731,12.6355,7.8,25,0.005162363799656123,0.0108,30.5348047555,114.4211906724,0.007196071481771786
179,DATA13,DATA13,2021-11-18 04:41:49.000000,1321245709.0,30.534804713,114.421190749,12.6318,12.3,25,0.005162363799656123,0.0108,30.5348047555,114.4211906724,0.008731284530875695
180,DATA13,DATA13,2021-11-18 04:41:50.000000,1321245710.0,30.534804686,114.421190743,12.6357,14.0,25,0.005232590180780452,0.011,30.5348047555,114.4211906724,0.010260000863587321
181,DATA13,DATA13,2021-11-18 04:41:51.000000,1321245711.0,30.534804691,114.421190739,12.6316,11.0,25,0.005232590180780452,0.011,30.5348047555,114.4211906724,0.009590571035445571
182,DATA13,DATA13,2021-11-18 04:41:52.000000,1321245712.0,30.534804698,114.421190752,12.6279,10.9,25,0.005232590180780452,0.011,30.5348047555,114.4211906724,0.009949184141999053
183,DATA13,DATA13,2021-11-18 04:41:53.000000,1321245713.0,30.534804696,114.421190775,12.6307,12.4,25,0.005232590180780452,0.011,30.5348047555,114.4211906724,0.011851352157371656
184,DATA13,DATA13,2021-11-18 04:41:54.000000,1321245714.0,30.534804712,114.421190766,12.6275,11.1,25,0.005232590180780452,0.011,30.5348047555,114.4211906724,0.010195016831647176
185,DATA13,DATA13,2021-11-18 04:41:55.000000,1321245715.0,30.534804702,114.421190744,12.634,11.1,25,0.005162363799656123,0.0108,30.5348047555,114.4211906724,0.009076884445234763
186,DATA13,DATA13,2021-11-18 04:41:56.000000,1321245716.0,30.534804708,114.421190751,12.6335,10.1,25,0.005162363799656123,0.0108,30.5348047555,114.4211906724,0.009199158122410178
187,DATA13,DATA13,2021-11-18 04:41:57.000000,1321245717.0,30.534804703,114.421190749,12.6331,10.1,25,0.005162363799656123,0.0108,30.5348047555,114.4211906724,0.009376093906511179
188,DATA13,DATA13,2021-11-18 04:41:58.000000,1321245718.0,30.53480471,114.421190758,12.6292,7.8,25,0.005162363799656123,0.0108,30.5348047555,114.4211906724,0.00963969065040546
189,DATA13,DATA13,2021-11-18 04:41:59.000000,1321245719.0,30.534804697,114.421190733,12.6367,8.2,25,0.005162363799656123,0.0108,30.5348047555,114.4211906724,0.008710930190755854
190,DATA13,DATA13,2021-11-18 04:42:00.000000,1321245720.0,30.534804713,114.421190766,12.633,8.1,25,0.005162363799656123,0.0108,30.5348047555,114.4211906724,0.01014304646999829
191,DATA13,DATA13,2021-11-18 04:42:01.000000,1321245721.0,30.534804702,114.421190763,12.6324,11.4,25,0.005162363799656123,0.0108,30.5348047555,114.4211906724,0.010524777099835063
192,DATA13,DATA13,2021-11-18 04:42:02.000000,1321245722.0,30.534804704,114.421190753,12.6347,10.1,25,0.005162363799656123,0.0108,30.5348047555,114.4211906723,0.009621448102987344
193,DATA13,DATA13,2021-11-18 04:42:03.000000,1321245723.0,30.534804718,114.421190759,12.6281,9.7,25,0.005162363799656123,0.0108,30.5348047555,114.4211906723,0.009300984243020031
194,DATA13,DATA13,2021-11-18 04:42:04.000000,1321245724.0,30.534804711,114.421190744,12.6326,9.6,25,0.005162363799656123,0.0108,30.5348047555,114.4211906723,0.008466506703204344
195,DATA13,DATA13,2021-11-18 04:42:05.000000,1321245725.0,30.5348047,114.421190749,12.633,11.9,25,0.005162363799656123,0.0108,30.5348047555,114.4211906723,0.009593454863513096
196,DATA13,DATA13,2021-11-18 04:42:06.000000,1321245726.0,30.534804691,114.421190741,12.6378,8.9,25,0.005162363799656123,0.0108,30.5348047555,114.4211906723,0.00972603204099618
197,DATA13,DATA13,2021-11-18 04:42:07.000000,1321245727.0,30.534804703,114.421190756,12.6322,8.9,25,0.005162363799656123,0.0108,30.5348047555,114.4211906723,0.009919297339092307
198,DATA13,DATA13,2021-11-18 04:42:08.000000,1321245728.0,30.534804693,114.421190764,12.6319,15.2,25,0.005232590180780452,0.011,30.5348047555,114.4211906723,0.011200391497751363
199,DATA13,DATA13,2021-11-18 04:42:09.000000,1321245729.0,30.534804686,114.421190761,12.625,13.4,25,0.005232590180780452,0.011,30.5348047555,114.4211906723,0.011481331713755762
200,DATA13,DATA13,2021-11-18 04:42:10.000000,1321245730.0,30.534804693,114.421190762,12.6307,17.4,25,0.005232590180780452,0.011,30.5348047555,114.4211906723,0.011050231961758505
201,DATA13,DATA13,2021-11-18 04:42:11.000000,1321245731.0,30.534804689,114.421190756,12.6307,18.6,25,0.005232590180780452,0.011,30.5348047555,114.4211906723,0.010902666602970719
202,DATA13,DATA13,2021-11-18 04:42:12.000000,1321245732.0,30.534804689,114.421190764,12.63,14.6,25,0.005232590180780452,0.011,30.5348047555,114.4211906723,0.01148000781240989
203,DATA13,DATA13,2021-11-18 04:42:13.000000,1321245733.0,30.53480469,114.421190744,12.6375,9.5,25,0.005162363799656123,0.0108,30.5348047555,114.4211906723,0.010003617799695526
204,DATA13,DATA13,2021-11-18 04:42:14.000000,1321245734.0,30.534804708,114.421190763,12.631,12.0,25,0.005162363799656123,0.0108,30.5348047555,114.4211906723,0.010173002106005998
205,DATA13,DATA13,2021-11-18 04:42:15.000000,1321245735.0,30.53480472,114.421190748,12.6301,10.1,25,0.005162363799656123,0.0108,30.5348047555,114.4211906723,0.008262111571440639
206,DATA13,DATA13,2021-11-18 04:42:16.000000,1321245736.0,30.534804711,114.421190747,12.6349,11.7,25,0.005162363799656123,0.0108,30.5348047555,114.4211906723,0.008702094294447515
207,DATA13,DATA13,2021-11-18 04:42:17.000000,1321245737.0,30.534804702,114.421190732,12.6352,10.9,25,0.005162363799656123,0.0108,30.5348047555,114.4211906723,0.008246249058912131
208,DATA13,DATA13,2021-11-18 04:42:18.000000,1321245738.0,30.534804691,114.421190732,12.6398,9.2,25,0.005162363799656123,0.0108,30.5348047555,114.4211906724,0.009156614485861601
209,DATA13,DATA13,2021-11-18 04:42:19.000000,1321245739.0,30.534804708,114.421190737,12.6344,10.0,25,0.005162363799656123,0.0108,30.5348047555,114.4211906723,0.00814130588721606
210,DATA13,DATA13,2021-11-18 04:42:20.000000,1321245740.0,30.534804705,114.421190763,12.6334,10.7,25,0.005162363799656123,0.0108,30.5348047555,114.4211906723,0.010349073496216053
211,DATA13,DATA13,2021-11-18 04:42:21.000000,1321245741.0,30.534804718,114.421190743,12.6342,10.4,25,0.005162363799656123,0.0108,30.5348047555,114.4211906723,0.007957114939761006
212,DATA13,DATA13,2021-11-18 04:42:22.000000,1321245742.0,30.534804713,114.421190745,12.6287,18.5,25,0.005162363799656123,0.0108,30.5348047555,114.4211906723,0.008418612145818261
213,DATA13,DATA13,2021-11-18 04:42:23.000000,1321245743.0,30.534804714,114.421190741,12.6325,14.3,25,0.005162363799656123,0.0108,30.5348047555,114.4211906723,0.00803939677375072
214,DATA13,DATA13,2021-11-18 04:42:24.000000,1321245744.0,30.534804699,114.421190744,12.6321,12.7,25,0.005162363799656123,0.0108,30.5348047555,114.4211906723,0.009304708745065343
215,DATA13,DATA13,2021-11-18 04:42:25.000000,1321245745.0,30.534804716,114.421190745,12.6337,11.0,25,0.005162363799656123,0.0108,30.5348047555,114.4211906723,0.008237087977136391
216,DATA13,DATA13,2021-11-18 04:42:26.000000,1321245746.0,30.534804677,114.421190751,12.6315,21.7,25,0.005232590180780452,0.011,30.5348047555,114.4211906723,0.011522819024596502
217,DATA13,DATA13,2021-11-18 04:42:27.000000,1321245747.0,30.534804697,114.42119075,12.629,20.7,25,0.005232590180780452,0.011,30.5348047555,114.4211906723,0.009882285377073334
218,DATA13,DATA13,2021-11-18 04:42:28.000000,1321245748.0,30.534804686,114.421190755,12.6302,15.1,25,0.005232590180780452,0.011,30.5348047555,114.4211906723,0.011061200998820334
219,DATA13,DATA13,2021-11-18 04:42:29.000000,1321245749.0,30.534804681,114.421190735,12.6304,14.0,25,0.005232590180780452,0.011,30.5348047555,114.4211906723,0.010218544274269353
220,DATA13,DATA13,2021-11-18 04:42:30.000000,1321245750.0,30.534804696,114.421190761,12.6274,18.9,25,0.005232590180780452,0.011,30.5348047555,114.4211906723,0.010768772939006943
221,DATA13,DATA13,2021-11-18 04:42:31.000000,1321245751.0,30.534804718,114.421190767,12.6317,13.1,25,0.005162363799656123,0.0108,30.5348047555,114.4211906723,0.009993637689026377
222,DATA13,DATA13,2021-11-18 04:42:32.000000,1321245752.0,30.534804693,114.42119075,12.634,13.6,25,0.005162363799656123,0.0108,30.5348047555,114.4211906723,0.010178804807955449
223,DATA13,DATA13,2021-11-18 04:42:33.000000,1321245753.0,30.534804675,114.421190751,12.6306,16.7,25,0.005232590180780452,0.011,30.5348047555,114.4211906723,0.011691179539742143
224,DATA13,DATA13,2021-11-18 04:42:34.000000,1321245754.0,30.534804672,114.421190753,12.6299,21.6,25,0.005232590180780452,0.011,30.5348047555,114.4211906723,0.012069236009449844
225,DATA13,DATA13,2021-11-18 04:42:35.000000,1321245755.0,30.534804678,114.421190743,12.6283,15.3,25,0.005232590180780452,0.011,30.5348047555,114.4211906723,0.010947655336882554
226,DATA13,DATA13,2021-11-18 04:42:36.000000,1321245756.0,30.534804694,114.421190743,12.629,27.3,25,0.005232590180780452,0.011,30.5348047555,114.4211906723,0.009618600723438104
227,DATA13,DATA13,2021-11-18 04:42:37.000000,1321245757.0,30.534804694,114.421190744,12.6329,15.5,25,0.005162363799656123,0.0108,30.5348047555,114.4211906723,0.00968653093684298
228,DATA13,DATA13,2021-11-18 04:42:38.000000,1321245758.0,30.534804688,114.421190766,12.6241,18.4,25,0.005232590180780452,0.011,30.5348047555,114.4211906723,0.011698387580541716
229,DATA13,DATA13,2021-11-18 04:42:39.000000,1321245759.0,30.534804697,114.421190758,12.6229,28.0,25,0.005232590180780452,0.011,30.5348047555,114.4211906723,0.010473677293120192
230,DATA13,DATA13,2021-11-18 04:42:40.000000,1321245760.0,30.534804702,114.421190762,12.6212,21.4,25,0.005232590180780452,0.011,30.5348047555,114.4211906723,0.01045354192513981
231,DATA13,DATA13,2021-11-18 04:42:41.000000,1321245761.0,30.534804697,114.421190746,12.6268,30.0,25,0.005232590180780452,0.011,30.5348047555,114.4211906723,0.009595958999734961
232,DATA13,DATA13,2021-11-18 04:42:42.000000,1321245762.0,30.534804678,114.421190755,12.626,23.9,25,0.005232590180780452,0.011,30.5348047555,114.4211906724,0.011689797099511212
233,DATA13,DATA13,2021-11-18 04:42:43.000000,1321245763.0,30.534804701,114.421190755,12.6305,12.6,25,0.005162363799656123,0.0108,30.5348047555,114.4211906724,0.009966842057296352
234,DATA13,DATA13,2021-11-18 04:42:44.000000,1321245764.0,30.534804716,114.421190744,12.6275,12.8,25,0.005162363799656123,0.0108,30.5348047555,114.4211906723,0.008155966708431002
235,DATA13,DATA13,2021-11-18 04:42:45.000000,1321245765.0,30.534804718,114.421190757,12.63,10.6,25,0.005162363799656123,0.0108,30.5348047555,114.4211906723,0.009129697155885767
236,DATA13,DATA13,2021-11-18 04:42:46.000000,1321245766.0,30.534804702,114.421190748,12.6323,11.6,25,0.005162363799656123,0.0108,30.5348047555,114.4211906724,0.00937081934493308
237,DATA13,DATA13,2021-11-18 04:42:47.000000,1321245767.0,30.534804725,114.421190744,12.6276,11.1,25,0.005162363799656123,0.0108,30.5348047555,114.4211906724,0.0076579971281412525
238,DATA13,DATA13,2021-11-18 04:42:48.000000,1321245768.0,30.534804693,114.421190753,12.6281,27.8,25,0.005232590180780452,0.011,30.5348047555,114.4211906723,0.010391550232316428
239,DATA13,DATA13,2021-11-18 04:42:49.000000,1321245769.0,30.534804684,114.421190756,12.6286,33.4,25,0.005232590180780452,0.011,30.5348047555,114.4211906723,0.011284877748224814
240,DATA13,DATA13,2021-11-18 04:42:50.000000,1321245770.0,30.534804693,114.42119075,12.6256,20.6,25,0.005232590180780452,0.011,30.5348047555,114.4211906724,0.010171777560780193
241,DATA13,DATA13,2021-11-18 04:42:51.000000,1321245771.0,30.534804686,114.421190753,12.6338,24.4,25,0.005232590180780452,0.011,30.5348047555,114.4211906723,0.010924311584716044
242,DATA13,DATA13,2021-11-18 04:42:52.000000,1321245772.0,30.534804688,114.421190763,12.6257,21.3,25,0.0054451813560247924,0.0113,30.5348047555,114.4211906723,0.011478575820590248
243,DATA13,DATA13,2021-11-18 04:42:53.000000,1321245773.0,30.534804704,114.421190771,12.6286,15.6,24,0.0054451813560247924,0.0113,30.5348047555,114.4211906723,0.011059421569453326
244,DATA13,DATA13,2021-11-18 04:42:54.000000,1321245774.0,30.534804685,114.42119077,12.6307,23.2,25,0.0054451813560247924,0.0113,30.5348047555,114.4211906723,0.012206189093239572
245,DATA13,DATA13,2021-11-18 04:42:55.000000,1321245775.0,30.534804699,114.421190757,12.6309,29.9,24,0.005232590180780452,0.011,30.5348047555,114.4211906723,0.010261671334606901
246,DATA13,DATA13,2021-11-18 04:42:56.000000,1321245776.0,30.534804691,114.421190749,12.6244,27.7,24,0.005232590180780452,0.011,30.5348047555,114.4211906723,0.010261964589437966
247,DATA13,DATA13,2021-11-18 04:42:57.000000,1321245777.0,30.534804705,114.421190756,12.6267,18.1,24,0.005232590180780452,0.011,30.5348047555,114.4211906723,0.009790845435068609
248,DATA13,DATA13,2021-11-18 04:42:58.000000,1321245778.0,30.534804702,114.42119077,12.6311,22.9,24,0.005232590180780452,0.011,30.5348047555,114.4211906723,0.011094280561043618
249,DATA13,DATA13,2021-11-18 04:42:59.000000,1321245779.0,30.534804701,114.421190757,12.6283,25.5,24,0.005232590180780452,0.011,30.5348047555,114.4211906723,0.010127854664699343
250,DATA13,DATA13,2021-11-18 04:43:00.000000,1321245780.0,30.534804699,114.421190739,12.6263,23.2,24,0.005232590180780452,0.011,30.5348047555,114.4211906723,0.008955712764415964
251,DATA13,DATA13,2021-11-18 04:43:01.000000,1321245781.0,30.534804688,114.421190761,12.6289,26.6,25,0.005232590180780452,0.011,30.5348047555,114.4211906723,0.011333729240495138
252,DATA13,DATA13,2021-11-18 04:43:02.000000,1321245782.0,30.534804694,114.421190739,12.6274,19.2,24,0.005232590180780452,0.011,30.5348047555,114.4211906723,0.009351795436226067
253,DATA13,DATA13,2021-11-18 04:43:03.000000,1321245783.0,30.53480469,114.421190759,12.6338,26.0,24,0.005232590180780452,0.011,30.5348047555,114.4211906723,0.011043260034578698
254,DATA13,DATA13,2021-11-18 04:43:04.000000,1321245784.0,30.534804684,114.421190754,12.6287,26.6,24,0.005232590180780452,0.011,30.5348047555,114.4211906723,0.01114908156134033
255,DATA13,DATA13,2021-11-18 04:43:05.000000,1321245785.0,30.534804695,114.421190758,12.6278,29.2,24,0.005232590180780452,0.011,30.5348047555,114.4211906723,0.010612399204277756
256,DATA13,DATA13,2021-11-18 04:43:06.000000,1321245786.0,30.534804707,114.421190756,12.6232,23.5,24,0.005232590180780452,0.011,30.5348047555,114.4211906723,0.00966577341776559
257,DATA13,DATA13,2021-11-18 04:43:07.000000,1321245787.0,30.5348047,114.421190758,12.6328,21.1,25,0.005232590180780452,0.011,30.5348047555,114.4211906723,0.010271057636068339
258,DATA13,DATA13,2021-11-18 04:43:08.000000,1321245788.0,30.534804695,114.421190765,12.627,24.3,24,0.005232590180780452,0.011,30.5348047555,114.4211906723,0.011141075291514079
259,DATA13,DATA13,2021-11-18 04:43:09.000000,1321245789.0,30.534804709,114.421190748,12.6282,22.6,25,0.005232590180780452,0.011,30.5348047555,114.4211906723,0.008907769718792861
260,DATA13,DATA13,2021-11-18 04:43:10.000000,1321245790.0,30.534804695,114.421190761,12.6299,24.5,25,0.005232590180780452,0.011,30.5348047555,114.4211906723,0.010837034068752171
261,DATA13,DATA13,2021-11-18 04:43:11.000000,1321245791.0,30.534804694,114.421190772,12.6307,21.7,25,0.005232590180780452,0.011,30.5348047555,114.4211906723,0.01174844666533361
262,DATA13,DATA13,2021-11-18 04:43:12.000000,1321245792.0,30.534804694,114.421190741,12.6322,28.8,25,0.005232590180780452,0.011,30.5348047555,114.4211906723,0.0094841948319918
263,DATA13,DATA13,2021-11-18 04:43:13.000000,1321245793.0,30.534804711,114.42119075,12.6346,20.7,25,0.005162363799656123,0.0108,30.5348047555,114.4211906723,0.008940745408926727
264,DATA13,DATA13,2021-11-18 04:43:14.000000,1321245794.0,30.534804683,114.421190755,12.628,29.9,25,0.005232590180780452,0.011,30.5348047555,114.4211906723,0.011295390157635948
265,DATA13,DATA13,2021-11-18 04:43:15.000000,1321245795.0,30.534804698,114.421190748,12.629,25.1,25,0.005232590180780452,0.011,30.5348047555,114.4211906723,0.009664806917047438
266,DATA13,DATA13,2021-11-18 04:43:16.000000,1321245796.0,30.534804689,114.421190761,12.627,23.8,25,0.005232590180780452,0.011,30.5348047555,114.4211906723,0.011260839849228392
267,DATA13,DATA13,2021-11-18 04:43:17.000000,1321245797.0,30.534804696,114.421190749,12.6283,24.9,25,0.005232590180780452,0.011,30.5348047555,114.4211906723,0.009883720444313342
268,DATA13,DATA13,2021-11-18 04:43:18.000000,1321245798.0,30.534804689,114.421190733,12.6268,26.5,25,0.005232590180780452,0.011,30.5348047555,114.4211906723,0.00939586728119681
269,DATA13,DATA13,2021-11-18 04:43:19.000000,1321245799.0,30.534804715,114.421190749,12.6304,11.8,25,0.005162363799656123,0.0108,30.5348047555,114.4211906723,0.008621850844286141
270,DATA13,DATA13,2021-11-18 04:43:20.000000,1321245800.0,30.534804707,114.421190756,12.6324,19.9,25,0.005162363799656123,0.0108,30.5348047555,114.4211906723,0.00966577319481581
271,DATA13,DATA13,2021-11-18 04:43:21.000000,1321245801.0,30.534804715,114.421190746,12.6304,17.4,25,0.005162363799656123,0.0108,30.5348047555,114.4211906723,0.008377414186543145
272,DATA13,DATA13,2021-11-18 04:43:22.000000,1321245802.0,30.534804708,114.421190738,12.6319,13.5,25,0.005162363799656123,0.0108,30.5348047555,114.4211906723,0.008214728178133086
273,DATA13,DATA13,2021-11-18 04:43:23.000000,1321245803.0,30.534804694,114.42119074,12.6302,13.8,25,0.005162363799656123,0.0108,30.5348047555,114.4211906723,0.009417738962437971
274,DATA13,DATA13,2021-11-18 04:43:24.000000,1321245804.0,30.534804698,114.421190736,12.6279,22.2,25,0.005162363799656123,0.0108,30.5348047555,114.4211906723,0.008831943531532131
275,DATA13,DATA13,2021-11-18 04:43:25.000000,1321245805.0,30.534804703,114.421190743,12.6342,14.5,25,0.005162363799656123,0.0108,30.5348047555,114.4211906723,0.00893910559170789
276,DATA13,DATA13,2021-11-18 04:43:26.000000,1321245806.0,30.534804701,114.421190746,12.6284,13.0,25,0.005162363799656123,0.0108,30.5348047555,114.4211906723,0.009301999936616477
277,DATA13,DATA13,2021-11-18 04:43:27.000000,1321245807.0,30.534804702,114.421190741,12.6302,14.1,25,0.005162363799656123,0.0108,30.5348047555,114.4211906723,0.008868081697842397
278,DATA13,DATA13,2021-11-18 04:43:28.000000,1321245808.0,30.534804724,114.421190743,12.6326,14.6,25,0.005162363799656123,0.0108,30.5348047555,114.4211906723,0.007630693258688233
279,DATA13,DATA13,2021-11-18 04:43:29.000000,1321245809.0,30.534804708,114.421190748,12.6279,12.1,25,0.005162363799656123,0.0108,30.5348047555,114.4211906723,0.00897238295144193
280,DATA13,DATA13,2021-11-18 04:43:30.000000,1321245810.0,30.534804706,114.421190746,12.6298,16.6,25,0.005162363799656123,0.0108,30.5348047555,114.4211906723,0.008951884425261247
281,DATA13,DATA13,2021-11-18 04:43:31.000000,1321245811.0,30.534804712,114.421190742,12.627,16.1,25,0.005162363799656123,0.0108,30.5348047555,114.4211906723,0.008245956244056642
282,DATA13,DATA13,2021-11-18 04:43:32.000000,1321245812.0,30.534804717,114.421190738,12.6282,9.9,25,0.005162363799656123,0.0108,30.5348047555,114.4211906723,0.007613740254585505
283,DATA13,DATA13,2021-11-18 04:43:33.000000,1321245813.0,30.534804711,114.421190752,12.6298,16.1,25,0.005162363799656123,0.0108,30.5348047555,114.4211906723,0.009101428124651648
284,DATA13,DATA13,2021-11-18 04:43:34.000000,1321245814.0,30.534804723,114.42119074,12.6337,10.7,25,0.005162363799656123,0.0108,30.5348047555,114.4211906723,0.007429024098631632
285,DATA13,DATA13,2021-11-18 04:43:35.000000,1321245815.0,30.534804715,114.421190746,12.6244,17.5,25,0.005162363799656123,0.0108,30.5348047555,114.4211906723,0.008377414236843931
286,DATA13,DATA13,2021-11-18 04:43:36.000000,1321245816.0,30.534804704,114.42119074,12.6241,20.2,24,0.005232590180780452,0.011,30.5348047555,114.4211906723,0.008649031622298999
287,DATA13,DATA13,2021-11-18 04:43:37.000000,1321245817.0,30.534804694,114.421190737,12.6253,25.3,25,0.005232590180780452,0.011,30.5348047555,114.4211906723,0.009221490320265521
288,DATA13,DATA13,2021-11-18 04:43:38.000000,1321245818.0,30.534804721,114.421190749,12.6261,13.2,25,0.005162363799656123,0.0108,30.5348047555,114.4211906723,0.008294918172404327
289,DATA13,DATA13,2021-11-18 04:43:39.000000,1321245819.0,30.534804718,114.421190739,12.6298,15.3,25,0.005162363799656123,0.0108,30.5348047555,114.4211906723,0.007632448706400704
290,DATA13,DATA13,2021-11-18 04:43:40.000000,1321245820.0,30.534804716,114.42119075,12.6269,22.9,25,0.005162363799656123,0.0108,30.5348047555,114.4211906723,0.008647252846532918
291,DATA13,DATA13,2021-11-18 04:43:41.000000,1321245821.0,30.534804715,114.421190746,12.6278,14.6,25,0.005162363799656123,0.0108,30.5348047555,114.4211906723,0.008377414197509996
292,DATA13,DATA13,2021-11-18 04:43:42.000000,1321245822.0,30.534804713,114.421190744,12.6284,13.5,25,0.005162363799656123,0.0108,30.5348047555,114.4211906723,0.008339257245781708
293,DATA13,DATA13,2021-11-18 04:43:43.000000,1321245823.0,30.534804702,114.421190747,12.6302,13.0,25,0.005162363799656123,0.0108,30.5348047555,114.4211906723,0.009304112612525107
294,DATA13,DATA13,2021-11-18 04:43:44.000000,1321245824.0,30.534804712,114.421190735,12.6274,12.3,25,0.005162363799656123,0.0108,30.5348047555,114.4211906723,0.007711073550617298
295,DATA13,DATA13,2021-11-18 04:43:45.000000,1321245825.0,30.534804714,114.421190746,12.6263,20.9,25,0.005162363799656123,0.0108,30.5348047555,114.4211906723,0.008437350355728308
296,DATA13,DATA13,2021-11-18 04:43:46.000000,1321245826.0,30.534804717,114.421190764,12.6324,19.9,25,0.005162363799656123,0.0108,30.5348047555,114.4211906723,0.009780441463740614
297,DATA13,DATA13,2021-11-18 04:43:47.000000,1321245827.0,30.534804727,114.42119075,12.6269,12.0,25,0.005162363799656123,0.0108,30.5348047555,114.4211906723,0.008098260426009826
298,DATA13,DATA13,2021-11-18 04:43:48.000000,1321245828.0,30.534804724,114.421190742,12.6304,13.3,25,0.005162363799656123,0.0108,30.5348047555,114.4211906723,0.007545495445271575
299,DATA13,DATA13,2021-11-18 04:43:49.000000,1321245829.0,30.534804728,114.421190743,12.6241,24.1,25,0.005162363799656123,0.0108,30.5348047555,114.4211906723,0.007438210137861066
300,DATA13,DATA13,2021-11-18 04:43:50.000000,1321245830.0,30.534804735,114.421190743,12.6303,9.9,25,0.005162363799656123,0.0108,30.5348047555,114.4211906723,0.007155237172058932
301,DATA13,DATA13,2021-11-18 04:43:51.000000,1321245831.0,30.534804719,114.421190751,12.6296,16.2,25,0.005162363799656123,0.0108,30.5348047555,114.4211906723,0.008568144761416256
302,DATA13,DATA13,2021-11-18 04:43:52.000000,1321245832.0,30.534804725,114.421190743,12.6271,19.7,25,0.005162363799656123,0.0108,30.5348047555,114.4211906723,0.007580599132521255
303,DATA13,DATA13,2021-11-18 04:43:53.000000,1321245833.0,30.534804734,114.421190734,12.6289,7.4,25,0.005162363799656123,0.0108,30.5348047555,114.4211906723,0.0063827788929813984
304,DATA13,DATA13,2021-11-18 04:43:54.000000,1321245834.0,30.534804723,114.421190752,12.6264,17.1,25,0.005162363799656123,0.0108,30.5348047555,114.4211906723,0.008454569069342475
305,DATA13,DATA13,2021-11-18 04:43:55.000000,1321245835.0,30.534804734,114.421190748,12.6251,22.2,25,0.005162363799656123,0.0108,30.5348047556,114.4211906723,0.007649038171564223
306,DATA13,DATA13,2021-11-18 04:43:56.000000,1321245836.0,30.53480472,114.421190749,12.6287,12.6,25,0.005162363799656123,0.0108,30.5348047556,114.4211906723,0.008351849057395899
307,DATA13,DATA13,2021-11-18 04:43:57.000000,1321245837.0,30.534804734,114.421190728,12.628,15.0,25,0.005162363799656123,0.0108,30.5348047556,114.4211906723,0.005857117983167501
308,DATA13,DATA13,2021-11-18 04:43:58.000000,1321245838.0,30.534804724,114.421190746,12.6297,15.6,25,0.005162363799656123,0.0108,30.5348047556,114.4211906723,0.007892686025291008
309,DATA13,DATA13,2021-11-18 04:43:59.000000,1321245839.0,30.534804739,114.421190742,12.6296,23.9,25,0.005162363799656123,0.0108,30.5348047555,114.4211906723,0.006934368866542258
310,DATA13,DATA13,2021-11-18 04:44:00.000000,1321245840.0,30.534804713,114.42119075,12.6273,13.9,25,0.005162363799656123,0.0108,30.5348047555,114.4211906723,0.008820340399183193
311,DATA13,DATA13,2021-11-18 04:44:01.000000,1321245841.0,30.53480472,114.421190736,12.6263,22.1,25,0.005162363799656123,0.0108,30.5348047555,114.4211906723,0.007270297497990895
312,DATA13,DATA13,2021-11-18 04:44:02.000000,1321245842.0,30.534804717,114.421190739,12.6302,18.9,25,0.005162363799656123,0.0108,30.5348047555,114.4211906723,0.007693395666726217
313,DATA13,DATA13,2021-11-18 04:44:03.000000,1321245843.0,30.534804734,114.421190734,12.6292,14.9,25,0.005162363799656123,0.0108,30.5348047555,114.4211906723,0.00638277894236239
314,DATA13,DATA13,2021-11-18 04:44:04.000000,1321245844.0,30.534804726,114.421190761,12.6223,26.4,25,0.005162363799656123,0.0108,30.5348047556,114.4211906723,0.009122715417702163
315,DATA13,DATA13,2021-11-18 04:44:05.000000,1321245845.0,30.53480473,114.421190744,12.63,14.3,25,0.005162363799656123,0.0108,30.5348047555,114.4211906723,0.007438790039545644
316,DATA13,DATA13,2021-11-18 04:44:06.000000,1321245846.0,30.534804718,114.421190739,12.6254,15.9,25,0.005162363799656123,0.0108,30.5348047556,114.4211906723,0.007638493107548797
317,DATA13,DATA13,2021-11-18 04:44:07.000000,1321245847.0,30.534804707,114.421190745,12.6294,14.9,25,0.005162363799656123,0.0108,30.5348047556,114.4211906723,0.008814924694889452
318,DATA13,DATA13,2021-11-18 04:44:08.000000,1321245848.0,30.534804717,114.421190745,12.6261,13.8,25,0.005162363799656123,0.0108,30.5348047556,114.4211906723,0.008184481479284007
319,DATA13,DATA13,2021-11-18 04:44:09.000000,1321245849.0,30.534804717,114.421190733,12.6248,18.0,25,0.005162363799656123,0.0108,30.5348047556,114.4211906723,0.007227969069932122
320,DATA13,DATA13,2021-11-18 04:44:10.000000,1321245850.0,30.534804723,114.421190749,12.6278,9.0,25,0.005162363799656123,0.0108,30.5348047556,114.4211906723,0.008199925729580204
321,DATA13,DATA13,2021-11-18 04:44:11.000000,1321245851.0,30.534804713,114.421190746,12.6282,16.2,25,0.005162363799656123,0.0108,30.5348047556,114.4211906723,0.008504460708394924
322,DATA13,DATA13,2021-11-18 04:44:12.000000,1321245852.0,30.534804708,114.421190731,12.6351,12.7,25,0.005162363799656123,0.0108,30.5348047556,114.4211906723,0.007718755569358537
323,DATA13,DATA13,2021-11-18 04:44:13.000000,1321245853.0,30.534804724,114.42119075,12.6324,16.4,25,0.005162363799656123,0.0108,30.5348047556,114.4211906723,0.008238424051748778
324,DATA13,DATA13,2021-11-18 04:44:14.000000,1321245854.0,30.534804725,114.421190743,12.6301,15.0,25,0.005162363799656123,0.0108,30.5348047556,114.4211906723,0.007585551049383719
325,DATA13,DATA13,2021-11-18 04:44:15.000000,1321245855.0,30.534804709,114.421190742,12.6292,18.7,25,0.005162363799656123,0.0108,30.5348047556,114.4211906723,0.00845154475971362
326,DATA13,DATA13,2021-11-18 04:44:16.000000,1321245856.0,30.534804715,114.421190744,12.6318,14.0,25,0.005162363799656123,0.0108,30.5348047556,114.4211906723,0.008222086182796889
327,DATA13,DATA13,2021-11-18 04:44:17.000000,1321245857.0,30.534804707,114.421190756,12.6281,28.1,25,0.005162363799656123,0.0108,30.5348047556,114.4211906723,0.009671944774629394
328,DATA13,DATA13,2021-11-18 04:44:18.000000,1321245858.0,30.534804741,114.421190762,12.6282,9.7,25,0.005162363799656123,0.0108,30.5348047556,114.4211906723,0.008758902838246044
329,DATA13,DATA13,2021-11-18 04:44:19.000000,1321245859.0,30.534804722,114.421190743,12.6278,16.8,25,0.005162363799656123,0.0108,30.5348047556,114.4211906723,0.007740006466412592
330,DATA13,DATA13,2021-11-18 04:44:20.000000,1321245860.0,30.534804718,114.421190741,12.6311,22.3,25,0.005162363799656123,0.0108,30.5348047556,114.4211906723,0.00780002962942735
331,DATA13,DATA13,2021-11-18 04:44:21.000000,1321245861.0,30.534804698,114.421190763,12.6272,32.9,25,0.005162363799656123,0.0108,30.5348047556,114.4211906723,0.010795196711867336
332,DATA13,DATA13,2021-11-18 04:44:22.000000,1321245862.0,30.534804709,114.421190752,12.626,22.0,25,0.005162363799656123,0.0108,30.5348047556,114.4211906723,0.009229694658262006
333,DATA13,DATA13,2021-11-18 04:44:23.000000,1321245863.0,30.534804714,114.421190763,12.6295,21.7,25,0.005162363799656123,0.0108,30.5348047556,114.4211906723,0.009850333905149665
334,DATA13,DATA13,2021-11-18 04:44:24.000000,1321245864.0,30.534804714,114.421190744,12.6261,17.1,25,0.005162363799656123,0.0108,30.5348047556,114.4211906723,0.008283294167778642
335,DATA13,DATA13,2021-11-18 04:44:25.000000,1321245865.0,30.534804732,114.421190748,12.6258,16.0,25,0.005162363799656123,0.0108,30.5348047556,114.4211906723,0.007721323131181487
336,DATA13,DATA13,2021-11-18 04:44:26.000000,1321245866.0,30.534804734,114.421190746,12.6287,12.9,25,0.005162363799656123,0.0108,30.5348047556,114.4211906723,0.007466996807291608
337,DATA13,DATA13,2021-11-18 04:44:27.000000,1321245867.0,30.534804723,114.421190753,12.6304,15.7,25,0.005162363799656123,0.0108,30.5348047556,114.4211906723,0.008546164036222855
338,DATA13,DATA13,2021-11-18 04:44:28.000000,1321245868.0,30.534804723,114.421190738,12.6271,17.2,25,0.005162363799656123,0.0108,30.5348047556,114.4211906723,0.007267281794611624
339,DATA13,DATA13,2021-11-18 04:44:29.000000,1321245869.0,30.534804721,114.421190743,12.6288,19.1,25,0.005162363799656123,0.0108,30.5348047556,114.4211906723,0.0077939654027218775
340,DATA13,DATA13,2021-11-18 04:44:30.000000,1321245870.0,30.534804727,114.421190755,12.6318,15.9,25,0.005162363799656123,0.0108,30.5348047556,114.4211906723,0.008546217714501318
341,DATA13,DATA13,2021-11-18 04:44:31.000000,1321245871.0,30.534804723,114.421190748,12.6254,17.9,25,0.005162363799656123,0.0108,30.5348047556,114.4211906723,0.00811389421506389
342,DATA13,DATA13,2021-11-18 04:44:32.000000,1321245872.0,30.534804715,114.421190742,12.6289,12.3,25,0.005162363799656123,0.0108,30.5348047556,114.4211906723,0.008062153147002751
343,DATA13,DATA13,2021-11-18 04:44:33.000000,1321245873.0,30.534804728,114.421190743,12.6263,18.3,25,0.005162363799656123,0.0108,30.5348047556,114.4211906723,0.007442761311725955
344,DATA13,DATA13,2021-11-18 04:44:34.000000,1321245874.0,30.534804722,114.421190743,12.6311,10.5,25,0.005162363799656123,0.0108,30.5348047556,114.4211906723,0.007740006380445913
345,DATA13,DATA13,2021-11-18 04:44:35.000000,1321245875.0,30.534804721,114.421190743,12.6248,23.4,25,0.005162363799656123,0.0108,30.5348047556,114.4211906723,0.0077939657864151005
346,DATA13,DATA13,2021-11-18 04:44:36.000000,1321245876.0,30.534804703,114.421190751,12.6277,19.7,25,0.005162363799656123,0.0108,30.5348047556,114.4211906723,0.009541682396948472
347,DATA13,DATA13,2021-11-18 04:44:37.000000,1321245877.0,30.53480471,114.421190742,12.6335,13.6,25,0.005162363799656123,0.0108,30.5348047556,114.4211906723,0.00838423734717009
348,DATA13,DATA13,2021-11-18 04:44:38.000000,1321245878.0,30.534804715,114.421190751,12.6277,14.3,25,0.005162363799656123,0.0108,30.5348047556,114.4211906723,0.008791939740805475
349,DATA13,DATA13,2021-11-18 04:44:39.000000,1321245879.0,30.534804707,114.421190748,12.6307,14.7,25,0.005162363799656123,0.0108,30.5348047556,114.4211906723,0.00904449364732976
350,DATA13,DATA13,2021-11-18 04:44:40.000000,1321245880.0,30.534804714,114.421190737,12.6297,12.8,25,0.005162363799656123,0.0108,30.5348047556,114.4211906723,0.007734336718771644
351,DATA13,DATA13,2021-11-18 04:44:41.000000,1321245881.0,30.534804714,114.421190749,12.6329,18.2,25,0.005162363799656123,0.0108,30.5348047556,114.4211906723,0.008685980507738647
352,DATA13,DATA13,2021-11-18 04:44:42.000000,1321245882.0,30.534804703,114.421190745,12.631,18.1,25,0.005162363799656123,0.0108,30.5348047556,114.4211906723,0.00909274562991943
353,DATA13,DATA13,2021-11-18 04:44:43.000000,1321245883.0,30.534804703,114.421190734,12.6295,19.0,25,0.005162363799656123,0.0108,30.5348047556,114.4211906723,0.00831041775432478
354,DATA13,DATA13,2021-11-18 04:44:44.000000,1321245884.0,30.534804704,114.421190747,12.6311,15.9,25,0.005162363799656123,0.0108,30.5348047556,114.4211906723,0.009171273893524972
355,DATA13,DATA13,2021-11-18 04:44:45.000000,1321245885.0,30.534804714,114.421190739,12.6305,13.4,25,0.005162363799656123,0.0108,30.5348047556,114.4211906723,0.007889243083994886
356,DATA13,DATA13,2021-11-18 04:44:46.000000,1321245886.0,30.534804721,114.421190738,12.6316,19.9,25,0.005162363799656123,0.0108,30.5348047556,114.4211906723,0.007380054027081815
357,DATA13,DATA13,2021-11-18 04:44:47.000000,1321245887.0,30.534804716,114.42119075,12.6329,12.5,25,0.005162363799656123,0.0108,30.5348047556,114.4211906723,0.008652872800625107
358,DATA13,DATA13,2021-11-18 04:44:48.000000,1321245888.0,30.534804701,114.421190748,12.6323,20.7,25,0.005162363799656123,0.0108,30.5348047556,114.4211906723,0.00945584704334938
359,DATA13,DATA13,2021-11-18 04:44:49.000000,1321245889.0,30.534804702,114.421190757,12.6334,13.9,25,0.005162363799656123,0.0108,30.5348047556,114.4211906723,0.010068650413377627
360,DATA13,DATA13,2021-11-18 04:44:50.000000,1321245890.0,30.534804721,114.421190751,12.6349,14.8,25,0.005162363799656123,0.0108,30.5348047556,114.4211906723,0.008470703147478885
361,DATA13,DATA13,2021-11-18 04:44:51.000000,1321245891.0,30.534804714,114.42119074,12.6309,12.0,25,0.005162363799656123,0.0108,30.5348047557,114.4211906723,0.007973722784835713
362,DATA13,DATA13,2021-11-18 04:44:52.000000,1321245892.0,30.534804717,114.421190758,12.6251,19.5,25,0.005162363799656123,0.0108,30.5348047557,114.4211906723,0.009276014520285685
363,DATA13,DATA13,2021-11-18 04:44:53.000000,1321245893.0,30.534804709,114.421190741,12.6286,22.9,25,0.005162363799656123,0.0108,30.5348047557,114.4211906723,0.008382644597643481
364,DATA13,DATA13,2021-11-18 04:44:54.000000,1321245894.0,30.534804695,114.421190745,12.632,21.4,25,0.005162363799656123,0.0108,30.5348047557,114.4211906723,0.009693153244638346
365,DATA13,DATA13,2021-11-18 04:44:55.000000,1321245895.0,30.534804706,114.421190755,12.6285,19.3,25,0.005162363799656123,0.0108,30.5348047557,114.4211906722,0.00966930532697991
366,DATA13,DATA13,2021-11-18 04:44:56.000000,1321245896.0,30.534804709,114.42119075,12.632,12.5,25,0.005162363799656123,0.0108,30.5348047557,114.4211906722,0.009085486499906799
367,DATA13,DATA13,2021-11-18 04:44:57.000000,1321245897.0,30.534804699,114.421190738,12.6342,23.8,25,0.005162363799656123,0.0108,30.5348047557,114.4211906722,0.008909817878374868
368,DATA13,DATA13,2021-11-18 04:44:58.000000,1321245898.0,30.534804696,114.421190732,12.6328,19.9,25,0.005162363799656123,0.0108,30.5348047557,114.4211906722,0.008759938473730586
369,DATA13,DATA13,2021-11-18 04:44:59.000000,1321245899.0,30.534804695,114.421190746,12.6296,26.5,25,0.005162363799656123,0.0108,30.5348047557,114.4211906722,0.009769405665627302
370,DATA13,DATA13,2021-11-18 04:45:00.000000,1321245900.0,30.534804701,114.421190752,12.6302,24.9,25,0.005162363799656123,0.0108,30.5348047557,114.4211906722,0.009768251008515354
371,DATA13,DATA13,2021-11-18 04:45:01.000000,1321245901.0,30.534804708,114.421190748,12.6324,28.3,25,0.005162363799656123,0.0108,30.5348047557,114.4211906722,0.008993174724122189
372,DATA13,DATA13,2021-11-18 04:45:02.000000,1321245902.0,30.534804702,114.421190748,12.6303,23.1,25,0.005162363799656123,0.0108,30.5348047557,114.4211906723,0.009392288531163267
373,DATA13,DATA13,2021-11-18 04:45:03.000000,1321245903.0,30.534804703,114.421190739,12.6338,24.0,25,0.005162363799656123,0.0108,30.5348047557,114.4211906723,0.008666301996054409
374,DATA13,DATA13,2021-11-18 04:45:04.000000,1321245904.0,30.534804719,114.421190766,12.6303,20.7,25,0.005162363799656123,0.0108,30.5348047557,114.4211906723,0.009869559334039452
375,DATA13,DATA13,2021-11-18 04:45:05.000000,1321245905.0,30.534804701,114.421190735,12.6286,14.9,25,0.005162363799656123,0.0108,30.5348047557,114.4211906722,0.00854948085282319
376,DATA13,DATA13,2021-11-18 04:45:06.000000,1321245906.0,30.534804703,114.421190742,12.631,19.7,25,0.005162363799656123,0.0108,30.5348047557,114.4211906722,0.008888289799068035
377,DATA13,DATA13,2021-11-18 04:45:07.000000,1321245907.0,30.534804712,114.421190763,12.6263,20.4,25,0.005162363799656123,0.0108,30.5348047557,114.4211906722,0.009969843798464079
378,DATA13,DATA13,2021-11-18 04:45:08.000000,1321245908.0,30.53480471,114.421190759,12.6278,21.3,25,0.005162363799656123,0.0108,30.5348047557,114.4211906722,0.009749514821250884
379,DATA13,DATA13,2021-11-18 04:45:09.000000,1321245909.0,30.534804715,114.421190757,12.6289,18.8,25,0.005162363799656123,0.0108,30.5348047557,114.4211906722,0.009304999404918394
380,DATA13,DATA13,2021-11-18 04:45:10.000000,1321245910.0,30.534804695,114.421190756,12.6285,30.2,25,0.005162363799656123,0.0108,30.5348047557,114.4211906722,0.010485947634644256
381,DATA13,DATA13,2021-11-18 04:45:11.000000,1321245911.0,30.534804702,114.421190751,12.6324,20.4,25,0.005162363799656123,0.0108,30.5348047557,114.4211906722,0.009624232838514966
382,DATA13,DATA13,2021-11-18 04:45:12.000000,1321245912.0,30.534804701,114.421190757,12.6303,24.6,25,0.005162363799656123,0.0108,30.5348047557,114.4211906722,0.010148791376519846
383,DATA13,DATA13,2021-11-18 04:45:13.000000,1321245913.0,30.534804713,114.421190756,12.6256,20.9,25,0.005162363799656123,0.0108,30.5348047557,114.4211906722,0.009331684894279421
384,DATA13,DATA13,2021-11-18 04:45:14.000000,1321245914.0,30.534804711,114.42119076,12.6283,17.2,25,0.005162363799656123,0.0108,30.5348047557,114.4211906722,0.009774965543434499
385,DATA13,DATA13,2021-11-18 04:45:15.000000,1321245915.0,30.534804708,114.421190769,12.6248,25.2,25,0.005162363799656123,0.0108,30.5348047557,114.4211906722,0.010689111436195536
386,DATA13,DATA13,2021-11-18 04:45:16.000000,1321245916.0,30.534804713,114.421190755,12.6251,15.8,25,0.005162363799656123,0.0108,30.5348047557,114.4211906722,0.009249112238711703
387,DATA13,DATA13,2021-11-18 04:45:17.000000,1321245917.0,30.534804713,114.421190756,12.6277,18.0,25,0.005162363799656123,0.0108,30.5348047557,114.4211906722,0.009331684809527332
388,DATA13,DATA13,2021-11-18 04:45:18.000000,1321245918.0,30.534804708,114.421190743,12.6283,14.3,25,0.005162363799656123,0.0108,30.5348047557,114.4211906722,0.008609690662635243
389,DATA13,DATA13,2021-11-18 04:45:19.000000,1321245919.0,30.534804717,114.42119075,12.626,14.6,25,0.005162363799656123,0.0108,30.5348047557,114.4211906722,0.008610999448076419
390,DATA13,DATA13,2021-11-18 04:45:20.000000,1321245920.0,30.534804713,114.421190749,12.6216,19.1,25,0.005162363799656123,0.0108,30.5348047557,114.4211906722,0.008759412026174944
391,DATA13,DATA13,2021-11-18 04:45:21.000000,1321245921.0,30.534804707,114.42119075,12.6279,17.7,25,0.005162363799656123,0.0108,30.5348047557,114.4211906722,0.00921363395474974
392,DATA13,DATA13,2021-11-18 04:45:22.000000,1321245922.0,30.534804725,114.42119076,12.6249,20.3,25,0.005162363799656123,0.0108,30.5348047557,114.4211906722,0.009087149554035185
393,DATA13,DATA13,2021-11-18 04:45:23.000000,1321245923.0,30.534804718,114.421190771,12.6267,19.4,25,0.005162363799656123,0.0108,30.5348047557,114.4211906722,0.01036165060937005
394,DATA13,DATA13,2021-11-18 04:45:24.000000,1321245924.0,30.534804703,114.421190767,12.629,27.0,25,0.005162363799656123,0.0108,30.5348047557,114.4211906722,0.01081193016172478
395,DATA13,DATA13,2021-11-18 04:45:25.000000,1321245925.0,30.534804722,114.421190775,12.6247,14.6,25,0.005162363799656123,0.0108,30.5348047557,114.4211906722,0.010548935971929458
396,DATA13,DATA13,2021-11-18 04:45:26.000000,1321245926.0,30.534804718,114.42119077,12.6283,22.4,25,0.005162363799656123,0.0108,30.5348047557,114.4211906722,0.01027391106775499
397,DATA13,DATA13,2021-11-18 04:45:27.000000,1321245927.0,30.534804704,114.421190765,12.6282,16.0,25,0.005162363799656123,0.0108,30.5348047557,114.4211906722,0.010590534392450583
398,DATA13,DATA13,2021-11-18 04:45:28.000000,1321245928.0,30.534804717,114.421190767,12.6274,26.9,25,0.005162363799656123,0.0108,30.5348047557,114.4211906722,0.010058386672903258
399,DATA13,DATA13,2021-11-18 04:45:29.000000,1321245929.0,30.534804714,114.421190761,12.6253,13.0,25,0.005162363799656123,0.0108,30.5348047557,114.4211906722,0.009694877035256436
400,DATA13,DATA13,2021-11-18 04:45:30.000000,1321245930.0,30.534804714,114.421190757,12.6282,17.0,25,0.005162363799656123,0.0108,30.5348047557,114.4211906722,0.009359259534919487
401,DATA13,DATA13,2021-11-18 04:45:31.000000,1321245931.0,30.534804715,114.421190766,12.6268,15.2,25,0.005162363799656123,0.0108,30.5348047557,114.4211906722,0.010069059930360289
402,DATA13,DATA13,2021-11-18 04:45:32.000000,1321245932.0,30.534804708,114.421190766,12.6277,18.2,25,0.005162363799656123,0.0108,30.5348047557,114.4211906722,0.010439886551857526
403,DATA13,DATA13,2021-11-18 04:45:33.000000,1321245933.0,30.534804709,114.421190778,12.6315,24.7,25,0.005162363799656123,0.0108,30.5348047557,114.4211906722,0.011396888291732557
404,DATA13,DATA13,2021-11-18 04:45:34.000000,1321245934.0,30.534804717,114.421190773,12.6291,15.6,25,0.005162363799656123,0.0108,30.5348047557,114.4211906722,0.010582019753241053
405,DATA13,DATA13,2021-11-18 04:45:35.000000,1321245935.0,30.534804718,114.421190777,12.6249,19.1,25,0.005162363799656123,0.0108,30.5348047557,114.4211906722,0.010890999559240758
406,DATA13,DATA13,2021-11-18 04:45:36.000000,1321245936.0,30.534804695,114.421190763,12.633,12.9,25,0.005162363799656123,0.0108,30.5348047557,114.4211906722,0.011009571007995404
407,DATA13,DATA13,2021-11-18 04:45:37.000000,1321245937.0,30.534804731,114.421190773,12.6277,13.9,25,0.005162363799656123,0.0108,30.5348047557,114.4211906722,0.010053370172145054
408,DATA13,DATA13,2021-11-18 04:45:38.000000,1321245938.0,30.534804715,114.421190776,12.6241,17.6,25,0.005162363799656123,0.0108,30.5348047557,114.4211906722,0.010935423788672316
409,DATA13,DATA13,2021-11-18 04:45:39.000000,1321245939.0,30.534804703,114.421190771,12.6259,26.8,25,0.005162363799656123,0.0108,30.5348047557,114.4211906722,0.01113685234955143
410,DATA13,DATA13,2021-11-18 04:45:40.000000,1321245940.0,30.534804705,114.421190767,12.6258,16.0,25,0.005162363799656123,0.0108,30.5348047557,114.4211906722,0.01069374602287905
411,DATA13,DATA13,2021-11-18 04:45:41.000000,1321245941.0,30.534804714,114.421190774,12.6241,18.5,25,0.005162363799656123,0.0108,30.5348047557,114.4211906722,0.010807837555321317
412,DATA13,DATA13,2021-11-18 04:45:42.000000,1321245942.0,30.534804731,114.421190793,12.6193,12.7,25,0.005162363799656123,0.0108,30.5348047557,114.4211906722,0.011911578171512121
413,DATA13,DATA13,2021-11-18 04:45:43.000000,1321245943.0,30.534804687,114.421190761,12.6321,12.9,25,0.005162363799656123,0.0108,30.5348047558,114.4211906722,0.011436547628626633
414,DATA13,DATA13,2021-11-18 04:45:44.000000,1321245944.0,30.534804715,114.421190781,12.6243,20.4,25,0.005162363799656123,0.0108,30.5348047558,114.4211906722,0.011378625126897905
415,DATA13,DATA13,2021-11-18 04:45:45.000000,1321245945.0,30.534804718,114.42119078,12.6257,15.3,25,0.005162363799656123,0.0108,30.5348047558,114.4211906722,0.011161556020979345
416,DATA13,DATA13,2021-11-18 04:45:46.000000,1321245946.0,30.534804722,114.421190783,12.6236,18.6,25,0.005162363799656123,0.0108,30.5348047558,114.4211906722,0.011273854871256095
417,DATA13,DATA13,2021-11-18 04:45:47.000000,1321245947.0,30.534804725,114.421190776,12.624,13.4,25,0.005162363799656123,0.0108,30.5348047558,114.4211906722,0.010530137358084463
418,DATA13,DATA13,2021-11-18 04:45:48.000000,1321245948.0,30.53480471,114.421190787,12.6232,25.5,25,0.005162363799656123,0.0108,30.5348047558,114.4211906722,0.012130538686062042
419,DATA13,DATA13,2021-11-18 04:45:49.000000,1321245949.0,30.534804717,114.421190783,12.6243,16.1,25,0.005162363799656123,0.0108,30.5348047558,114.4211906722,0.011470012571007639
420,DATA13,DATA13,2021-11-18 04:45:50.000000,1321245950.0,30.534804721,114.421190786,12.6255,16.4,25,0.005162363799656123,0.0108,30.5348047558,114.4211906722,0.011582233470312273
421,DATA13,DATA13,2021-11-18 04:45:51.000000,1321245951.0,30.534804709,114.42119078,12.6317,25.0,25,0.005162363799656123,0.0108,30.5348047558,114.4211906722,0.01157316718486964
422,DATA13,DATA13,2021-11-18 04:45:52.000000,1321245952.0,30.534804703,114.421190784,12.6285,22.9,25,0.005162363799656123,0.0108,30.5348047558,114.4211906722,0.012221795775558637
423,DATA13,DATA13,2021-11-18 04:45:53.000000,1321245953.0,30.534804711,114.421190765,12.6289,14.4,25,0.005162363799656123,0.0108,30.5348047558,114.4211906722,0.010196858018446867
424,DATA13,DATA13,2021-11-18 04:45:54.000000,1321245954.0,30.534804713,114.421190775,12.6311,12.2,25,0.005162363799656123,0.0108,30.5348047558,114.4211906722,0.010946961191704511
425,DATA13,DATA13,2021-11-18 04:45:55.000000,1321245955.0,30.534804711,114.421190775,12.6302,19.5,25,0.005162363799656123,0.0108,30.5348047558,114.4211906722,0.011044873124348709
426,DATA13,DATA13,2021-11-18 04:45:56.000000,1321245956.0,30.534804713,114.421190758,12.626,24.8,25,0.005162363799656123,0.0108,30.5348047558,114.4211906722,0.00950311575041265
427,DATA13,DATA13,2021-11-18 04:45:57.000000,1321245957.0,30.534804719,114.421190763,12.6263,19.2,25,0.005162363799656123,0.0108,30.5348047558,114.4211906722,0.009621388773550503
428,DATA13,DATA13,2021-11-18 04:45:58.000000,1321245958.0,30.534804698,114.42119077,12.6309,20.2,25,0.005162363799656123,0.0108,30.5348047558,114.4211906722,0.011364204775600599
429,DATA13,DATA13,2021-11-18 04:45:59.000000,1321245959.0,30.534804709,114.42119078,12.6253,16.6,25,0.005162363799656123,0.0108,30.5348047558,114.4211906722,0.011573166832326032
430,DATA13,DATA13,2021-11-18 04:46:00.000000,1321245960.0,30.534804711,114.42119077,12.6243,20.8,25,0.005162363799656123,0.0108,30.5348047558,114.4211906722,0.010618489330025791
431,DATA13,DATA13,2021-11-18 04:46:01.000000,1321245961.0,30.534804694,114.421190774,12.6311,17.9,25,0.005162363799656123,0.0108,30.5348047558,114.4211906722,0.01193220531345489
432,DATA13,DATA13,2021-11-18 04:46:02.000000,1321245962.0,30.534804733,114.42119078,12.6219,14.9,25,0.005162363799656123,0.0108,30.5348047558,114.4211906722,0.01064933982283556
433,DATA13,DATA13,2021-11-18 04:46:03.000000,1321245963.0,30.53480471,114.421190781,12.6254,15.2,25,0.005162363799656123,0.0108,30.5348047558,114.4211906722,0.011610116922790745
434,DATA13,DATA13,2021-11-18 04:46:04.000000,1321245964.0,30.534804709,114.421190776,12.6256,15.4,25,0.005162363799656123,0.0108,30.5348047558,114.4211906722,0.011231360266498878
435,DATA13,DATA13,2021-11-18 04:46:05.000000,1321245965.0,30.534804708,114.421190765,12.6247,19.2,25,0.005162363799656123,0.0108,30.5348047558,114.4211906722,0.01036292260244136
436,DATA13,DATA13,2021-11-18 04:46:06.000000,1321245966.0,30.534804724,114.421190778,12.6255,15.1,25,0.005162363799656123,0.0108,30.5348047558,114.4211906722,0.010747728917200494
437,DATA13,DATA13,2021-11-18 04:46:07.000000,1321245967.0,30.534804717,114.421190754,12.6266,13.5,25,0.005162363799656123,0.0108,30.5348047558,114.4211906722,0.008951186790930018
438,DATA13,DATA13,2021-11-18 04:46:08.000000,1321245968.0,30.534804726,114.421190779,12.6195,14.3,25,0.005162363799656123,0.0108,30.5348047558,114.4211906722,0.01076835241451509
439,DATA13,DATA13,2021-11-18 04:46:09.000000,1321245969.0,30.534804729,114.421190805,12.6182,12.4,25,0.005162363799656123,0.0108,30.5348047558,114.4211906722,0.013085890884942024
440,DATA13,DATA13,2021-11-18 04:46:10.000000,1321245970.0,30.534804706,114.421190769,12.6217,16.5,25,0.005162363799656123,0.0108,30.5348047558,114.4211906722,0.010806181489513103
441,DATA13,DATA13,2021-11-18 04:46:11.000000,1321245971.0,30.534804718,114.42119076,12.627,13.7,25,0.005162363799656123,0.0108,30.5348047558,114.4211906722,0.009410296435033192
442,DATA13,DATA13,2021-11-18 04:46:12.000000,1321245972.0,30.534804714,114.421190759,12.6191,16.8,25,0.005162363799656123,0.0108,30.5348047558,114.4211906722,0.009531997716134978
443,DATA13,DATA13,2021-11-18 04:46:13.000000,1321245973.0,30.534804711,114.421190768,12.6203,20.9,25,0.005162363799656123,0.0108,30.5348047558,114.4211906722,0.010449235413366752
444,DATA13,DATA13,2021-11-18 04:46:14.000000,1321245974.0,30.534804717,114.42119078,12.6204,10.1,25,0.005162363799656123,0.0108,30.5348047558,114.4211906722,0.011203650195922258
445,DATA13,DATA13,2021-11-18 04:46:15.000000,1321245975.0,30.534804699,114.421190762,12.6276,18.8,25,0.005162363799656123,0.0108,30.5348047558,114.4211906722,0.010673116688267882
446,DATA13,DATA13,2021-11-18 04:46:16.000000,1321245976.0,30.534804713,114.421190775,12.6225,14.2,25,0.005162363799656123,0.0108,30.5348047558,114.4211906722,0.010946960980548683
447,DATA13,DATA13,2021-11-18 04:46:17.000000,1321245977.0,30.534804708,114.421190747,12.6245,19.5,25,0.005162363799656123,0.0108,30.5348047558,114.4211906722,0.008922311151768067
448,DATA13,DATA13,2021-11-18 04:46:18.000000,1321245978.0,30.534804716,114.421190762,12.6224,13.1,25,0.005162363799656123,0.0108,30.5348047558,114.4211906722,0.009681541497880971
449,DATA13,DATA13,2021-11-18 04:46:19.000000,1321245979.0,30.534804713,114.421190763,12.6227,12.3,25,0.005162363799656123,0.0108,30.5348047558,114.4211906722,0.009921742789053771
450,DATA13,DATA13,2021-11-18 04:46:20.000000,1321245980.0,30.534804704,114.421190773,12.6177,18.2,25,0.005162363799656123,0.0108,30.5348047558,114.4211906722,0.01124944140023112
451,DATA13,DATA13,2021-11-18 04:46:21.000000,1321245981.0,30.534804694,114.421190739,12.6289,14.9,25,0.005162363799656123,0.0108,30.5348047558,114.4211906722,0.009382624511372908
452,DATA13,DATA13,2021-11-18 04:46:22.000000,1321245982.0,30.534804708,114.421190763,12.6272,23.6,25,0.005162363799656123,0.0108,30.5348047558,114.4211906722,0.01019845606480796
453,DATA13,DATA13,2021-11-18 04:46:23.000000,1321245983.0,30.534804722,114.421190774,12.6234,19.1,25,0.005162363799656123,0.0108,30.5348047558,114.4211906722,0.010463211277313434
454,DATA13,DATA13,2021-11-18 04:46:24.000000,1321245984.0,30.534804697,114.42119076,12.6251,20.6,25,0.005162363799656123,0.0108,30.5348047558,114.4211906722,0.010652973265355392
455,DATA13,DATA13,2021-11-18 04:46:25.000000,1321245985.0,30.53480472,114.421190763,12.623,11.3,25,0.005162363799656123,0.0108,30.5348047558,114.4211906722,0.009574907474910983
456,DATA13,DATA13,2021-11-18 04:46:26.000000,1321245986.0,30.534804711,114.421190752,12.6243,16.6,25,0.005162363799656123,0.0108,30.5348047558,114.4211906722,0.0091275491463751
457,DATA13,DATA13,2021-11-18 04:46:27.000000,1321245987.0,30.534804703,114.421190753,12.6232,19.4,25,0.005162363799656123,0.0108,30.5348047558,114.4211906722,0.009715320190485733
458,DATA13,DATA13,2021-11-18 04:46:28.000000,1321245988.0,30.534804708,114.421190775,12.6258,13.9,25,0.005162363799656123,0.0108,30.5348047558,114.4211906722,0.011198369301124519
459,DATA13,DATA13,2021-11-18 04:46:29.000000,1321245989.0,30.534804706,114.421190748,12.6196,21.4,25,0.005162363799656123,0.0108,30.5348047558,114.4211906722,0.009132011522387186
460,DATA13,DATA13,2021-11-18 04:46:30.000000,1321245990.0,30.534804715,114.421190764,12.6205,13.7,25,0.005162363799656123,0.0108,30.5348047558,114.4211906722,0.009902912093651215
461,DATA13,DATA13,2021-11-18 04:46:31.000000,1321245991.0,30.534804686,114.42119078,12.6161,23.0,25,0.005232590180780452,0.0109,30.5348047558,114.4211906722,0.012918915575337173
462,DATA13,DATA13,2021-11-18 04:46:32.000000,1321245992.0,30.534804687,114.421190748,12.6252,40.1,25,0.005232590180780452,0.0109,30.5348047558,114.4211906722,0.010539859726340858
463,DATA13,DATA13,2021-11-18 04:46:33.000000,1321245993.0,30.534804694,114.42119078,12.6204,15.0,25,0.005232590180780452,0.0109,30.5348047558,114.4211906722,0.01240802642027026
464,DATA13,DATA13,2021-11-18 04:46:34.000000,1321245994.0,30.534804723,114.421190786,12.6209,14.5,25,0.005232590180780452,0.0109,30.5348047558,114.4211906722,0.011510277055072985
465,DATA13,DATA13,2021-11-18 04:46:35.000000,1321245995.0,30.534804705,114.421190786,12.6228,15.7,25,0.005232590180780452,0.0109,30.5348047558,114.4211906722,0.012287430711523474
466,DATA13,DATA13,2021-11-18 04:46:36.000000,1321245996.0,30.534804689,114.421190761,12.6207,24.8,25,0.005232590180780452,0.0109,30.5348047559,114.4211906722,0.011297159400652328
467,DATA13,DATA13,2021-11-18 04:46:37.000000,1321245997.0,30.534804703,114.421190768,12.6267,21.4,25,0.005162363799656123,0.0108,30.5348047559,114.4211906722,0.010904710573607139
468,DATA13,DATA13,2021-11-18 04:46:38.000000,1321245998.0,30.534804723,114.421190744,12.6202,10.3,25,0.005162363799656123,0.0108,30.5348047559,114.4211906722,0.007796098473075817
469,DATA13,DATA13,2021-11-18 04:46:39.000000,1321245999.0,30.534804687,114.421190771,12.6209,32.9,25,0.005162363799656123,0.0108,30.5348047559,114.4211906722,0.012175403391937513
470,DATA13,DATA13,2021-11-18 04:46:40.000000,1321246000.0,30.534804702,114.421190777,12.6176,19.1,25,0.005162363799656123,0.0108,30.5348047559,114.4211906722,0.011698364351670645
471,DATA13,DATA13,2021-11-18 04:46:41.000000,1321246001.0,30.534804699,114.421190766,12.6222,20.7,25,0.005162363799656123,0.0108,30.5348047559,114.4211906722,0.010991744729386963
472,DATA13,DATA13,2021-11-18 04:46:42.000000,1321246002.0,30.534804699,114.421190768,12.6203,22.4,25,0.005162363799656123,0.0108,30.5348047558,114.4211906722,0.011143198934336572
473,DATA13,DATA13,2021-11-18 04:46:43.000000,1321246003.0,30.534804699,114.421190776,12.6195,20.5,25,0.005162363799656123,0.0108,30.5348047559,114.4211906722,0.01179050373237835
474,DATA13,DATA13,2021-11-18 04:46:44.000000,1321246004.0,30.534804695,114.421190774,12.6236,20.9,25,0.005162363799656123,0.0108,30.5348047558,114.4211906722,0.01186889816152839
475,DATA13,DATA13,2021-11-18 04:46:45.000000,1321246005.0,30.534804674,114.421190778,12.6277,24.8,25,0.005162363799656123,0.0108,30.5348047558,114.4211906722,0.013613328254074337
476,DATA13,DATA13,2021-11-18 04:46:46.000000,1321246006.0,30.53480471,114.421190767,12.6222,12.3,25,0.005162363799656123,0.0108,30.5348047558,114.4211906722,0.010418479647602124
477,DATA13,DATA13,2021-11-18 04:46:47.000000,1321246007.0,30.534804701,114.421190758,12.6212,24.9,25,0.005162363799656123,0.0108,30.5348047559,114.4211906722,0.010239065505967305
478,DATA13,DATA13,2021-11-18 04:46:48.000000,1321246008.0,30.534804707,114.421190749,12.6209,13.3,25,0.005162363799656123,0.0108,30.5348047558,114.4211906722,0.00914260063978158
479,DATA13,DATA13,2021-11-18 04:46:49.000000,1321246009.0,30.534804696,114.421190767,12.6216,22.1,25,0.005162363799656123,0.0108,30.5348047559,114.4211906722,0.01126329741904211
480,DATA13,DATA13,2021-11-18 04:46:50.000000,1321246010.0,30.534804699,114.421190763,12.6243,20.1,25,0.005162363799656123,0.0108,30.5348047559,114.4211906722,0.01075724662238277
481,DATA13,DATA13,2021-11-18 04:46:51.000000,1321246011.0,30.534804701,114.42119076,12.6211,18.9,25,0.005162363799656123,0.0108,30.5348047558,114.4211906722,0.010387545432878922
482,DATA13,DATA13,2021-11-18 04:46:52.000000,1321246012.0,30.534804687,114.421190758,12.6221,25.8,25,0.005162363799656123,0.0108,30.5348047559,114.4211906722,0.011231208925930753
483,DATA13,DATA13,2021-11-18 04:46:53.000000,1321246013.0,30.534804695,114.421190779,12.6236,24.4,25,0.005162363799656123,0.0108,30.5348047559,114.4211906722,0.012272962271997591
484,DATA13,DATA13,2021-11-18 04:46:54.000000,1321246014.0,30.534804672,114.421190771,12.6205,28.7,25,0.005162363799656123,0.0108,30.5348047559,114.4211906722,0.013281937410704214
485,DATA13,DATA13,2021-11-18 04:46:55.000000,1321246015.0,30.53480469,114.421190785,12.6218,20.4,25,0.005162363799656123,0.0108,30.5348047559,114.4211906722,0.013059546610182169
486,DATA13,DATA13,2021-11-18 04:46:56.000000,1321246016.0,30.534804694,114.421190777,12.6231,21.8,25,0.005162363799656123,0.0108,30.5348047559,114.4211906722,0.012175281479454073
487,DATA13,DATA13,2021-11-18 04:46:57.000000,1321246017.0,30.534804679,114.421190774,12.6273,20.8,25,0.005162363799656123,0.0108,30.5348047559,114.4211906722,0.01296603271835389
488,DATA13,DATA13,2021-11-18 04:46:58.000000,1321246018.0,30.534804684,114.421190765,12.6223,28.4,25,0.005162363799656123,0.0108,30.5348047559,114.4211906722,0.01195177459726753
489,DATA13,DATA13,2021-11-18 04:46:59.000000,1321246019.0,30.534804683,114.421190774,12.6223,18.3,25,0.005162363799656123,0.0108,30.5348047559,114.4211906722,0.012678865974797738
490,DATA13,DATA13,2021-11-18 04:47:00.000000,1321246020.0,30.534804685,114.42119076,12.624,23.6,25,0.005162363799656123,0.0108,30.5348047559,114.4211906722,0.011522755042623787
491,DATA13,DATA13,2021-11-18 04:47:01.000000,1321246021.0,30.534804692,114.421190773,12.6266,15.8,25,0.005162363799656123,0.0108,30.5348047559,114.4211906722,0.011989829574346356
492,DATA13,DATA13,2021-11-18 04:47:02.000000,1321246022.0,30.534804684,114.421190763,12.6255,17.6,25,0.005162363799656123,0.0108,30.5348047559,114.4211906722,0.011809456567585705
493,DATA13,DATA13,2021-11-18 04:47:03.000000,1321246023.0,30.534804668,114.421190752,12.6294,22.3,25,0.005162363799656123,0.0108,30.5348047559,114.4211906722,0.012393750174903318
494,DATA13,DATA13,2021-11-18 04:47:04.000000,1321246024.0,30.534804685,114.421190763,12.62,17.5,25,0.005162363799656123,0.0108,30.5348047559,114.4211906722,0.011734913100706047
495,DATA13,DATA13,2021-11-18 04:47:05.000000,1321246025.0,30.534804682,114.421190747,12.626,22.5,25,0.005162363799656123,0.0108,30.5348047559,114.4211906721,0.010898811962395656
496,DATA13,DATA13,2021-11-18 04:47:06.000000,1321246026.0,30.534804671,114.421190764,12.6275,24.1,25,0.005162363799656123,0.0108,30.5348047559,114.4211906721,0.012898319169058979
497,DATA13,DATA13,2021-11-18 04:47:07.000000,1321246027.0,30.534804678,114.421190761,12.6276,14.8,25,0.005374011537017762,0.0111,30.5348047559,114.4211906721,0.012139418439991478
498,DATA13,DATA13,2021-11-18 04:47:08.000000,1321246028.0,30.534804672,114.421190767,12.6212,20.7,25,0.005374011537017762,0.0111,30.5348047559,114.4211906721,0.013017407769162085
499,DATA13,DATA13,2021-11-18 04:47:09.000000,1321246029.0,30.534804667,114.421190759,12.6252,24.1,25,0.005374011537017762,0.0111,30.5348047559,114.4211906721,0.01291037568529144
500,DATA13,DATA13,2021-11-18 04:47:11.000000,1321246031.0,30.534804668,114.421190748,12.623,31.0,25,0.005374011537017762,0.0111,30.5348047559,114.4211906721,0.01216605538718107
501,DATA13,DATA13,2021-11-18 04:47:12.000000,1321246032.0,30.534804661,114.421190755,12.6288,17.1,25,0.005374011537017762,0.0111,30.5348047559,114.4211906721,0.013190019840109035
502,DATA13,DATA13,2021-11-18 04:47:13.000000,1321246033.0,30.534804688,114.421190777,12.6228,20.8,25,0.005162363799656123,0.0108,30.5348047559,114.4211906721,0.012569896679181207
503,DATA13,DATA13,2021-11-18 04:47:14.000000,1321246034.0,30.534804661,114.421190773,12.621,27.3,25,0.005162363799656123,0.0108,30.5348047559,114.4211906721,0.014298411037123968
504,DATA13,DATA13,2021-11-18 04:47:15.000000,1321246035.0,30.53480468,114.421190751,12.6241,10.6,25,0.005162363799656123,0.0108,30.5348047559,114.4211906721,0.011319532708279068
505,DATA13,DATA13,2021-11-18 04:47:16.000000,1321246036.0,30.534804677,114.421190752,12.624,21.5,25,0.005374011537017762,0.0111,30.5348047559,114.4211906721,0.011631933549257694
506,DATA13,DATA13,2021-11-18 04:47:17.000000,1321246037.0,30.534804676,114.421190746,12.6216,26.0,25,0.005374011537017762,0.0111,30.5348047559,114.4211906721,0.011347037688522932
507,DATA13,DATA13,2021-11-18 04:47:18.000000,1321246038.0,30.534804668,114.421190756,12.6261,20.5,25,0.005374011537017762,0.0111,30.5348047559,114.4211906721,0.012640649843195748
508,DATA13,DATA13,2021-11-18 04:47:19.000000,1321246039.0,30.534804687,114.421190787,12.6234,20.0,25,0.005162363799656123,0.0108,30.5348047559,114.4211906721,0.013413634270298892
509,DATA13,DATA13,2021-11-18 04:47:20.000000,1321246040.0,30.534804686,114.421190762,12.6264,14.5,25,0.005374011537017762,0.0111,30.5348047559,114.4211906721,0.011596551445542296
510,DATA13,DATA13,2021-11-18 04:47:21.000000,1321246041.0,30.534804683,114.421190761,12.6222,18.8,25,0.005374011537017762,0.0111,30.5348047559,114.4211906721,0.011751535045236796
511,DATA13,DATA13,2021-11-18 04:47:22.000000,1321246042.0,30.534804663,114.42119075,12.6268,15.3,25,0.005374011537017762,0.0111,30.534804756,114.4211906721,0.012735172208377393
512,DATA13,DATA13,2021-11-18 04:47:23.000000,1321246043.0,30.534804678,114.421190754,12.6258,19.8,25,0.005374011537017762,0.0111,30.5348047559,114.4211906721,0.011677109200456507
513,DATA13,DATA13,2021-11-18 04:47:24.000000,1321246044.0,30.534804669,114.421190775,12.6252,16.6,25,0.005374011537017762,0.0111,30.5348047559,114.4211906721,0.013795767960303146
514,DATA13,DATA13,2021-11-18 04:47:25.000000,1321246045.0,30.534804673,114.421190764,12.6277,15.5,25,0.005162363799656123,0.0108,30.5348047559,114.4211906721,0.01273742565869764
515,DATA13,DATA13,2021-11-18 04:47:26.000000,1321246046.0,30.534804671,114.421190755,12.6252,19.9,25,0.005162363799656123,0.0108,30.5348047559,114.4211906721,0.012323904349270939
516,DATA13,DATA13,2021-11-18 04:47:27.000000,1321246047.0,30.534804684,114.421190776,12.6215,16.0,25,0.005162363799656123,0.0108,30.5348047559,114.4211906721,0.01276527125356486
517,DATA13,DATA13,2021-11-18 04:47:28.000000,1321246048.0,30.534804685,114.421190761,12.6165,18.5,25,0.005162363799656123,0.0108,30.534804756,114.4211906721,0.011607681544914563
518,DATA13,DATA13,2021-11-18 04:47:29.000000,1321246049.0,30.534804685,114.421190782,12.6249,14.8,25,0.005162363799656123,0.0108,30.534804756,114.4211906721,0.013159981083896884
519,DATA13,DATA13,2021-11-18 04:47:30.000000,1321246050.0,30.534804679,114.421190763,12.6251,22.2,25,0.005162363799656123,0.0108,30.534804756,114.4211906721,0.012205070178308642
520,DATA13,DATA13,2021-11-18 04:47:31.000000,1321246051.0,30.534804684,114.421190756,12.6225,15.8,25,0.005162363799656123,0.0108,30.534804756,114.4211906721,0.011337504119542118
521,DATA13,DATA13,2021-11-18 04:47:32.000000,1321246052.0,30.534804691,114.421190779,12.6221,17.5,25,0.005162363799656123,0.0108,30.534804756,114.4211906721,0.012536607256868944
522,DATA13,DATA13,2021-11-18 04:47:33.000000,1321246053.0,30.534804684,114.421190772,12.6225,15.4,25,0.005162363799656123,0.0108,30.534804756,114.4211906721,0.0124748389999159
523,DATA13,DATA13,2021-11-18 04:47:34.000000,1321246054.0,30.53480468,114.421190752,12.6166,23.2,25,0.005162363799656123,0.0108,30.534804756,114.4211906721,0.011392144088297177
524,DATA13,DATA13,2021-11-18 04:47:35.000000,1321246055.0,30.534804684,114.421190764,12.6172,18.2,25,0.005162363799656123,0.0108,30.534804756,114.4211906721,0.011894994814312622
525,DATA13,DATA13,2021-11-18 04:47:36.000000,1321246056.0,30.534804682,114.421190752,12.6178,21.7,25,0.005162363799656123,0.0108,30.534804756,114.4211906721,0.0112291516652807
526,DATA13,DATA13,2021-11-18 04:47:37.000000,1321246057.0,30.534804689,114.421190751,12.6172,20.8,25,0.005162363799656123,0.0108,30.534804756,114.4211906721,0.01060664274697581
527,DATA13,DATA13,2021-11-18 04:47:38.000000,1321246058.0,30.534804673,114.421190759,12.621,21.6,25,0.005162363799656123,0.0108,30.534804756,114.4211906721,0.012418245705385446
528,DATA13,DATA13,2021-11-18 04:47:39.000000,1321246059.0,30.53480469,114.421190754,12.6179,13.0,25,0.005162363799656123,0.0108,30.534804756,114.4211906721,0.010738193672149536
529,DATA13,DATA13,2021-11-18 04:47:40.000000,1321246060.0,30.534804693,114.421190753,12.6163,18.6,25,0.005162363799656123,0.0108,30.534804756,114.4211906721,0.010442853479605331
530,DATA13,DATA13,2021-11-18 04:47:41.000000,1321246061.0,30.534804695,114.421190753,12.6204,17.6,25,0.005162363799656123,0.0108,30.534804756,114.4211906721,0.01029588282967926
531,DATA13,DATA13,2021-11-18 04:47:42.000000,1321246062.0,30.534804676,114.421190749,12.6195,16.3,25,0.005162363799656123,0.0108,30.534804756,114.4211906721,0.011537680972342014
532,DATA13,DATA13,2021-11-18 04:47:43.000000,1321246063.0,30.534804697,114.421190758,12.6176,27.1,25,0.005162363799656123,0.0108,30.534804756,114.4211906721,0.01052311947082153
533,DATA13,DATA13,2021-11-18 04:47:44.000000,1321246064.0,30.534804698,114.421190751,12.6233,17.3,25,0.005162363799656123,0.0108,30.534804756,114.4211906721,0.009933491660807203
534,DATA13,DATA13,2021-11-18 04:47:45.000000,1321246065.0,30.534804684,114.421190755,12.6207,25.8,25,0.005162363799656123,0.0108,30.534804756,114.4211906721,0.011269555682171048
535,DATA13,DATA13,2021-11-18 04:47:46.000000,1321246066.0,30.534804694,114.42119076,12.6201,23.6,25,0.005162363799656123,0.0108,30.534804756,114.4211906721,0.010881110989895063
536,DATA13,DATA13,2021-11-18 04:47:47.000000,1321246067.0,30.534804692,114.421190759,12.6184,18.3,25,0.005162363799656123,0.0108,30.534804756,114.4211906721,0.010949244280417977
537,DATA13,DATA13,2021-11-18 04:47:48.000000,1321246068.0,30.534804684,114.421190745,12.6161,14.6,25,0.005162363799656123,0.0108,30.534804756,114.4211906721,0.010613898992765363
538,DATA13,DATA13,2021-11-18 04:47:49.000000,1321246069.0,30.534804695,114.421190762,12.6192,15.9,25,0.005162363799656123,0.0108,30.534804756,114.4211906721,0.010961827625354343
539,DATA13,DATA13,2021-11-18 04:47:50.000000,1321246070.0,30.534804695,114.421190756,12.6241,13.3,25,0.005162363799656123,0.0108,30.534804756,114.4211906721,0.010514669140558715
540,DATA13,DATA13,2021-11-18 04:47:51.000000,1321246071.0,30.534804692,114.421190751,12.6182,21.6,25,0.005162363799656123,0.0108,30.534804756,114.4211906721,0.010376452232163694
541,DATA13,DATA13,2021-11-18 04:47:52.000000,1321246072.0,30.534804686,114.42119075,12.6198,18.6,25,0.005162363799656123,0.0108,30.534804756,114.4211906721,0.010775351165866996
542,DATA13,DATA13,2021-11-18 04:47:53.000000,1321246073.0,30.534804692,114.421190737,12.6187,22.5,25,0.005162363799656123,0.0108,30.534804756,114.4211906721,0.009440904568351812
543,DATA13,DATA13,2021-11-18 04:47:54.000000,1321246074.0,30.534804686,114.421190762,12.6163,16.1,25,0.005162363799656123,0.0108,30.534804756,114.4211906721,0.011603962708362168
544,DATA13,DATA13,2021-11-18 04:47:55.000000,1321246075.0,30.534804692,114.421190743,12.6181,14.7,25,0.005162363799656123,0.0108,30.534804756,114.4211906721,0.009830278735414852
545,DATA13,DATA13,2021-11-18 04:47:56.000000,1321246076.0,30.534804695,114.421190752,12.6183,15.2,25,0.005162363799656123,0.0108,30.534804756,114.4211906721,0.01022371472552523
546,DATA13,DATA13,2021-11-18 04:47:57.000000,1321246077.0,30.53480468,114.421190759,12.6229,22.3,25,0.005162363799656123,0.0108,30.534804756,114.4211906721,0.011854691359441154
547,DATA13,DATA13,2021-11-18 04:47:59.000000,1321246079.0,30.534804674,114.421190753,12.6213,16.6,25,0.005162363799656123,0.0108,30.534804756,114.4211906721,0.01195462365579957
548,DATA13,DATA13,2021-11-18 04:48:00.000000,1321246080.0,30.534804668,114.421190734,12.6266,15.1,25,0.005162363799656123,0.0108,30.534804756,114.4211906721,0.011422021925050097
549,DATA13,DATA13,2021-11-18 04:48:01.000000,1321246081.0,30.534804684,114.421190742,12.6228,21.0,25,0.005162363799656123,0.0108,30.534804756,114.4211906721,0.010426389073559828
550,DATA13,DATA13,2021-11-18 04:48:02.000000,1321246082.0,30.534804711,114.421190767,12.6199,10.4,25,0.005162363799656123,0.0108,30.534804756,114.4211906721,0.010383961720627128
551,DATA13,DATA13,2021-11-18 04:48:03.000000,1321246083.0,30.534804677,114.421190751,12.622,18.2,25,0.005162363799656123,0.0108,30.534804756,114.4211906721,0.011577284291136644
552,DATA13,DATA13,2021-11-18 04:48:04.000000,1321246084.0,30.534804693,114.42119076,12.6224,15.7,25,0.005162363799656123,0.0108,30.534804756,114.4211906721,0.010951477789373611
553,DATA13,DATA13,2021-11-18 04:48:05.000000,1321246085.0,30.534804721,114.421190779,12.616,7.5,25,0.005162363799656123,0.0108,30.534804756,114.4211906721,0.010967933201585492
554,DATA13,DATA13,2021-11-18 04:48:06.000000,1321246086.0,30.534804691,114.421190762,12.6188,18.0,25,0.005162363799656123,0.0108,30.534804756,114.4211906721,0.011240817159643104
555,DATA13,DATA13,2021-11-18 04:48:07.000000,1321246087.0,30.534804699,114.42119076,12.6205,15.1,25,0.005162363799656123,0.0108,30.534804756,114.4211906721,0.010539727068974249
556,DATA13,DATA13,2021-11-18 04:48:08.000000,1321246088.0,30.534804696,114.421190758,12.6199,11.1,25,0.005162363799656123,0.0108,30.534804756,114.4211906721,0.010592384165985801
557,DATA13,DATA13,2021-11-18 04:48:09.000000,1321246089.0,30.534804704,114.421190759,12.6221,12.9,25,0.005162363799656123,0.0108,30.534804756,114.4211906721,0.010137939849549863
558,DATA13,DATA13,2021-11-18 04:48:10.000000,1321246090.0,30.534804693,114.421190759,12.6196,15.5,25,0.005162363799656123,0.0108,30.534804756,114.4211906721,0.010877732922595465
559,DATA13,DATA13,2021-11-18 04:48:11.000000,1321246091.0,30.534804695,114.421190769,12.6197,13.0,25,0.005162363799656123,0.0108,30.534804756,114.4211906721,0.011497988246500918
560,DATA13,DATA13,2021-11-18 04:48:12.000000,1321246092.0,30.534804691,114.421190781,12.6222,11.9,25,0.005162363799656123,0.0108,30.534804756,114.4211906721,0.012694141640060356
561,DATA13,DATA13,2021-11-18 04:48:13.000000,1321246093.0,30.53480469,114.421190766,12.6203,14.1,25,0.005162363799656123,0.0108,30.534804756,114.4211906721,0.011607612911616211
562,DATA13,DATA13,2021-11-18 04:48:14.000000,1321246094.0,30.534804695,114.42119075,12.6221,15.4,25,0.005162363799656123,0.0108,30.534804756,114.4211906721,0.010080570812652595
563,DATA13,DATA13,2021-11-18 04:48:15.000000,1321246095.0,30.534804685,114.421190758,12.624,14.6,25,0.005162363799656123,0.0108,30.534804756,114.4211906721,0.011397759915223864
564,DATA13,DATA13,2021-11-18 04:48:16.000000,1321246096.0,30.534804708,114.421190759,12.6194,16.4,25,0.005162363799656123,0.0108,30.534804756,114.4211906721,0.009892507392908608
565,DATA13,DATA13,2021-11-18 04:48:17.000000,1321246097.0,30.534804682,114.421190742,12.6188,14.4,25,0.005162363799656123,0.0108,30.534804756,114.4211906721,0.010597091874057385
566,DATA13,DATA13,2021-11-18 04:48:18.000000,1321246098.0,30.5348047,114.421190749,12.616,11.9,25,0.005162363799656123,0.0108,30.534804756,114.4211906721,0.009643779069722507
567,DATA13,DATA13,2021-11-18 04:48:19.000000,1321246099.0,30.534804683,114.421190758,12.6211,13.5,25,0.005162363799656123,0.0108,30.534804756,114.4211906721,0.011551993628829622
568,DATA13,DATA13,2021-11-18 04:48:20.000000,1321246100.0,30.534804691,114.421190742,12.6184,13.7,25,0.005162363799656123,0.0108,30.534804756,114.4211906721,0.009844956316588074
569,DATA13,DATA13,2021-11-18 04:48:21.000000,1321246101.0,30.534804702,114.421190751,12.6189,13.5,25,0.005162363799656123,0.0108,30.534804756,114.4211906721,0.009652367194547632
570,DATA13,DATA13,2021-11-18 04:48:22.000000,1321246102.0,30.534804679,114.421190749,12.6215,13.7,25,0.005162363799656123,0.0108,30.5348047561,114.4211906721,0.011292419905031452
571,DATA13,DATA13,2021-11-18 04:48:23.000000,1321246103.0,30.534804684,114.421190739,12.6195,14.2,25,0.005162363799656123,0.0108,30.5348047561,114.4211906721,0.01025218135892332
572,DATA13,DATA13,2021-11-18 04:48:24.000000,1321246104.0,30.53480471,114.42119075,12.6148,9.5,25,0.005162363799656123,0.0108,30.5348047561,114.4211906721,0.009055667758838551
573,DATA13,DATA13,2021-11-18 04:48:25.000000,1321246105.0,30.534804684,114.421190745,12.6198,14.6,25,0.005162363799656123,0.0108,30.5348047561,114.4211906721,0.010622239023555354
574,DATA13,DATA13,2021-11-18 04:48:26.000000,1321246106.0,30.534804687,114.421190722,12.6159,17.1,25,0.005162363799656123,0.0108,30.5348047561,114.4211906721,0.009034109073970259
575,DATA13,DATA13,2021-11-18 04:48:27.000000,1321246107.0,30.534804686,114.421190744,12.6213,12.0,25,0.005162363799656123,0.0108,30.5348047561,114.4211906721,0.010392453663898587
576,DATA13,DATA13,2021-11-18 04:48:28.000000,1321246108.0,30.534804696,114.421190746,12.62,15.2,25,0.005162363799656123,0.0108,30.5348047561,114.4211906721,0.00973069912379717
577,DATA13,DATA13,2021-11-18 04:48:29.000000,1321246109.0,30.534804684,114.42119075,12.6222,16.2,25,0.005162363799656123,0.0108,30.5348047561,114.4211906721,0.010944210549986852
578,DATA13,DATA13,2021-11-18 04:48:30.000000,1321246110.0,30.534804685,114.421190748,12.6239,23.1,25,0.005162363799656123,0.0108,30.5348047561,114.4211906721,0.010732334334201201
579,DATA13,DATA13,2021-11-18 04:48:31.000000,1321246111.0,30.534804692,114.42119074,12.6213,17.9,25,0.005162363799656123,0.0108,30.5348047561,114.4211906721,0.009641426122368615
580,DATA13,DATA13,2021-11-18 04:48:32.000000,1321246112.0,30.534804699,114.421190753,12.619,13.2,25,0.005162363799656123,0.0108,30.5348047561,114.4211906721,0.010017205616826353
581,DATA13,DATA13,2021-11-18 04:48:33.000000,1321246113.0,30.534804686,114.421190742,12.6176,14.7,25,0.005162363799656123,0.0108,30.5348047561,114.4211906721,0.010266028227689782
582,DATA13,DATA13,2021-11-18 04:48:34.000000,1321246114.0,30.53480468,114.421190759,12.6211,10.8,25,0.005162363799656123,0.0108,30.5348047561,114.4211906721,0.01186257286403954
583,DATA13,DATA13,2021-11-18 04:48:35.000000,1321246115.0,30.53480468,114.421190758,12.6212,12.9,25,0.005162363799656123,0.0108,30.5348047561,114.4211906721,0.011795307378716638
584,DATA13,DATA13,2021-11-18 04:48:36.000000,1321246116.0,30.534804689,114.421190741,12.6218,12.0,25,0.005162363799656123,0.0108,30.5348047561,114.4211906721,0.009952607874906922
585,DATA13,DATA13,2021-11-18 04:48:37.000000,1321246117.0,30.534804705,114.421190758,12.6169,6.3,25,0.005162363799656123,0.0108,30.5348047561,114.4211906721,0.010002301976718853
586,DATA13,DATA13,2021-11-18 04:48:38.000000,1321246118.0,30.534804694,114.421190754,12.6175,10.9,25,0.005162363799656123,0.0108,30.5348047561,114.4211906721,0.010448381527190052
587,DATA13,DATA13,2021-11-18 04:48:39.000000,1321246119.0,30.534804695,114.421190747,12.6217,11.0,25,0.005162363799656123,0.0108,30.5348047561,114.4211906721,0.009876560326540983
588,DATA13,DATA13,2021-11-18 04:48:40.000000,1321246120.0,30.534804685,114.421190743,12.6212,11.7,25,0.005162363799656123,0.0108,30.5348047561,114.4211906721,0.0104126545587361
589,DATA13,DATA13,2021-11-18 04:48:41.000000,1321246121.0,30.534804688,114.421190737,12.625,11.7,25,0.005162363799656123,0.0108,30.5348047561,114.4211906721,0.009787096324627596
590,DATA13,DATA13,2021-11-18 04:48:42.000000,1321246122.0,30.534804681,114.42119074,12.627,18.1,25,0.005162363799656123,0.0108,30.5348047561,114.4211906721,0.01057241890439201
591,DATA13,DATA13,2021-11-18 04:48:43.000000,1321246123.0,30.534804682,114.421190747,12.6263,14.4,25,0.005162363799656123,0.0108,30.5348047561,114.4211906721,0.01091548886411542
592,DATA13,DATA13,2021-11-18 04:48:44.000000,1321246124.0,30.534804692,114.42119074,12.622,13.4,25,0.005162363799656123,0.0108,30.5348047561,114.4211906721,0.009641426266368339
593,DATA13,DATA13,2021-11-18 04:48:45.000000,1321246125.0,30.534804698,114.421190744,12.6232,10.0,25,0.005162363799656123,0.0108,30.5348047561,114.4211906721,0.009439049750040708
594,DATA13,DATA13,2021-11-18 04:48:46.000000,1321246126.0,30.534804679,114.421190745,12.6244,13.7,25,0.005162363799656123,0.0108,30.5348047561,114.4211906721,0.011045385818600508
595,DATA13,DATA13,2021-11-18 04:48:47.000000,1321246127.0,30.534804683,114.421190741,12.6255,20.9,25,0.005162363799656123,0.0108,30.5348047561,114.4211906721,0.01045911240583262
596,DATA13,DATA13,2021-11-18 04:48:48.000000,1321246128.0,30.534804694,114.421190756,12.621,12.0,25,0.005162363799656123,0.0108,30.5348047561,114.4211906721,0.010593511562127891
597,DATA13,DATA13,2021-11-18 04:48:49.000000,1321246129.0,30.534804678,114.421190756,12.6233,14.2,25,0.005162363799656123,0.0108,30.5348047561,114.4211906721,0.011823372595249147
598,DATA13,DATA13,2021-11-18 04:48:50.000000,1321246130.0,30.534804679,114.421190733,12.6226,11.8,25,0.005162363799656123,0.0108,30.5348047561,114.4211906721,0.010354426119479907
599,DATA13,DATA13,2021-11-18 04:48:52.000000,1321246132.0,30.534804702,114.42119076,12.618,13.1,25,0.005162363799656123,0.0108,30.5348047561,114.4211906721,0.010350170418727624
600,DATA13,DATA13,2021-11-18 04:48:53.000000,1321246133.0,30.534804689,114.421190749,12.6178,15.2,25,0.005162363799656123,0.0108,30.5348047561,114.4211906721,0.010478363455631183
601,DATA13,DATA13,2021-11-18 04:48:54.000000,1321246134.0,30.534804693,114.421190748,12.6174,9.6,25,0.005162363799656123,0.0108,30.5348047561,114.4211906721,0.010098916120602312
602,DATA13,DATA13,2021-11-18 04:48:55.000000,1321246135.0,30.534804691,114.421190753,12.6241,8.4,25,0.005162363799656123,0.0108,30.5348047561,114.4211906721,0.010599972308961128
603,DATA13,DATA13,2021-11-18 04:48:56.000000,1321246136.0,30.534804678,114.421190744,12.6214,16.0,25,0.005162363799656123,0.0108,30.5348047561,114.4211906721,0.011071336385934565
604,DATA13,DATA13,2021-11-18 04:48:57.000000,1321246137.0,30.534804706,114.421190775,12.6149,8.1,25,0.005162363799656123,0.0108,30.5348047561,114.4211906721,0.01132962164464262
605,DATA13,DATA13,2021-11-18 04:48:58.000000,1321246138.0,30.534804692,114.421190748,12.6212,16.5,25,0.005162363799656123,0.0108,30.5348047561,114.4211906721,0.010176022867740402
606,DATA13,DATA13,2021-11-18 04:48:59.000000,1321246139.0,30.534804684,114.421190752,12.6214,14.6,25,0.005162363799656123,0.0108,30.5348047561,114.4211906721,0.011076198817449711
607,DATA13,DATA13,2021-11-18 04:49:00.000000,1321246140.0,30.53480469,114.42119075,12.6216,14.9,25,0.005162363799656123,0.0108,30.5348047561,114.4211906721,0.010468266875764286
608,DATA13,DATA13,2021-11-18 04:49:01.000000,1321246141.0,30.534804697,114.421190759,12.619,13.1,25,0.005162363799656123,0.0108,30.5348047561,114.4211906721,0.010605308172356265
609,DATA13,DATA13,2021-11-18 04:49:02.000000,1321246142.0,30.534804695,114.421190746,12.6203,11.9,25,0.005162363799656123,0.0108,30.5348047561,114.4211906721,0.009806941638027807
610,DATA13,DATA13,2021-11-18 04:49:03.000000,1321246143.0,30.534804695,114.421190755,12.6187,10.8,25,0.005162363799656123,0.0108,30.5348047561,114.4211906721,0.010448551451406338
611,DATA13,DATA13,2021-11-18 04:49:04.000000,1321246144.0,30.534804698,114.421190762,12.6189,17.1,25,0.005162363799656123,0.0108,30.5348047561,114.4211906721,0.010766462246327768
612,DATA13,DATA13,2021-11-18 04:49:05.000000,1321246145.0,30.53480471,114.421190765,12.6285,8.7,25,0.005162363799656123,0.0108,30.5348047562,114.421190672,0.010289990147286708
613,DATA13,DATA13,2021-11-18 04:49:06.000000,1321246146.0,30.534804685,114.421190746,12.6207,15.1,25,0.005162363799656123,0.0108,30.5348047562,114.421190672,0.010617672398556962
614,DATA13,DATA13,2021-11-18 04:49:07.000000,1321246147.0,30.534804702,114.421190746,12.6175,10.5,25,0.005162363799656123,0.0108,30.5348047562,114.421190672,0.009302390825054163
615,DATA13,DATA13,2021-11-18 04:49:08.000000,1321246148.0,30.534804702,114.421190753,12.6187,20.3,25,0.005162363799656123,0.0108,30.5348047562,114.421190672,0.009824792014904098
616,DATA13,DATA13,2021-11-18 04:49:09.000000,1321246149.0,30.534804724,114.421190777,12.612,8.5,25,0.005162363799656123,0.0108,30.5348047562,114.421190672,0.01068996064347645
617,DATA13,DATA13,2021-11-18 04:49:10.000000,1321246150.0,30.534804684,114.421190746,12.6218,11.1,25,0.005162363799656123,0.0108,30.5348047562,114.421190672,0.010700346257648683
618,DATA13,DATA13,2021-11-18 04:49:11.000000,1321246151.0,30.534804667,114.421190744,12.623,13.1,24,0.005374011537017762,0.0111,30.5348047562,114.421190672,0.012063602393891424
619,DATA13,DATA13,2021-11-18 04:49:12.000000,1321246152.0,30.534804685,114.421190767,12.6269,18.0,25,0.005374011537017762,0.0111,30.5348047562,114.4211906721,0.01205171268817119
620,DATA13,DATA13,2021-11-18 04:49:13.000000,1321246153.0,30.534804676,114.421190757,12.6253,18.3,25,0.005374011537017762,0.0111,30.5348047562,114.4211906721,0.012059532911558769
621,DATA13,DATA13,2021-11-18 04:49:14.000000,1321246154.0,30.534804707,114.42119076,12.6187,14.1,25,0.005162363799656123,0.0108,30.5348047562,114.421190672,0.010053208963714888
622,DATA13,DATA13,2021-11-18 04:49:15.000000,1321246155.0,30.534804699,114.421190765,12.6192,15.4,25,0.005162363799656123,0.0108,30.5348047562,114.421190672,0.010948192514968836
623,DATA13,DATA13,2021-11-18 04:49:16.000000,1321246156.0,30.534804698,114.421190764,12.6172,10.8,25,0.005162363799656123,0.0108,30.5348047562,114.421190672,0.010935150111433941
624,DATA13,DATA13,2021-11-18 04:49:17.000000,1321246157.0,30.534804712,114.421190771,12.6225,8.9,25,0.005162363799656123,0.0108,30.5348047562,114.421190672,0.010689755468429003
625,DATA13,DATA13,2021-11-18 04:49:18.000000,1321246158.0,30.534804709,114.421190762,12.6184,10.1,25,0.005162363799656123,0.0108,30.5348047562,114.421190672,0.010098312003943873
626,DATA13,DATA13,2021-11-18 04:49:19.000000,1321246159.0,30.534804693,114.421190764,12.6221,14.4,25,0.005162363799656123,0.0108,30.5348047562,114.421190672,0.011271100967094196
627,DATA13,DATA13,2021-11-18 04:49:20.000000,1321246160.0,30.534804714,114.421190768,12.6207,20.0,25,0.005162363799656123,0.0108,30.5348047562,114.421190672,0.010332458612899142
628,DATA13,DATA13,2021-11-18 04:49:21.000000,1321246161.0,30.534804711,114.421190751,12.6194,14.5,25,0.005162363799656123,0.0108,30.5348047562,114.421190672,0.00908760904631708
629,DATA13,DATA13,2021-11-18 04:49:22.000000,1321246162.0,30.534804686,114.421190738,12.6243,18.0,25,0.005162363799656123,0.0108,30.5348047562,114.421190672,0.010034080630957459
630,DATA13,DATA13,2021-11-18 04:49:23.000000,1321246163.0,30.534804702,114.421190756,12.6196,13.8,25,0.005162363799656123,0.0108,30.5348047562,114.421190672,0.0100541097900019
631,DATA13,DATA13,2021-11-18 04:49:24.000000,1321246164.0,30.534804709,114.421190763,12.6182,11.2,25,0.005162363799656123,0.0108,30.5348047562,114.421190672,0.010180510316910776
632,DATA13,DATA13,2021-11-18 04:49:25.000000,1321246165.0,30.534804709,114.421190774,12.6174,15.0,25,0.005162363799656123,0.0108,30.5348047562,114.421190672,0.011099282170514724
633,DATA13,DATA13,2021-11-18 04:49:26.000000,1321246166.0,30.534804714,114.421190787,12.6134,15.6,25,0.005162363799656123,0.0108,30.5348047562,114.421190672,0.011986644269433475
634,DATA13,DATA13,2021-11-18 04:49:27.000000,1321246167.0,30.534804711,114.421190778,12.6183,12.5,25,0.005162363799656123,0.0108,30.5348047562,114.421190672,0.011339529655348301
635,DATA13,DATA13,2021-11-18 04:49:28.000000,1321246168.0,30.534804695,114.421190762,12.6233,17.8,25,0.005162363799656123,0.0108,30.5348047562,114.421190672,0.010983064544162733
636,DATA13,DATA13,2021-11-18 04:49:29.000000,1321246169.0,30.534804706,114.421190792,12.6172,10.7,25,0.005162363799656123,0.0108,30.5348047562,114.421190672,0.012790056083189725
637,DATA13,DATA13,2021-11-18 04:49:30.000000,1321246170.0,30.53480471,114.421190756,12.6159,11.0,25,0.005162363799656123,0.0108,30.5348047562,114.421190672,0.009550577435910586
638,DATA13,DATA13,2021-11-18 04:49:31.000000,1321246171.0,30.534804695,114.421190749,12.6243,13.4,25,0.005162363799656123,0.0108,30.5348047562,114.421190672,0.010031670983333239
639,DATA13,DATA13,2021-11-18 04:49:32.000000,1321246172.0,30.534804704,114.421190764,12.6204,12.4,25,0.005162363799656123,0.0108,30.5348047562,114.421190672,0.010556343504223735
640,DATA13,DATA13,2021-11-18 04:49:33.000000,1321246173.0,30.534804701,114.421190761,12.6205,17.1,25,0.005162363799656123,0.0108,30.5348047563,114.421190672,0.010513396673201447
641,DATA13,DATA13,2021-11-18 04:49:34.000000,1321246174.0,30.534804705,114.421190761,12.6238,14.2,25,0.005162363799656123,0.0108,30.5348047563,114.421190672,0.010261136310007354
642,DATA13,DATA13,2021-11-18 04:49:35.000000,1321246175.0,30.534804713,114.42119076,12.6186,10.1,25,0.005162363799656123,0.0108,30.5348047563,114.421190672,0.009713885636322785
643,DATA13,DATA13,2021-11-18 04:49:36.000000,1321246176.0,30.534804706,114.42119076,12.6197,11.1,25,0.005162363799656123,0.0108,30.5348047563,114.421190672,0.010119890811214463
644,DATA13,DATA13,2021-11-18 04:49:37.000000,1321246177.0,30.53480471,114.421190757,12.6191,14.2,25,0.005162363799656123,0.0108,30.5348047563,114.421190672,0.00963761305835721
645,DATA13,DATA13,2021-11-18 04:49:38.000000,1321246178.0,30.534804707,114.421190766,12.6202,13.7,25,0.005162363799656123,0.0108,30.5348047563,114.421190672,0.010547254104845432
646,DATA13,DATA13,2021-11-18 04:49:39.000000,1321246179.0,30.534804711,114.42119076,12.6207,9.8,25,0.005162363799656123,0.0108,30.5348047563,114.421190672,0.009825345772786402
647,DATA13,DATA13,2021-11-18 04:49:40.000000,1321246180.0,30.534804713,114.421190783,12.6215,11.3,25,0.005162363799656123,0.0108,30.5348047563,114.421190672,0.011683764656923192
648,DATA13,DATA13,2021-11-18 04:49:41.000000,1321246181.0,30.534804696,114.421190769,12.6194,12.5,25,0.005162363799656123,0.0108,30.5348047563,114.421190672,0.011460311179124702
649,DATA13,DATA13,2021-11-18 04:49:42.000000,1321246182.0,30.534804684,114.421190765,12.6175,15.2,25,0.005162363799656123,0.0108,30.5348047563,114.421190672,0.011995667244079102
650,DATA13,DATA13,2021-11-18 04:49:43.000000,1321246183.0,30.534804673,114.421190747,12.6187,13.3,25,0.005162363799656123,0.0108,30.5348047563,114.421190672,0.011708258412296002
651,DATA13,DATA13,2021-11-18 04:49:44.000000,1321246184.0,30.534804694,114.421190765,12.617,15.4,25,0.005162363799656123,0.0108,30.5348047563,114.421190672,0.011285089736777373
652,DATA13,DATA13,2021-11-18 04:49:45.000000,1321246185.0,30.534804699,114.421190768,12.6236,12.1,25,0.005162363799656123,0.0108,30.5348047563,114.421190672,0.011190411071977487
653,DATA13,DATA13,2021-11-18 04:49:46.000000,1321246186.0,30.534804704,114.421190779,12.6207,18.7,25,0.005162363799656123,0.0108,30.5348047563,114.421190672,0.011792136987277345
654,DATA13,DATA13,2021-11-18 04:49:47.000000,1321246187.0,30.534804695,114.421190732,12.6233,9.2,25,0.005162363799656123,0.0108,30.5348047563,114.421190672,0.008907108703466527
655,DATA13,DATA13,2021-11-18 04:49:48.000000,1321246188.0,30.5348047,114.421190785,12.6131,22.2,24,0.00523450093132096,0.0113,30.5348047563,114.421190672,0.012511978677040245
656,DATA13,DATA13,2021-11-18 04:49:49.000000,1321246189.0,30.534804696,114.421190772,12.615,30.6,24,0.00523450093132096,0.0113,30.5348047563,114.421190672,0.011695357607892521
657,DATA13,DATA13,2021-11-18 04:49:50.000000,1321246190.0,30.53480469,114.421190759,12.6182,35.7,24,0.00523450093132096,0.0113,30.5348047563,114.421190672,0.011123371097377738
658,DATA13,DATA13,2021-11-18 04:49:51.000000,1321246191.0,30.534804676,114.421190752,12.6195,34.2,24,0.00523450093132096,0.0113,30.5348047563,114.421190672,0.011755356051494097
659,DATA13,DATA13,2021-11-18 04:49:52.000000,1321246192.0,30.534804698,114.421190776,12.6148,24.7,24,0.00523450093132096,0.0113,30.5348047563,114.421190672,0.011890369334747528
660,DATA13,DATA13,2021-11-18 04:49:53.000000,1321246193.0,30.534804697,114.421190767,12.6142,34.1,24,0.00523450093132096,0.0113,30.5348047563,114.421190672,0.011239769936792652
661,DATA13,DATA13,2021-11-18 04:49:54.000000,1321246194.0,30.534804691,114.421190767,12.6177,30.3,24,0.00523450093132096,0.0113,30.5348047563,114.421190672,0.011641334294409488
662,DATA13,DATA13,2021-11-18 04:49:55.000000,1321246195.0,30.534804686,114.421190775,12.6142,43.9,24,0.005303772242470448,0.0115,30.5348047563,114.421190672,0.012587334398522216
663,DATA13,DATA13,2021-11-18 04:49:56.000000,1321246196.0,30.534804695,114.421190771,12.6139,34.9,24,0.00523450093132096,0.0113,30.5348047563,114.421190672,0.011680891778916394
664,DATA13,DATA13,2021-11-18 04:49:57.000000,1321246197.0,30.534804694,114.421190774,12.615,33.9,24,0.00523450093132096,0.0113,30.5348047563,114.421190672,0.011979795341960224
665,DATA13,DATA13,2021-11-18 04:49:58.000000,1321246198.0,30.534804698,114.421190791,12.6126,34.3,24,0.00523450093132096,0.0113,30.5348047563,114.421190672,0.013121961230187811
666,DATA13,DATA13,2021-11-18 04:49:59.000000,1321246199.0,30.534804692,114.421190776,12.6162,27.7,24,0.00523450093132096,0.0113,30.5348047562,114.421190672,0.012258209598851625
667,DATA13,DATA13,2021-11-18 04:50:00.000000,1321246200.0,30.5348047,114.421190777,12.615,50.7,24,0.00523450093132096,0.0113,30.5348047562,114.421190672,0.011846958092848631
668,DATA13,DATA13,2021-11-18 04:50:01.000000,1321246201.0,30.534804693,114.421190769,12.6166,32.5,24,0.00523450093132096,0.0113,30.5348047562,114.4211906721,0.011643105860977929
669,DATA13,DATA13,2021-11-18 04:50:02.000000,1321246202.0,30.534804695,114.421190775,12.6116,30.6,24,0.00523450093132096,0.0113,30.5348047562,114.4211906721,0.011980991750690794
670,DATA13,DATA13,2021-11-18 04:50:03.000000,1321246203.0,30.534804708,114.421190772,12.6094,37.0,24,0.00523450093132096,0.0113,30.5348047563,114.421190672,0.010989296256064677
671,DATA13,DATA13,2021-11-18 04:50:04.000000,1321246204.0,30.534804712,114.421190783,12.6138,41.6,24,0.00523450093132096,0.0113,30.5348047562,114.4211906721,0.011716393423259582
672,DATA13,DATA13,2021-11-18 04:50:05.000000,1321246205.0,30.534804678,114.421190767,12.62,53.0,24,0.00523450093132096,0.0113,30.5348047563,114.421190672,0.012588258228156212
673,DATA13,DATA13,2021-11-18 04:50:06.000000,1321246206.0,30.534804711,114.421190782,12.6137,46.7,24,0.00523450093132096,0.0113,30.5348047563,114.421190672,0.011689865290951127
674,DATA13,DATA13,2021-11-18 04:50:07.000000,1321246207.0,30.534804694,114.421190759,12.6136,45.1,24,0.00523450093132096,0.0113,30.5348047563,114.421190672,0.010835462148229147
675,DATA13,DATA13,2021-11-18 04:50:08.000000,1321246208.0,30.534804699,114.421190772,12.614,47.6,24,0.00523450093132096,0.0113,30.5348047563,114.421190672,0.011508490628059932
676,DATA13,DATA13,2021-11-18 04:50:09.000000,1321246209.0,30.534804691,114.421190761,12.6141,44.3,24,0.00523450093132096,0.0113,30.5348047563,114.421190672,0.011196143183297806
677,DATA13,DATA13,2021-11-18 04:50:10.000000,1321246210.0,30.534804702,114.42119077,12.6107,38.0,24,0.00523450093132096,0.0113,30.5348047563,114.421190672,0.011166184073495726
678,DATA13,DATA13,2021-11-18 04:50:11.000000,1321246211.0,30.534804679,114.421190778,12.6177,78.2,24,0.00523450093132096,0.0113,30.5348047563,114.421190672,0.013300885207920509
679,DATA13,DATA13,2021-11-18 04:50:12.000000,1321246212.0,30.534804679,114.421190756,12.6203,25.9,24,0.00523450093132096,0.0113,30.5348047563,114.421190672,0.011765153045817305
680,DATA13,DATA13,2021-11-18 04:50:13.000000,1321246213.0,30.53480469,114.421190773,12.6098,34.4,24,0.00523450093132096,0.0113,30.5348047563,114.421190672,0.012164216422375558
681,DATA13,DATA13,2021-11-18 04:50:14.000000,1321246214.0,30.534804704,114.42119078,12.6181,34.7,24,0.00523450093132096,0.0113,30.5348047563,114.421190672,0.011875794641303844
682,DATA13,DATA13,2021-11-18 04:50:15.000000,1321246215.0,30.534804692,114.421190779,12.6156,30.5,24,0.00523450093132096,0.0113,30.5348047563,114.421190672,0.012500043689659955
683,DATA13,DATA13,2021-11-18 04:50:16.000000,1321246216.0,30.534804704,114.421190765,12.6117,40.2,24,0.00523450093132096,0.0113,30.5348047563,114.421190672,0.010642769713826885
684,DATA13,DATA13,2021-11-18 04:50:17.000000,1321246217.0,30.534804701,114.421190772,12.6136,25.2,24,0.00523450093132096,0.0113,30.5348047563,114.421190672,0.01138760574611958
685,DATA13,DATA13,2021-11-18 04:50:18.000000,1321246218.0,30.534804699,114.421190767,12.6121,50.8,24,0.00523450093132096,0.0113,30.5348047563,114.421190672,0.011111539806192679
686,DATA13,DATA13,2021-11-18 04:50:19.000000,1321246219.0,30.534804706,114.421190777,12.611,44.1,24,0.00523450093132096,0.0113,30.5348047563,114.421190672,0.011516414205880024
687,DATA13,DATA13,2021-11-18 04:50:20.000000,1321246220.0,30.534804659,114.42119075,12.6223,30.5,24,0.00523450093132096,0.0113,30.5348047563,114.421190672,0.013129555153241958
688,DATA13,DATA13,2021-11-18 04:50:21.000000,1321246221.0,30.534804686,114.421190777,12.6153,37.2,24,0.00523450093132096,0.0113,30.5348047563,114.421190672,0.01273860478834532
689,DATA13,DATA13,2021-11-18 04:50:22.000000,1321246222.0,30.534804695,114.421190776,12.6134,40.2,24,0.00523450093132096,0.0113,30.5348047563,114.421190672,0.012074379871727126
690,DATA13,DATA13,2021-11-18 04:50:23.000000,1321246223.0,30.53480469,114.421190761,12.6194,36.3,24,0.0054451813560247924,0.0118,30.5348047563,114.421190672,0.011268142640794353
691,DATA13,DATA13,2021-11-18 04:50:24.000000,1321246224.0,30.53480468,114.421190769,12.6165,26.8,24,0.0054451813560247924,0.0118,30.5348047563,114.421190672,0.012577775744498622
692,DATA13,DATA13,2021-11-18 04:50:25.000000,1321246225.0,30.534804683,114.421190778,12.6154,58.6,24,0.00523450093132096,0.0113,30.5348047563,114.421190672,0.013019595184645419
693,DATA13,DATA13,2021-11-18 04:50:26.000000,1321246226.0,30.5348047,114.421190785,12.6118,33.1,24,0.00523450093132096,0.0113,30.5348047563,114.421190672,0.012511978943215457
694,DATA13,DATA13,2021-11-18 04:50:27.000000,1321246227.0,30.534804698,114.421190773,12.613,35.5,24,0.00523450093132096,0.0113,30.5348047563,114.421190672,0.01164977184480194
695,DATA13,DATA13,2021-11-18 04:50:28.000000,1321246228.0,30.534804698,114.421190787,12.6132,36.6,24,0.00523450093132096,0.0113,30.5348047563,114.421190672,0.012789292584192988
696,DATA13,DATA13,2021-11-18 04:50:29.000000,1321246229.0,30.534804704,114.421190771,12.6118,41.3,24,0.00523450093132096,0.0113,30.5348047563,114.421190672,0.01113003157739819
697,DATA13,DATA13,2021-11-18 04:50:30.000000,1321246230.0,30.534804711,114.421190766,12.6138,36.2,24,0.00523450093132096,0.0113,30.5348047563,114.421190672,0.010324433301555167
698,DATA13,DATA13,2021-11-18 04:50:31.000000,1321246231.0,30.53480471,114.421190761,12.617,29.9,24,0.00523450093132096,0.0113,30.5348047563,114.421190672,0.009964598761319868
699,DATA13,DATA13,2021-11-18 04:50:32.000000,1321246232.0,30.534804693,114.421190765,12.6198,29.1,24,0.00523450093132096,0.0113,30.5348047563,114.421190672,0.011353277445002688
700,DATA13,DATA13,2021-11-18 04:50:33.000000,1321246233.0,30.534804698,114.421190786,12.612,62.4,24,0.00523450093132096,0.0113,30.5348047563,114.421190672,0.0127065763651312
701,DATA13,DATA13,2021-11-18 04:50:34.000000,1321246234.0,30.534804698,114.421190791,12.6143,36.5,24,0.00523450093132096,0.0113,30.5348047563,114.421190672,0.013121961159841121
702,DATA13,DATA13,2021-11-18 04:50:35.000000,1321246235.0,30.534804703,114.421190772,12.6151,47.2,24,0.00523450093132096,0.0113,30.5348047563,114.421190672,0.011269787748804775
703,DATA13,DATA13,2021-11-18 04:50:36.000000,1321246236.0,30.534804712,114.421190778,12.6186,29.6,24,0.00523450093132096,0.0113,30.5348047563,114.421190672,0.011295793591180691
704,DATA13,DATA13,2021-11-18 04:50:37.000000,1321246237.0,30.534804718,114.421190774,12.6162,34.5,24,0.00523450093132096,0.0113,30.5348047563,114.421190672,0.010669664796158534
705,DATA13,DATA13,2021-11-18 04:50:38.000000,1321246238.0,30.534804713,114.421190785,12.6098,32.5,24,0.00523450093132096,0.0113,30.5348047563,114.421190672,0.011859009315771924
706,DATA13,DATA13,2021-11-18 04:50:39.000000,1321246239.0,30.534804706,114.42119078,12.6176,46.4,24,0.00523450093132096,0.0113,30.5348047563,114.421190672,0.011769134500968422
707,DATA13,DATA13,2021-11-18 04:50:40.000000,1321246240.0,30.534804719,114.421190788,12.612,19.6,24,0.00523450093132096,0.0113,30.5348047563,114.421190672,0.01187515445313213
708,DATA13,DATA13,2021-11-18 04:50:41.000000,1321246241.0,30.534804697,114.421190767,12.6157,36.8,24,0.00523450093132096,0.0113,30.5348047564,114.421190672,0.011246257970380527
709,DATA13,DATA13,2021-11-18 04:50:42.000000,1321246242.0,30.5348047,114.421190778,12.6143,30.9,24,0.00523450093132096,0.0113,30.5348047564,114.421190672,0.011940282116168184
710,DATA13,DATA13,2021-11-18 04:50:43.000000,1321246243.0,30.534804696,114.421190788,12.6166,46.0,24,0.00523450093132096,0.0113,30.5348047564,114.421190672,0.012990649109048265
711,DATA13,DATA13,2021-11-18 04:50:44.000000,1321246244.0,30.534804692,114.421190772,12.6151,45.0,24,0.00523450093132096,0.0113,30.5348047564,114.421190672,0.011960980121594269
712,DATA13,DATA13,2021-11-18 04:50:45.000000,1321246245.0,30.534804692,114.421190775,12.6161,43.4,24,0.00523450093132096,0.0113,30.5348047564,114.421190672,0.012193173341162815
713,DATA13,DATA13,2021-11-18 04:50:46.000000,1321246246.0,30.534804672,114.42119078,12.617,26.2,24,0.00523450093132096,0.0113,30.5348047564,114.421190672,0.013962997311616588
714,DATA13,DATA13,2021-11-18 04:50:47.000000,1321246247.0,30.534804697,114.421190772,12.6168,35.3,24,0.00523450093132096,0.0113,30.5348047564,114.421190672,0.011638614347079359
715,DATA13,DATA13,2021-11-18 04:50:48.000000,1321246248.0,30.534804697,114.421190804,12.61,30.5,24,0.00523450093132096,0.0113,30.5348047564,114.421190672,0.014276797327357447
716,DATA13,DATA13,2021-11-18 04:50:49.000000,1321246249.0,30.534804691,114.42119078,12.6178,45.8,24,0.00523450093132096,0.0113,30.5348047564,114.421190672,0.012648500672987693
717,DATA13,DATA13,2021-11-18 04:50:50.000000,1321246250.0,30.534804687,114.421190762,12.6163,42.3,24,0.00523450093132096,0.0113,30.5348047564,114.421190672,0.011566748008671333
718,DATA13,DATA13,2021-11-18 04:50:51.000000,1321246251.0,30.534804717,114.421190795,12.6054,15.8,24,0.00523450093132096,0.0113,30.5348047564,114.421190672,0.01258594395190817
719,DATA13,DATA13,2021-11-18 04:50:52.000000,1321246252.0,30.534804681,114.421190766,12.616,47.0,24,0.00523450093132096,0.0113,30.5348047564,114.421190672,0.012298191376070597
720,DATA13,DATA13,2021-11-18 04:50:53.000000,1321246253.0,30.534804696,114.42119076,12.6139,36.1,24,0.00523450093132096,0.0113,30.5348047564,114.421190672,0.010777459685389137
721,DATA13,DATA13,2021-11-18 04:50:54.000000,1321246254.0,30.534804691,114.421190772,12.6179,47.3,24,0.00523450093132096,0.0113,30.5348047564,114.421190672,0.012027482010927671
722,DATA13,DATA13,2021-11-18 04:50:55.000000,1321246255.0,30.534804704,114.421190781,12.6149,31.0,24,0.00523450093132096,0.0113,30.5348047564,114.421190672,0.011965014138467053
723,DATA13,DATA13,2021-11-18 04:50:56.000000,1321246256.0,30.534804703,114.421190791,12.6133,68.1,24,0.00523450093132096,0.0113,30.5348047564,114.421190672,0.012863086506643253
724,DATA13,DATA13,2021-11-18 04:50:57.000000,1321246257.0,30.534804697,114.421190806,12.6127,47.0,24,0.00523450093132096,0.0113,30.5348047564,114.421190672,0.01444736181310494
725,DATA13,DATA13,2021-11-18 04:50:58.000000,1321246258.0,30.534804699,114.421190772,12.6124,45.2,24,0.00523450093132096,0.0113,30.5348047564,114.421190672,0.011514613763706365
726,DATA13,DATA13,2021-11-18 04:50:59.000000,1321246259.0,30.534804687,114.42119078,12.6171,79.7,24,0.00523450093132096,0.0113,30.5348047564,114.421190672,0.012907808467910476
727,DATA13,DATA13,2021-11-18 04:51:00.000000,1321246260.0,30.534804701,114.421190789,12.6131,54.0,24,0.00523450093132096,0.0113,30.5348047564,114.421190672,0.012797914347295805
728,DATA13,DATA13,2021-11-18 04:51:01.000000,1321246261.0,30.534804708,114.42119079,12.6156,37.8,24,0.00523450093132096,0.0113,30.5348047564,114.421190672,0.012530786926895045
729,DATA13,DATA13,2021-11-18 04:51:02.000000,1321246262.0,30.534804702,114.42119078,12.6173,51.0,24,0.00523450093132096,0.0113,30.5348047563,114.421190672,0.01198560744974409
730,DATA13,DATA13,2021-11-18 04:51:03.000000,1321246263.0,30.534804702,114.421190797,12.6113,30.1,24,0.00523450093132096,0.0113,30.5348047563,114.421190672,0.013421350911820135
731,DATA13,DATA13,2021-11-18 04:51:04.000000,1321246264.0,30.534804703,114.42119078,12.6127,43.5,24,0.00523450093132096,0.0113,30.5348047563,114.421190672,0.011930312143492607
732,DATA13,DATA13,2021-11-18 04:51:05.000000,1321246265.0,30.534804695,114.421190803,12.6138,34.5,24,0.00523450093132096,0.0113,30.5348047563,114.421190672,0.014290676869325902
733,DATA13,DATA13,2021-11-18 04:51:06.000000,1321246266.0,30.53480468,114.421190799,12.6073,28.1,24,0.00523450093132096,0.0113,30.5348047563,114.421190672,0.01483532006609569
734,DATA13,DATA13,2021-11-18 04:51:07.000000,1321246267.0,30.534804693,114.421190769,12.6136,32.8,24,0.00523450093132096,0.0114,30.5348047563,114.421190672,0.011657442468455091
735,DATA13,DATA13,2021-11-18 04:51:08.000000,1321246268.0,30.534804701,114.421190786,12.6141,54.1,24,0.00523450093132096,0.0113,30.5348047563,114.421190672,0.012540675324750528
736,DATA13,DATA13,2021-11-18 04:51:09.000000,1321246269.0,30.534804689,114.421190791,12.6115,38.1,24,0.00523450093132096,0.0113,30.5348047563,114.421190672,0.013641071910455018
737,DATA13,DATA13,2021-11-18 04:51:10.000000,1321246270.0,30.534804688,114.421190773,12.6154,41.9,24,0.00523450093132096,0.0113,30.5348047564,114.421190672,0.012306288499137891
738,DATA13,DATA13,2021-11-18 04:51:11.000000,1321246271.0,30.534804693,114.421190783,12.61,23.9,24,0.00523450093132096,0.0113,30.5348047564,114.421190672,0.012762015555176478
739,DATA13,DATA13,2021-11-18 04:51:12.000000,1321246272.0,30.534804704,114.421190783,12.6098,31.5,24,0.00523450093132096,0.0113,30.5348047563,114.421190672,0.012127858726602157
740,DATA13,DATA13,2021-11-18 04:51:13.000000,1321246273.0,30.534804698,114.421190789,12.6123,41.7,24,0.00523450093132096,0.0113,30.5348047564,114.421190672,0.01296080721997501
741,DATA13,DATA13,2021-11-18 04:51:14.000000,1321246274.0,30.534804684,114.421190785,12.6143,36.8,24,0.00523450093132096,0.0113,30.5348047564,114.421190672,0.013491331497451135
742,DATA13,DATA13,2021-11-18 04:51:15.000000,1321246275.0,30.534804711,114.421190781,12.6093,38.5,24,0.00523450093132096,0.0113,30.5348047564,114.421190672,0.01160808389713859
743,DATA13,DATA13,2021-11-18 04:51:16.000000,1321246276.0,30.534804694,114.421190774,12.6144,29.2,24,0.00523450093132096,0.0113,30.5348047564,114.421190672,0.011986190636445047
744,DATA13,DATA13,2021-11-18 04:51:17.000000,1321246277.0,30.534804698,114.421190787,12.6118,41.4,24,0.00523450093132096,0.0113,30.5348047564,114.421190672,0.012794898979280794
745,DATA13,DATA13,2021-11-18 04:51:18.000000,1321246278.0,30.5348047,114.421190794,12.6152,37.3,24,0.00523450093132096,0.0113,30.5348047564,114.421190672,0.013272743767065323
746,DATA13,DATA13,2021-11-18 04:51:19.000000,1321246279.0,30.534804695,114.421190789,12.6124,53.3,24,0.00523450093132096,0.0113,30.5348047564,114.421190672,0.013130105664955212
747,DATA13,DATA13,2021-11-18 04:51:20.000000,1321246280.0,30.534804704,114.421190782,12.6081,21.7,24,0.00523450093132096,0.0113,30.5348047564,114.421190672,0.012048999202211787
748,DATA13,DATA13,2021-11-18 04:51:21.000000,1321246281.0,30.534804681,114.421190777,12.6188,41.5,24,0.00523450093132096,0.0113,30.5348047564,114.421190672,0.013092158975895095
749,DATA13,DATA13,2021-11-18 04:51:22.000000,1321246282.0,30.534804694,114.421190793,12.6154,26.5,24,0.00523450093132096,0.0113,30.5348047564,114.421190672,0.013516227509225395
750,DATA13,DATA13,2021-11-18 04:51:23.000000,1321246283.0,30.534804702,114.42119078,12.617,51.6,24,0.00523450093132096,0.0113,30.5348047564,114.421190672,0.01199117959207638
751,DATA13,DATA13,2021-11-18 04:51:24.000000,1321246284.0,30.534804683,114.421190764,12.6106,25.6,24,0.00523450093132096,0.0113,30.5348047564,114.421190672,0.012006751613470607
752,DATA13,DATA13,2021-11-18 04:51:25.000000,1321246285.0,30.534804696,114.421190788,12.6129,32.0,24,0.00523450093132096,0.0113,30.5348047565,114.421190672,0.012996367068268504
753,DATA13,DATA13,2021-11-18 04:51:26.000000,1321246286.0,30.534804699,114.421190762,12.614,55.7,23,0.0054451813560247924,0.0118,30.5348047565,114.421190672,0.010734520144146546
754,DATA13,DATA13,2021-11-18 04:51:27.000000,1321246287.0,30.534804692,114.421190771,12.616,67.2,24,0.0054451813560247924,0.0118,30.5348047565,114.421190672,0.01189078702690806
755,DATA13,DATA13,2021-11-18 04:51:28.000000,1321246288.0,30.534804693,114.421190772,12.6129,104.5,24,0.0054451813560247924,0.0118,30.5348047565,114.421190672,0.011901693649558372
756,DATA13,DATA13,2021-11-18 04:51:29.000000,1321246289.0,30.534804687,114.421190782,12.6144,42.1,24,0.0054451813560247924,0.0118,30.5348047565,114.421190672,0.013068949203082218
757,DATA13,DATA13,2021-11-18 04:51:30.000000,1321246290.0,30.53480468,114.421190752,12.619,42.5,24,0.0054451813560247924,0.0118,30.5348047565,114.421190672,0.011439639217210607
758,DATA13,DATA13,2021-11-18 04:51:31.000000,1321246291.0,30.534804705,114.42119078,12.6114,57.3,24,0.00523450093132096,0.0113,30.5348047565,114.421190672,0.011832747211482435
759,DATA13,DATA13,2021-11-18 04:51:32.000000,1321246292.0,30.534804693,114.421190776,12.6119,62.1,24,0.0054451813560247924,0.0118,30.5348047565,114.421190672,0.012213315669226557
760,DATA13,DATA13,2021-11-18 04:51:33.000000,1321246293.0,30.534804696,114.42119077,12.6155,59.2,24,0.0054451813560247924,0.0118,30.5348047565,114.421190672,0.011551252541037404
761,DATA13,DATA13,2021-11-18 04:51:34.000000,1321246294.0,30.534804696,114.421190774,12.6172,35.3,24,0.0054451813560247924,0.0118,30.5348047565,114.421190672,0.011865869366328274
762,DATA13,DATA13,2021-11-18 04:51:35.000000,1321246295.0,30.534804684,114.421190789,12.6141,79.1,24,0.0054451813560247924,0.0118,30.5348047565,114.421190672,0.013808209310036698
763,DATA13,DATA13,2021-11-18 04:51:36.000000,1321246296.0,30.534804688,114.421190761,12.6156,33.1,24,0.0054451813560247924,0.0118,30.5348047565,114.421190672,0.011428729734870016
764,DATA13,DATA13,2021-11-18 04:51:37.000000,1321246297.0,30.534804696,114.421190759,12.6118,29.0,24,0.00523450093132096,0.0113,30.5348047565,114.421190672,0.010709369466974135
765,DATA13,DATA13,2021-11-18 04:51:38.000000,1321246298.0,30.534804698,114.421190756,12.6155,37.0,24,0.00523450093132096,0.0113,30.5348047565,114.421190672,0.010346069119712458
766,DATA13,DATA13,2021-11-18 04:51:39.000000,1321246299.0,30.534804701,114.421190761,12.612,34.0,24,0.0054451813560247924,0.0118,30.5348047565,114.421190672,0.010526341445063836
767,DATA13,DATA13,2021-11-18 04:51:40.000000,1321246300.0,30.534804696,114.421190756,12.6107,35.4,24,0.0054451813560247924,0.0118,30.5348047565,114.421190672,0.010486479351264795
768,DATA13,DATA13,2021-11-18 04:51:41.000000,1321246301.0,30.534804691,114.421190757,12.6149,31.8,24,0.0054451813560247924,0.0118,30.5348047565,114.421190672,0.010920874842796349
769,DATA13,DATA13,2021-11-18 04:51:42.000000,1321246302.0,30.534804691,114.421190747,12.6121,29.7,24,0.0054451813560247924,0.0118,30.5348047565,114.421190672,0.010224024054757516
770,DATA13,DATA13,2021-11-18 04:51:43.000000,1321246303.0,30.534804692,114.421190747,12.6157,32.8,24,0.00523450093132096,0.0113,30.5348047565,114.421190672,0.010145586495322198
771,DATA13,DATA13,2021-11-18 04:51:44.000000,1321246304.0,30.534804697,114.42119076,12.6147,29.6,24,0.00523450093132096,0.0113,30.5348047565,114.421190672,0.010715754120627714
772,DATA13,DATA13,2021-11-18 04:51:45.000000,1321246305.0,30.534804703,114.42119077,12.6161,33.6,24,0.00523450093132096,0.0113,30.5348047565,114.421190672,0.011118621771452983
773,DATA13,DATA13,2021-11-18 04:51:46.000000,1321246306.0,30.53480469,114.421190765,12.6171,42.9,24,0.00523450093132096,0.0113,30.5348047565,114.421190672,0.01157591587667528
774,DATA13,DATA13,2021-11-18 04:51:47.000000,1321246307.0,30.534804717,114.421190763,12.61,32.6,24,0.00523450093132096,0.0113,30.5348047565,114.421190672,0.009769232393442823
775,DATA13,DATA13,2021-11-18 04:51:48.000000,1321246308.0,30.534804702,114.421190754,12.6117,45.2,24,0.0054451813560247924,0.0118,30.5348047565,114.421190672,0.009921109999024267
776,DATA13,DATA13,2021-11-18 04:51:49.000000,1321246309.0,30.534804707,114.421190741,12.6142,46.0,24,0.0054451813560247924,0.0118,30.5348047565,114.421190672,0.00859998233006375
777,DATA13,DATA13,2021-11-18 04:51:50.000000,1321246310.0,30.53480471,114.421190753,12.6086,51.6,24,0.00523450093132096,0.0113,30.5348047565,114.421190672,0.009327204464826561
778,DATA13,DATA13,2021-11-18 04:51:51.000000,1321246311.0,30.534804704,114.42119075,12.613,36.0,24,0.00523450093132096,0.0113,30.5348047565,114.421190672,0.00948179181054269
779,DATA13,DATA13,2021-11-18 04:51:52.000000,1321246312.0,30.534804695,114.421190763,12.6121,36.7,24,0.00523450093132096,0.0113,30.5348047565,114.421190672,0.011079124893129308
780,DATA13,DATA13,2021-11-18 04:51:53.000000,1321246313.0,30.534804694,114.421190739,12.6215,31.6,24,0.00523450093132096,0.0113,30.5348047565,114.421190672,0.009452484648782166
781,DATA13,DATA13,2021-11-18 04:51:54.000000,1321246314.0,30.534804712,114.421190763,12.6112,40.8,24,0.00523450093132096,0.0113,30.5348047565,114.421190672,0.010029946863180381
782,DATA13,DATA13,2021-11-18 04:51:55.000000,1321246315.0,30.534804714,114.421190751,12.6162,31.5,24,0.00523450093132096,0.0113,30.5348047565,114.421190672,0.008926052232316054
783,DATA13,DATA13,2021-11-18 04:51:56.000000,1321246316.0,30.534804698,114.421190749,12.6145,30.6,23,0.0054451813560247924,0.0118,30.5348047565,114.421190672,0.009831699800102667
784,DATA13,DATA13,2021-11-18 04:51:57.000000,1321246317.0,30.534804688,114.421190744,12.6157,36.0,24,0.0054451813560247924,0.0118,30.5348047565,114.421190672,0.010266942073331013
785,DATA13,DATA13,2021-11-18 04:51:58.000000,1321246318.0,30.53480469,114.421190761,12.6223,21.3,24,0.0054451813560247924,0.0118,30.5348047565,114.421190672,0.011282618144091702
786,DATA13,DATA13,2021-11-18 04:51:59.000000,1321246319.0,30.534804681,114.421190747,12.615,30.8,24,0.0054451813560247924,0.0118,30.5348047565,114.421190672,0.011039023153105239
787,DATA13,DATA13,2021-11-18 04:52:00.000000,1321246320.0,30.534804693,114.421190755,12.6173,38.2,24,0.0054451813560247924,0.0118,30.5348047565,114.421190672,0.010630158955704115
788,DATA13,DATA13,2021-11-18 04:52:01.000000,1321246321.0,30.534804685,114.421190757,12.617,45.1,23,0.0054451813560247924,0.0118,30.5348047565,114.4211906719,0.01138089607678004
789,DATA13,DATA13,2021-11-18 04:52:02.000000,1321246322.0,30.53480469,114.421190742,12.6184,44.6,24,0.0054451813560247924,0.0118,30.5348047565,114.4211906719,0.009980244966342028
790,DATA13,DATA13,2021-11-18 04:52:03.000000,1321246323.0,30.534804687,114.421190766,12.6183,28.5,24,0.0054451813560247924,0.0118,30.5348047565,114.4211906719,0.011870620378926897
791,DATA13,DATA13,2021-11-18 04:52:04.000000,1321246324.0,30.534804691,114.421190764,12.6208,53.4,24,0.0054451813560247924,0.0118,30.5348047565,114.4211906719,0.01143876387851573
792,DATA13,DATA13,2021-11-18 04:52:05.000000,1321246325.0,30.534804694,114.421190767,12.6172,35.0,24,0.0054451813560247924,0.0118,30.5348047566,114.4211906719,0.011465230402600092
793,DATA13,DATA13,2021-11-18 04:52:06.000000,1321246326.0,30.534804696,114.421190747,12.6187,43.1,24,0.0054451813560247924,0.0118,30.5348047566,114.4211906719,0.009852656211450445
794,DATA13,DATA13,2021-11-18 04:52:07.000000,1321246327.0,30.534804691,114.421190765,12.6162,39.8,24,0.00523450093132096,0.0113,30.5348047565,114.4211906719,0.011513074152800286
795,DATA13,DATA13,2021-11-18 04:52:08.000000,1321246328.0,30.534804717,114.421190773,12.6106,30.9,24,0.00523450093132096,0.0113,30.5348047565,114.4211906719,0.010644520417507748
796,DATA13,DATA13,2021-11-18 04:52:09.000000,1321246329.0,30.53480472,114.421190771,12.6108,24.9,24,0.00523450093132096,0.0113,30.5348047565,114.4211906719,0.010335193304223687
797,DATA13,DATA13,2021-11-18 04:52:10.000000,1321246330.0,30.534804701,114.421190757,12.6137,28.0,24,0.00523450093132096,0.0113,30.5348047565,114.4211906719,0.010225011891540601
798,DATA13,DATA13,2021-11-18 04:52:11.000000,1321246331.0,30.534804693,114.421190758,12.6144,35.1,24,0.00523450093132096,0.0113,30.5348047565,114.4211906719,0.010854854139475728
799,DATA13,DATA13,2021-11-18 04:52:12.000000,1321246332.0,30.53480472,114.42119078,12.6165,18.8,24,0.00523450093132096,0.0113,30.5348047566,114.4211906719,0.01113909870014171
800,DATA13,DATA13,2021-11-18 04:52:13.000000,1321246333.0,30.534804688,114.421190759,12.6164,31.0,24,0.00523450093132096,0.0113,30.5348047566,114.4211906719,0.011300576317998943
801,DATA13,DATA13,2021-11-18 04:52:14.000000,1321246334.0,30.53480472,114.421190755,12.6148,28.9,24,0.00523450093132096,0.0113,30.5348047566,114.4211906719,0.008947581458466037
802,DATA13,DATA13,2021-11-18 04:52:15.000000,1321246335.0,30.534804694,114.421190746,12.6189,22.8,24,0.00523450093132096,0.0113,30.5348047566,114.4211906719,0.009936253320709963
803,DATA13,DATA13,2021-11-18 04:52:16.000000,1321246336.0,30.534804697,114.42119076,12.6159,35.7,24,0.00523450093132096,0.0113,30.5348047566,114.4211906719,0.010730141032130708
804,DATA13,DATA13,2021-11-18 04:52:17.000000,1321246337.0,30.534804702,114.421190759,12.6162,29.9,24,0.00523450093132096,0.0113,30.5348047566,114.4211906719,0.010320110391673278
805,DATA13,DATA13,2021-11-18 04:52:18.000000,1321246338.0,30.534804717,114.421190758,12.6143,21.1,24,0.00523450093132096,0.0113,30.5348047566,114.4211906719,0.009356462910825227
806,DATA13,DATA13,2021-11-18 04:52:19.000000,1321246339.0,30.53480471,114.421190761,12.6155,29.9,24,0.00523450093132096,0.0113,30.5348047566,114.4211906719,0.009989983147877645
807,DATA13,DATA13,2021-11-18 04:52:20.000000,1321246340.0,30.534804703,114.421190745,12.6218,37.8,24,0.00523450093132096,0.0113,30.5348047566,114.4211906719,0.009193493299598232
808,DATA13,DATA13,2021-11-18 04:52:21.000000,1321246341.0,30.534804721,114.421190755,12.6214,19.3,24,0.00523450093132096,0.0113,30.5348047566,114.4211906719,0.00889785667915962
809,DATA13,DATA13,2021-11-18 04:52:22.000000,1321246342.0,30.53480472,114.421190754,12.6127,20.8,24,0.00523450093132096,0.0113,30.5348047566,114.4211906719,0.008862157433628455
810,DATA13,DATA13,2021-11-18 04:52:23.000000,1321246343.0,30.534804705,114.421190762,12.6163,28.9,24,0.00523450093132096,0.0113,30.5348047566,114.4211906719,0.010367478178922772
811,DATA13,DATA13,2021-11-18 04:52:24.000000,1321246344.0,30.534804712,114.421190747,12.6173,24.3,24,0.00523450093132096,0.0113,30.5348047566,114.4211906719,0.008740009193809479
812,DATA13,DATA13,2021-11-18 04:52:25.000000,1321246345.0,30.53480472,114.42119077,12.6126,47.5,24,0.00523450093132096,0.0113,30.5348047566,114.4211906719,0.010251340078028425
813,DATA13,DATA13,2021-11-18 04:52:26.000000,1321246346.0,30.534804667,114.421190745,12.6321,22.6,24,0.00523450093132096,0.0113,30.5348047566,114.4211906719,0.012160567161990442
814,DATA13,DATA13,2021-11-18 04:52:27.000000,1321246347.0,30.534804711,114.421190755,12.6192,43.9,24,0.00523450093132096,0.0113,30.5348047566,114.4211906719,0.009442012389326796
815,DATA13,DATA13,2021-11-18 04:52:28.000000,1321246348.0,30.534804728,114.421190762,12.6209,24.0,24,0.00523450093132096,0.0113,30.5348047566,114.4211906719,0.009209445121595916
816,DATA13,DATA13,2021-11-18 04:52:29.000000,1321246349.0,30.534804703,114.421190743,12.6184,33.4,23,0.0054451813560247924,0.0118,30.5348047566,114.4211906719,0.009047892669390439
817,DATA13,DATA13,2021-11-18 04:52:30.000000,1321246350.0,30.534804693,114.421190739,12.6196,39.5,24,0.0054451813560247924,0.0118,30.5348047566,114.4211906719,0.00954870291108633
818,DATA13,DATA13,2021-11-18 04:52:31.000000,1321246351.0,30.534804705,114.421190753,12.6222,42.0,24,0.00523450093132096,0.0113,30.5348047566,114.4211906719,0.009658933170503212
819,DATA13,DATA13,2021-11-18 04:52:32.000000,1321246352.0,30.534804693,114.421190744,12.618,24.9,23,0.0054451813560247924,0.0118,30.5348047566,114.4211906719,0.009878632416340032
820,DATA13,DATA13,2021-11-18 04:52:33.000000,1321246353.0,30.534804698,114.42119072,12.6194,35.4,24,0.0054451813560247924,0.0118,30.5348047566,114.4211906719,0.00796938630695651
821,DATA13,DATA13,2021-11-18 04:52:34.000000,1321246354.0,30.534804706,114.42119074,12.6197,31.4,24,0.0054451813560247924,0.0118,30.5348047566,114.4211906719,0.008612585480395157
822,DATA13,DATA13,2021-11-18 04:52:35.000000,1321246355.0,30.534804701,114.421190752,12.6192,29.4,24,0.0054451813560247924,0.0118,30.5348047566,114.4211906719,0.009852945789563161
823,DATA13,DATA13,2021-11-18 04:52:36.000000,1321246356.0,30.534804679,114.421190754,12.6251,24.6,24,0.0054451813560247924,0.0118,30.5348047566,114.4211906719,0.011665486335271275
824,DATA13,DATA13,2021-11-18 04:52:37.000000,1321246357.0,30.534804712,114.421190768,12.6144,42.9,24,0.00523450093132096,0.0113,30.5348047566,114.4211906719,0.010464077928200574
825,DATA13,DATA13,2021-11-18 04:52:38.000000,1321246358.0,30.534804715,114.421190772,12.6144,31.7,24,0.00523450093132096,0.0113,30.5348047566,114.4211906719,0.0106557997582715
826,DATA13,DATA13,2021-11-18 04:52:39.000000,1321246359.0,30.534804719,114.421190771,12.6118,40.4,24,0.00523450093132096,0.0113,30.5348047566,114.4211906719,0.010383544450838488
827,DATA13,DATA13,2021-11-18 04:52:40.000000,1321246360.0,30.534804703,114.421190756,12.6175,51.7,24,0.00523450093132096,0.0113,30.5348047566,114.4211906719,0.010022224342612952
828,DATA13,DATA13,2021-11-18 04:52:41.000000,1321246361.0,30.534804702,114.421190763,12.6102,45.9,24,0.00523450093132096,0.0113,30.5348047566,114.4211906719,0.010633392037849418
829,DATA13,DATA13,2021-11-18 04:52:42.000000,1321246362.0,30.534804712,114.421190765,12.6124,43.6,24,0.00523450093132096,0.0113,30.5348047566,114.4211906719,0.010211255957680663
830,DATA13,DATA13,2021-11-18 04:52:43.000000,1321246363.0,30.534804705,114.421190749,12.617,37.7,24,0.00523450093132096,0.0113,30.5348047566,114.4211906719,0.009352399402006712
831,DATA13,DATA13,2021-11-18 04:52:44.000000,1321246364.0,30.5348047,114.421190756,12.6158,39.7,24,0.00523450093132096,0.0113,30.5348047566,114.4211906719,0.010222923811997246
832,DATA13,DATA13,2021-11-18 04:52:45.000000,1321246365.0,30.534804686,114.42119076,12.6207,36.3,23,0.0054451813560247924,0.0118,30.5348047566,114.4211906719,0.011521203024119719
833,DATA13,DATA13,2021-11-18 04:52:46.000000,1321246366.0,30.534804682,114.421190751,12.6189,37.6,24,0.0054451813560247924,0.0118,30.5348047566,114.4211906719,0.01122578327789037
834,DATA13,DATA13,2021-11-18 04:52:47.000000,1321246367.0,30.534804697,114.421190757,12.6165,27.4,24,0.0054451813560247924,0.0118,30.5348047566,114.4211906719,0.010504798475454312
835,DATA13,DATA13,2021-11-18 04:52:48.000000,1321246368.0,30.534804689,114.421190762,12.6131,40.4,24,0.0054451813560247924,0.0118,30.5348047566,114.4211906719,0.011442233262677182
836,DATA13,DATA13,2021-11-18 04:52:49.000000,1321246369.0,30.534804696,114.421190791,12.62,29.6,24,0.00523450093132096,0.0113,30.5348047566,114.4211906719,0.013257683281368253
837,DATA13,DATA13,2021-11-18 04:52:50.000000,1321246370.0,30.534804717,114.421190775,12.6156,34.6,24,0.00523450093132096,0.0113,30.5348047566,114.4211906719,0.01082423551988333
838,DATA13,DATA13,2021-11-18 04:52:51.000000,1321246371.0,30.534804691,114.421190782,12.6141,25.4,24,0.00523450093132096,0.0113,30.5348047566,114.4211906719,0.012826708547579174
839,DATA13,DATA13,2021-11-18 04:52:52.000000,1321246372.0,30.534804712,114.421190783,12.6047,28.6,24,0.00523450093132096,0.0113,30.5348047566,114.4211906719,0.011752417202096008
840,DATA13,DATA13,2021-11-18 04:52:53.000000,1321246373.0,30.534804706,114.421190767,12.6079,32.0,24,0.00523450093132096,0.0113,30.5348047566,114.4211906719,0.010712438408746373
841,DATA13,DATA13,2021-11-18 04:52:54.000000,1321246374.0,30.534804698,114.421190759,12.6105,21.5,23,0.00523450093132096,0.0116,30.5348047566,114.4211906719,0.010586299760555676
842,DATA13,DATA13,2021-11-18 04:52:55.000000,1321246375.0,30.534804693,114.421190752,12.6146,24.1,24,0.00523450093132096,0.0113,30.5348047566,114.4211906719,0.010430751741164422
843,DATA13,DATA13,2021-11-18 04:52:56.000000,1321246376.0,30.534804692,114.421190769,12.6131,29.5,24,0.00523450093132096,0.0113,30.5348047566,114.4211906719,0.011752370296162775
844,DATA13,DATA13,2021-11-18 04:52:57.000000,1321246377.0,30.534804707,114.421190773,12.6149,22.6,24,0.00523450093132096,0.0113,30.5348047566,114.4211906719,0.011151949968821713
845,DATA13,DATA13,2021-11-18 04:52:59.000000,1321246379.0,30.534804705,114.421190771,12.6153,40.4,24,0.00523450093132096,0.0113,30.5348047566,114.4211906719,0.011098024710794858
846,DATA13,DATA13,2021-11-18 04:53:00.000000,1321246380.0,30.534804694,114.421190752,12.6099,19.1,24,0.00523450093132096,0.0113,30.5348047566,114.4211906719,0.010356135719575487
847,DATA13,DATA13,2021-11-18 04:53:01.000000,1321246381.0,30.534804692,114.421190744,12.6102,26.7,24,0.00523450093132096,0.0116,30.5348047566,114.4211906719,0.009958061986561963
848,DATA13,DATA13,2021-11-18 04:53:02.000000,1321246382.0,30.534804702,114.421190756,12.6186,24.5,24,0.00523450093132096,0.0113,30.5348047566,114.4211906719,0.010088349083416609
849,DATA13,DATA13,2021-11-18 04:53:03.000000,1321246383.0,30.534804689,114.421190737,12.6176,21.7,24,0.00523450093132096,0.0113,30.5348047566,114.4211906719,0.009756678089231462
850,DATA13,DATA13,2021-11-18 04:53:04.000000,1321246384.0,30.534804708,114.421190756,12.6194,15.0,24,0.00523450093132096,0.0113,30.5348047566,114.4211906719,0.009703846452527337
851,DATA13,DATA13,2021-11-18 04:53:05.000000,1321246385.0,30.534804695,114.421190754,12.6156,24.8,24,0.00523450093132096,0.0113,30.5348047566,114.4211906719,0.010426436571471007
852,DATA13,DATA13,2021-11-18 04:53:06.000000,1321246386.0,30.534804698,114.421190749,12.6151,21.0,24,0.00523450093132096,0.0113,30.5348047567,114.4211906719,0.009853542948734159
853,DATA13,DATA13,2021-11-18 04:53:07.000000,1321246387.0,30.53480471,114.421190793,12.605,21.7,23,0.00523450093132096,0.0116,30.5348047567,114.4211906719,0.01272240714082177
854,DATA13,DATA13,2021-11-18 04:53:08.000000,1321246388.0,30.534804687,114.421190753,12.6146,28.2,24,0.00523450093132096,0.0116,30.5348047567,114.4211906719,0.010967168155476879
855,DATA13,DATA13,2021-11-18 04:53:09.000000,1321246389.0,30.534804691,114.421190756,12.6122,20.2,24,0.00523450093132096,0.0116,30.5348047567,114.4211906719,0.010871358607219774
856,DATA13,DATA13,2021-11-18 04:53:10.000000,1321246390.0,30.534804681,114.421190772,12.6099,32.4,24,0.00523450093132096,0.0116,30.5348047567,114.4211906719,0.012755645831497476
857,DATA13,DATA13,2021-11-18 04:53:11.000000,1321246391.0,30.53480469,114.421190758,12.6154,43.2,24,0.00523450093132096,0.0116,30.5348047567,114.4211906719,0.011088214759539515
858,DATA13,DATA13,2021-11-18 04:53:12.000000,1321246392.0,30.534804679,114.421190771,12.6088,23.3,24,0.00523450093132096,0.0116,30.5348047567,114.4211906719,0.012831316532768247
859,DATA13,DATA13,2021-11-18 04:53:13.000000,1321246393.0,30.534804689,114.421190751,12.6148,25.7,24,0.00523450093132096,0.0113,30.5348047567,114.4211906719,0.010674770840270725
860,DATA13,DATA13,2021-11-18 04:53:14.000000,1321246394.0,30.534804679,114.42119077,12.6213,28.1,24,0.0054451813560247924,0.0118,30.5348047567,114.4211906719,0.012760353035328601
861,DATA13,DATA13,2021-11-18 04:53:15.000000,1321246395.0,30.534804685,114.42119077,12.6185,37.5,24,0.0054451813560247924,0.0118,30.5348047567,114.4211906719,0.012321101775623908
862,DATA13,DATA13,2021-11-18 04:53:16.000000,1321246396.0,30.534804665,114.421190755,12.6174,31.4,24,0.0054451813560247924,0.0118,30.5348047567,114.4211906719,0.012920664399916655
863,DATA13,DATA13,2021-11-18 04:53:17.000000,1321246397.0,30.534804684,114.421190759,12.6144,29.1,24,0.0054451813560247924,0.0118,30.5348047567,114.4211906719,0.011611338802389343
864,DATA13,DATA13,2021-11-18 04:53:18.000000,1321246398.0,30.534804681,114.421190766,12.6183,28.4,24,0.0054451813560247924,0.0118,30.5348047567,114.4211906719,0.012327848808531548
865,DATA13,DATA13,2021-11-18 04:53:19.000000,1321246399.0,30.534804699,114.421190758,12.6193,32.1,24,0.00523450093132096,0.0113,30.5348047567,114.4211906719,0.010449319204272773
866,DATA13,DATA13,2021-11-18 04:53:20.000000,1321246400.0,30.534804714,114.421190785,12.6114,14.5,24,0.00523450093132096,0.0113,30.5348047567,114.4211906719,0.011841036556015816
867,DATA13,DATA13,2021-11-18 04:53:21.000000,1321246401.0,30.534804695,114.421190778,12.6181,21.2,24,0.00523450093132096,0.0113,30.5348047567,114.4211906719,0.01226615480744911
868,DATA13,DATA13,2021-11-18 04:53:22.000000,1321246402.0,30.534804697,114.421190771,12.6161,28.2,24,0.00523450093132096,0.0113,30.5348047567,114.4211906719,0.011586468951441399
869,DATA13,DATA13,2021-11-18 04:53:23.000000,1321246403.0,30.534804691,114.421190774,12.6183,33.3,24,0.00523450093132096,0.0113,30.5348047567,114.4211906719,0.012208693683128886
870,DATA13,DATA13,2021-11-18 04:53:24.000000,1321246404.0,30.53480469,114.421190771,12.6171,33.0,24,0.00523450093132096,0.0113,30.5348047567,114.4211906719,0.012046606716288967
871,DATA13,DATA13,2021-11-18 04:53:25.000000,1321246405.0,30.534804673,114.421190771,12.6146,35.1,24,0.00523450093132096,0.0113,30.5348047569,114.4211906718,0.01330936578675128
872,DATA13,DATA13,2021-11-18 04:53:26.000000,1321246406.0,30.53480468,114.421190767,12.6178,38.9,24,0.00523450093132096,0.0113,30.5348047567,114.4211906718,0.012480647793889703
873,DATA13,DATA13,2021-11-18 04:53:27.000000,1321246407.0,30.534804681,114.421190758,12.6167,27.3,24,0.00523450093132096,0.0113,30.5348047567,114.4211906718,0.011783822144930041
874,DATA13,DATA13,2021-11-18 04:53:28.000000,1321246408.0,30.534804685,114.421190746,12.618,26.8,24,0.00523450093132096,0.0113,30.5348047566,114.4211906719,0.010657080878147344
875,DATA13,DATA13,2021-11-18 04:53:29.000000,1321246409.0,30.53480469,114.421190781,12.6158,25.4,24,0.00523450093132096,0.0113,30.5348047567,114.4211906719,0.012817739121749513
876,DATA13,DATA13,2021-11-18 04:53:30.000000,1321246410.0,30.534804689,114.421190781,12.6212,25.0,24,0.00523450093132096,0.0113,30.5348047567,114.4211906719,0.012882012973216164
877,DATA13,DATA13,2021-11-18 04:53:31.000000,1321246411.0,30.534804691,114.421190773,12.6189,31.5,23,0.00523450093132096,0.0116,30.5348047567,114.4211906718,0.012139489074677018
878,DATA13,DATA13,2021-11-18 04:53:32.000000,1321246412.0,30.534804701,114.421190782,12.615,23.0,24,0.00523450093132096,0.0116,30.5348047567,114.4211906718,0.012246153557812197
879,DATA13,DATA13,2021-11-18 04:53:33.000000,1321246413.0,30.534804694,114.421190758,12.6181,32.3,24,0.00523450093132096,0.0116,30.5348047567,114.4211906718,0.010804893048375508
880,DATA13,DATA13,2021-11-18 04:53:34.000000,1321246414.0,30.534804688,114.421190767,12.618,34.0,24,0.00523450093132096,0.0116,30.5348047567,114.4211906718,0.011894135476193758
881,DATA13,DATA13,2021-11-18 04:53:35.000000,1321246415.0,30.534804681,114.42119076,12.6157,19.6,24,0.00523450093132096,0.0116,30.5348047567,114.4211906718,0.011919340126287986
882,DATA13,DATA13,2021-11-18 04:53:36.000000,1321246416.0,30.534804686,114.421190749,12.6187,35.2,24,0.00523450093132096,0.0116,30.5348047567,114.4211906719,0.01077853065557436
883,DATA13,DATA13,2021-11-18 04:53:37.000000,1321246417.0,30.534804697,114.421190776,12.62,30.2,24,0.00523450093132096,0.0113,30.5348047567,114.4211906719,0.011983442346987084
884,DATA13,DATA13,2021-11-18 04:53:38.000000,1321246418.0,30.534804714,114.421190786,12.6095,19.4,24,0.00523450093132096,0.0113,30.5348047567,114.4211906719,0.011929061401139722
885,DATA13,DATA13,2021-11-18 04:53:39.000000,1321246419.0,30.534804709,114.421190774,12.6182,24.8,24,0.00523450093132096,0.0113,30.5348047567,114.4211906719,0.011133966608757321
886,DATA13,DATA13,2021-11-18 04:53:40.000000,1321246420.0,30.534804701,114.421190781,12.6145,28.8,24,0.00523450093132096,0.0112,30.5348047567,114.4211906719,0.012155112055026795
887,DATA13,DATA13,2021-11-18 04:53:41.000000,1321246421.0,30.534804698,114.421190761,12.6204,28.0,24,0.00523450093132096,0.0112,30.5348047567,114.4211906719,0.01074519712497592
888,DATA13,DATA13,2021-11-18 04:53:42.000000,1321246422.0,30.534804699,114.421190758,12.6123,26.8,24,0.00523450093132096,0.0112,30.5348047567,114.4211906719,0.010449319170826159
889,DATA13,DATA13,2021-11-18 04:53:43.000000,1321246423.0,30.534804693,114.421190773,12.6212,27.7,24,0.00523450093132096,0.0112,30.5348047567,114.4211906719,0.012000006475628697
890,DATA13,DATA13,2021-11-18 04:53:44.000000,1321246424.0,30.534804688,114.421190773,12.6179,32.8,24,0.00523450093132096,0.0112,30.5348047567,114.4211906719,0.012334356722861576
891,DATA13,DATA13,2021-11-18 04:53:45.000000,1321246425.0,30.534804696,114.421190776,12.6134,17.4,24,0.00523450093132096,0.0112,30.5348047567,114.4211906719,0.01204502611711415
892,DATA13,DATA13,2021-11-18 04:53:46.000000,1321246426.0,30.534804682,114.421190745,12.6148,27.4,24,0.00523450093132096,0.0112,30.5348047568,114.4211906719,0.010861655684089212
893,DATA13,DATA13,2021-11-18 04:53:47.000000,1321246427.0,30.534804681,114.421190762,12.6147,30.2,24,0.00523450093132096,0.0112,30.5348047568,114.4211906719,0.012057223644994447
894,DATA13,DATA13,2021-11-18 04:53:48.000000,1321246428.0,30.534804693,114.421190776,12.6132,25.7,24,0.00523450093132096,0.0112,30.5348047568,114.4211906719,0.012240346152740821
895,DATA13,DATA13,2021-11-18 04:53:49.000000,1321246429.0,30.534804688,114.421190761,12.6133,30.9,24,0.00523450093132096,0.0112,30.5348047568,114.4211906719,0.011458014715369641
896,DATA13,DATA13,2021-11-18 04:53:50.000000,1321246430.0,30.5348047,114.421190785,12.6059,32.7,24,0.00523450093132096,0.0112,30.5348047568,114.4211906719,0.012548021622554601
897,DATA13,DATA13,2021-11-18 04:53:51.000000,1321246431.0,30.534804697,114.421190768,12.6132,24.1,24,0.00523450093132096,0.0112,30.5348047568,114.4211906719,0.011357825590512032
898,DATA13,DATA13,2021-11-18 04:53:52.000000,1321246432.0,30.534804693,114.421190766,12.6096,27.8,24,0.00523450093132096,0.0112,30.5348047568,114.4211906719,0.011470540488980102
899,DATA13,DATA13,2021-11-18 04:53:53.000000,1321246433.0,30.534804707,114.421190769,12.612,23.7,24,0.00523450093132096,0.0112,30.5348047568,114.4211906719,0.01083093866532683
900,DATA13,DATA13,2021-11-18 04:53:54.000000,1321246434.0,30.534804698,114.421190759,12.6058,17.2,23,0.00523450093132096,0.0116,30.5348047568,114.4211906719,0.010599920811433083
901,DATA13,DATA13,2021-11-18 04:53:55.000000,1321246435.0,30.534804684,114.421190774,12.6128,38.6,24,0.00523450093132096,0.0116,30.5348047568,114.4211906719,0.012694009922089465
902,DATA13,DATA13,2021-11-18 04:53:56.000000,1321246436.0,30.534804694,114.421190763,12.6109,29.1,23,0.00523450093132096,0.0116,30.5348047568,114.4211906719,0.01117589708584333
903,DATA13,DATA13,2021-11-18 04:53:57.000000,1321246437.0,30.534804694,114.421190778,12.6083,34.7,24,0.00523450093132096,0.0116,30.5348047568,114.4211906719,0.012334573045522565
904,DATA13,DATA13,2021-11-18 04:53:58.000000,1321246438.0,30.53480469,114.421190752,12.6133,32.9,24,0.00523450093132096,0.0116,30.5348047568,114.4211906719,0.010673757158747521
905,DATA13,DATA13,2021-11-18 04:53:59.000000,1321246439.0,30.534804696,114.421190759,12.6029,24.8,24,0.00523450093132096,0.0116,30.5348047568,114.4211906719,0.010737698624515714
906,DATA13,DATA13,2021-11-18 04:54:00.000000,1321246440.0,30.534804698,114.421190767,12.6083,31.0,24,0.00523450093132096,0.0116,30.5348047568,114.4211906719,0.011215246134421453
907,DATA13,DATA13,2021-11-18 04:54:01.000000,1321246441.0,30.534804697,114.421190765,12.612,18.7,24,0.00523450093132096,0.0112,30.5348047568,114.4211906719,0.011125332113053214
908,DATA13,DATA13,2021-11-18 04:54:02.000000,1321246442.0,30.534804709,114.421190775,12.611,21.4,24,0.00523450093132096,0.0112,30.5348047568,114.4211906719,0.011223739013705589
909,DATA13,DATA13,2021-11-18 04:54:03.000000,1321246443.0,30.534804696,114.421190751,12.6109,30.7,24,0.00523450093132096,0.0112,30.5348047568,114.4211906719,0.010151527670659377
910,DATA13,DATA13,2021-11-18 04:54:04.000000,1321246444.0,30.534804687,114.421190742,12.6128,35.5,23,0.00551543289325507,0.0123,30.5348047568,114.4211906719,0.010253455186425777
911,DATA13,DATA13,2021-11-18 04:54:05.000000,1321246445.0,30.534804682,114.421190763,12.609,30.9,24,0.00551543289325507,0.0123,30.5348047568,114.4211906719,0.012049666103668115
912,DATA13,DATA13,2021-11-18 04:54:06.000000,1321246446.0,30.53480468,114.421190772,12.6134,47.3,24,0.00551543289325507,0.0123,30.5348047568,114.4211906719,0.012836206736518911
913,DATA13,DATA13,2021-11-18 04:54:07.000000,1321246447.0,30.534804683,114.421190769,12.6162,32.9,24,0.0054451813560247924,0.0118,30.5348047568,114.4211906719,0.012400291798157841
914,DATA13,DATA13,2021-11-18 04:54:08.000000,1321246448.0,30.534804681,114.421190773,12.6153,32.8,24,0.0054451813560247924,0.0118,30.5348047568,114.4211906719,0.012835326057636345
915,DATA13,DATA13,2021-11-18 04:54:09.000000,1321246449.0,30.534804683,114.421190756,12.6162,35.9,24,0.0054451813560247924,0.0118,30.5348047568,114.4211906718,0.011499081261579894
916,DATA13,DATA13,2021-11-18 04:54:10.000000,1321246450.0,30.534804685,114.421190759,12.6117,25.7,24,0.0054451813560247924,0.0118,30.5348047568,114.4211906718,0.011549256485900997
917,DATA13,DATA13,2021-11-18 04:54:11.000000,1321246451.0,30.534804683,114.421190765,12.614,36.1,24,0.0054451813560247924,0.0118,30.5348047568,114.4211906718,0.012121567369465376
918,DATA13,DATA13,2021-11-18 04:54:12.000000,1321246452.0,30.53480468,114.421190784,12.6148,38.7,22,0.00551543289325507,0.0123,30.5348047568,114.4211906718,0.01372680750072273
919,DATA13,DATA13,2021-11-18 04:54:13.000000,1321246453.0,30.534804671,114.421190766,12.6174,62.8,24,0.00551543289325507,0.0123,30.5348047568,114.4211906718,0.013122371025680311
920,DATA13,DATA13,2021-11-18 04:54:14.000000,1321246454.0,30.534804704,114.421190769,12.6126,27.9,24,0.00523450093132096,0.0112,30.5348047568,114.4211906718,0.011012317136759176
921,DATA13,DATA13,2021-11-18 04:54:15.000000,1321246455.0,30.534804671,114.42119078,12.6166,22.0,23,0.0054451813560247924,0.0118,30.5348047568,114.4211906718,0.014081620239622674
922,DATA13,DATA13,2021-11-18 04:54:16.000000,1321246456.0,30.534804684,114.421190762,12.62,31.2,23,0.0054451813560247924,0.0118,30.5348047568,114.4211906718,0.011834849379859276
923,DATA13,DATA13,2021-11-18 04:54:17.000000,1321246457.0,30.534804673,114.42119078,12.6203,38.0,23,0.0054451813560247924,0.0118,30.5348047568,114.4211906718,0.013932808050408654
924,DATA13,DATA13,2021-11-18 04:54:18.000000,1321246458.0,30.53480469,114.421190788,12.611,35.2,24,0.0054451813560247924,0.0118,30.5348047568,114.4211906718,0.01338618384664792
925,DATA13,DATA13,2021-11-18 04:54:19.000000,1321246459.0,30.534804688,114.421190762,12.6158,28.0,24,0.00523450093132096,0.0112,30.5348047568,114.4211906718,0.011537002515977935
926,DATA13,DATA13,2021-11-18 04:54:20.000000,1321246460.0,30.53480469,114.421190761,12.6187,28.0,24,0.0054451813560247924,0.0118,30.5348047568,114.4211906718,0.011318885537781287
927,DATA13,DATA13,2021-11-18 04:54:21.000000,1321246461.0,30.534804673,114.42119075,12.6177,29.1,23,0.0054451813560247924,0.0118,30.5348047568,114.4211906718,0.011942567207444963
928,DATA13,DATA13,2021-11-18 04:54:22.000000,1321246462.0,30.534804678,114.421190776,12.6212,38.4,23,0.00551543289325507,0.0123,30.5348047568,114.4211906718,0.013278061047336608
929,DATA13,DATA13,2021-11-18 04:54:23.000000,1321246463.0,30.534804668,114.421190779,12.6211,53.4,24,0.00551543289325507,0.0123,30.5348047568,114.4211906718,0.014238890299544324
930,DATA13,DATA13,2021-11-18 04:54:24.000000,1321246464.0,30.534804682,114.421190761,12.6126,34.4,23,0.00551543289325507,0.0123,30.5348047568,114.4211906718,0.011918038117024165
931,DATA13,DATA13,2021-11-18 04:54:25.000000,1321246465.0,30.534804686,114.42119078,12.6154,37.8,24,0.0054451813560247924,0.0118,30.5348047568,114.4211906718,0.013016223030926796
932,DATA13,DATA13,2021-11-18 04:54:26.000000,1321246466.0,30.534804689,114.421190757,12.6171,42.2,24,0.0054451813560247924,0.0118,30.5348047568,114.4211906718,0.011106172533608785
933,DATA13,DATA13,2021-11-18 04:54:27.000000,1321246467.0,30.534804693,114.421190774,12.6168,33.8,24,0.0054451813560247924,0.0118,30.5348047568,114.4211906718,0.012091993113848912
934,DATA13,DATA13,2021-11-18 04:54:28.000000,1321246468.0,30.534804686,114.421190759,12.619,27.0,24,0.0054451813560247924,0.0118,30.5348047568,114.4211906718,0.011473131139907687
935,DATA13,DATA13,2021-11-18 04:54:29.000000,1321246469.0,30.534804675,114.421190751,12.617,24.4,24,0.0054451813560247924,0.0118,30.5348047568,114.4211906718,0.0118323233756505
936,DATA13,DATA13,2021-11-18 04:54:30.000000,1321246470.0,30.534804684,114.421190754,12.6185,36.9,24,0.0054451813560247924,0.0118,30.5348047568,114.4211906718,0.011285488804111296
937,DATA13,DATA13,2021-11-18 04:54:31.000000,1321246471.0,30.534804679,114.421190765,12.6192,26.4,24,0.00523450093132096,0.0112,30.5348047568,114.4211906719,0.01241828001812477
938,DATA13,DATA13,2021-11-18 04:54:32.000000,1321246472.0,30.534804686,114.421190767,12.619,36.2,24,0.00523450093132096,0.0112,30.5348047568,114.4211906719,0.012037261267614775
939,DATA13,DATA13,2021-11-18 04:54:33.000000,1321246473.0,30.534804664,114.421190751,12.6203,38.1,23,0.0054451813560247924,0.0118,30.5348047568,114.4211906719,0.012785260960595617
940,DATA13,DATA13,2021-11-18 04:54:34.000000,1321246474.0,30.534804689,114.421190748,12.6214,37.6,24,0.0054451813560247924,0.0118,30.5348047568,114.4211906719,0.010479953888087966
941,DATA13,DATA13,2021-11-18 04:54:35.000000,1321246475.0,30.534804674,114.421190748,12.6225,32.1,23,0.0054451813560247924,0.0118,30.5348047568,114.4211906719,0.011730015478015556
942,DATA13,DATA13,2021-11-18 04:54:36.000000,1321246476.0,30.534804682,114.421190772,12.6158,27.2,24,0.0054451813560247924,0.0118,30.5348047568,114.4211906719,0.012690223285803838
943,DATA13,DATA13,2021-11-18 04:54:37.000000,1321246477.0,30.534804684,114.421190762,12.6223,50.2,23,0.0054451813560247924,0.0118,30.5348047568,114.4211906719,0.011827832783560645
944,DATA13,DATA13,2021-11-18 04:54:38.000000,1321246478.0,30.534804694,114.421190746,12.6174,25.8,24,0.0054451813560247924,0.0118,30.5348047568,114.4211906719,0.009951752660099731
945,DATA13,DATA13,2021-11-18 04:54:39.000000,1321246479.0,30.534804688,114.421190759,12.6235,30.4,24,0.0054451813560247924,0.0118,30.5348047568,114.4211906718,0.011322600381169442
946,DATA13,DATA13,2021-11-18 04:54:40.000000,1321246480.0,30.534804683,114.421190766,12.6217,47.8,23,0.0054451813560247924,0.0118,30.5348047568,114.4211906719,0.012185433651142693
947,DATA13,DATA13,2021-11-18 04:54:41.000000,1321246481.0,30.534804706,114.421190763,12.6144,43.8,24,0.0054451813560247924,0.0118,30.5348047568,114.4211906718,0.010407420262355643
948,DATA13,DATA13,2021-11-18 04:54:42.000000,1321246482.0,30.534804676,114.421190769,12.6191,34.6,24,0.0054451813560247924,0.0118,30.5348047568,114.4211906718,0.01293239178358509
949,DATA13,DATA13,2021-11-18 04:54:43.000000,1321246483.0,30.534804702,114.421190753,12.6129,25.0,24,0.00523450093132096,0.0112,30.5348047568,114.4211906718,0.00988074176670705
950,DATA13,DATA13,2021-11-18 04:54:44.000000,1321246484.0,30.534804697,114.421190764,12.6145,31.2,24,0.00523450093132096,0.0113,30.5348047569,114.4211906718,0.011062743986521255
951,DATA13,DATA13,2021-11-18 04:54:45.000000,1321246485.0,30.534804689,114.42119077,12.6199,24.6,23,0.00551543289325507,0.012,30.5348047569,114.4211906718,0.012061118066432197
952,DATA13,DATA13,2021-11-18 04:54:46.000000,1321246486.0,30.534804691,114.421190764,12.6191,37.5,24,0.00551543289325507,0.012,30.5348047569,114.4211906718,0.01147436367028443
953,DATA13,DATA13,2021-11-18 04:54:47.000000,1321246487.0,30.534804688,114.421190739,12.6155,51.5,24,0.00551543289325507,0.012,30.5348047569,114.4211906718,0.009996615339228564
954,DATA13,DATA13,2021-11-18 04:54:48.000000,1321246488.0,30.534804677,114.421190729,12.6206,24.6,23,0.00551543289325507,0.012,30.5348047569,114.4211906718,0.010420787074704712
955,DATA13,DATA13,2021-11-18 04:54:49.000000,1321246489.0,30.53480468,114.421190732,12.62,31.8,24,0.0054451813560247924,0.0118,30.5348047569,114.4211906718,0.010298297120194857
956,DATA13,DATA13,2021-11-18 04:54:51.000000,1321246491.0,30.534804703,114.421190737,12.6188,30.6,24,0.0054451813560247924,0.0118,30.5348047569,114.4211906718,0.0086518741653276
957,DATA13,DATA13,2021-11-18 04:54:52.000000,1321246492.0,30.534804688,114.421190732,12.6208,32.1,23,0.0054451813560247924,0.0118,30.5348047569,114.4211906718,0.009577029308512966
958,DATA13,DATA13,2021-11-18 04:54:53.000000,1321246493.0,30.534804681,114.421190761,12.6243,35.8,24,0.0054451813560247924,0.0118,30.5348047569,114.4211906718,0.012003208729258294
959,DATA13,DATA13,2021-11-18 04:54:54.000000,1321246494.0,30.534804693,114.421190763,12.6195,31.7,24,0.0054451813560247924,0.0118,30.5348047569,114.4211906718,0.011259727875344376
960,DATA13,DATA13,2021-11-18 04:54:55.000000,1321246495.0,30.534804686,114.421190758,12.6283,29.8,23,0.0054451813560247924,0.0118,30.5348047569,114.4211906718,0.011410960273399632
961,DATA13,DATA13,2021-11-18 04:54:56.000000,1321246496.0,30.534804667,114.421190754,12.624,36.4,24,0.00523450093132096,0.0112,30.5348047569,114.4211906718,0.012710469943680639
962,DATA13,DATA13,2021-11-18 04:54:57.000000,1321246497.0,30.534804707,114.421190747,12.6117,25.2,24,0.00523450093132096,0.0112,30.5348047569,114.4211906718,0.009092952632210329
963,DATA13,DATA13,2021-11-18 04:54:58.000000,1321246498.0,30.534804705,114.421190765,12.6172,53.2,24,0.00523450093132096,0.0112,30.5348047569,114.4211906718,0.010634812563806157
964,DATA13,DATA13,2021-11-18 04:54:59.000000,1321246499.0,30.534804728,114.421190789,12.6072,14.6,24,0.00523450093132096,0.0112,30.5348047569,114.4211906718,0.011694528523251752
965,DATA13,DATA13,2021-11-18 04:55:00.000000,1321246500.0,30.534804701,114.421190757,12.615,40.8,23,0.0054451813560247924,0.0118,30.5348047569,114.4211906718,0.010259403453316813
966,DATA13,DATA13,2021-11-18 04:55:01.000000,1321246501.0,30.53480469,114.421190745,12.6135,27.7,23,0.00551543289325507,0.012,30.5348047569,114.4211906718,0.010215290097305275
967,DATA13,DATA13,2021-11-18 04:55:02.000000,1321246502.0,30.534804691,114.421190758,12.6131,34.6,24,0.00551543289325507,0.012,30.5348047569,114.4211906718,0.011036458583040228
968,DATA13,DATA13,2021-11-18 04:55:03.000000,1321246503.0,30.534804695,114.421190764,12.6185,33.1,23,0.00551543289325507,0.012,30.5348047569,114.4211906718,0.01119724208832252
969,DATA13,DATA13,2021-11-18 04:55:04.000000,1321246504.0,30.534804684,114.421190773,12.611,38.2,23,0.00551543289325507,0.012,30.5348047569,114.4211906718,0.012634554061908766
970,DATA13,DATA13,2021-11-18 04:55:05.000000,1321246505.0,30.534804681,114.421190754,12.6138,33.0,23,0.00551543289325507,0.012,30.5348047569,114.4211906718,0.01153376496541036
971,DATA13,DATA13,2021-11-18 04:55:06.000000,1321246506.0,30.534804687,114.421190749,12.6158,63.8,23,0.00551543289325507,0.012,30.5348047569,114.4211906718,0.010720839856152074
972,DATA13,DATA13,2021-11-18 04:55:07.000000,1321246507.0,30.53480471,114.421190744,12.614,34.3,24,0.0054451813560247924,0.0118,30.5348047569,114.4211906718,0.008662582799283624
973,DATA13,DATA13,2021-11-18 04:55:08.000000,1321246508.0,30.534804691,114.421190745,12.6148,39.6,23,0.0054451813560247924,0.0118,30.5348047569,114.4211906718,0.010135086947666438
974,DATA13,DATA13,2021-11-18 04:55:09.000000,1321246509.0,30.534804688,114.421190753,12.6173,38.0,23,0.0054451813560247924,0.0118,30.5348047569,114.4211906718,0.010911713288407067
975,DATA13,DATA13,2021-11-18 04:55:10.000000,1321246510.0,30.534804689,114.421190754,12.6143,41.7,23,0.0054451813560247924,0.0118,30.5348047569,114.4211906718,0.010903621480642767
976,DATA13,DATA13,2021-11-18 04:55:11.000000,1321246511.0,30.534804683,114.421190754,12.6134,23.7,24,0.0054451813560247924,0.0118,30.5348047569,114.4211906718,0.01137301888688957
977,DATA13,DATA13,2021-11-18 04:55:12.000000,1321246512.0,30.534804688,114.42119077,12.6192,42.4,23,0.0054451813560247924,0.0118,30.5348047569,114.4211906718,0.012130617439411009
978,DATA13,DATA13,2021-11-18 04:55:13.000000,1321246513.0,30.534804721,114.42119077,12.6042,29.1,24,0.00523450093132096,0.0112,30.5348047569,114.4211906718,0.010229712729142955
979,DATA13,DATA13,2021-11-18 04:55:14.000000,1321246514.0,30.5348047,114.421190757,12.6121,28.7,24,0.00523450093132096,0.0112,30.5348047569,114.4211906718,0.01032674709634731
980,DATA13,DATA13,2021-11-18 04:55:15.000000,1321246515.0,30.534804714,114.421190784,12.6081,23.1,24,0.00523450093132096,0.0112,30.5348047569,114.4211906718,0.011770862643403818
981,DATA13,DATA13,2021-11-18 04:55:16.000000,1321246516.0,30.534804697,114.421190746,12.6164,41.0,24,0.00523450093132096,0.0112,30.5348047569,114.4211906718,0.00973656532650813
982,DATA13,DATA13,2021-11-18 04:55:17.000000,1321246517.0,30.534804701,114.421190755,12.6123,37.0,24,0.00523450093132096,0.0112,30.534804757,114.4211906718,0.010113910532068346
983,DATA13,DATA13,2021-11-18 04:55:18.000000,1321246518.0,30.534804722,114.421190765,12.6073,26.3,24,0.00523450093132096,0.0112,30.534804757,114.4211906718,0.009749334741758568
984,DATA13,DATA13,2021-11-18 04:55:19.000000,1321246519.0,30.534804694,114.421190735,12.6137,35.3,24,0.0054451813560247924,0.0118,30.534804757,114.4211906718,0.009250096596976728
985,DATA13,DATA13,2021-11-18 04:55:20.000000,1321246520.0,30.534804712,114.421190749,12.6126,42.1,24,0.00523450093132096,0.0112,30.534804757,114.4211906718,0.008931609832051246
986,DATA13,DATA13,2021-11-18 04:55:21.000000,1321246521.0,30.534804704,114.421190745,12.6168,40.3,24,0.00523450093132096,0.0112,30.534804757,114.4211906718,0.009158000067964807
987,DATA13,DATA13,2021-11-18 04:55:22.000000,1321246522.0,30.534804719,114.421190758,12.6058,33.9,24,0.00523450093132096,0.0112,30.534804757,114.4211906718,0.009283108372659754
988,DATA13,DATA13,2021-11-18 04:55:23.000000,1321246523.0,30.534804691,114.421190732,12.6153,53.1,23,0.0054451813560247924,0.0118,30.534804757,114.4211906718,0.009322626533575821
989,DATA13,DATA13,2021-11-18 04:55:24.000000,1321246524.0,30.5348047,114.421190739,12.6104,28.6,23,0.0054451813560247924,0.0118,30.534804757,114.4211906718,0.009028777134847274
990,DATA13,DATA13,2021-11-18 04:55:25.000000,1321246525.0,30.534804694,114.421190753,12.6189,57.8,23,0.0054451813560247924,0.0118,30.534804757,114.4211906718,0.010464273573582115
991,DATA13,DATA13,2021-11-18 04:55:26.000000,1321246526.0,30.534804695,114.421190757,12.6129,27.7,23,0.0054451813560247924,0.0118,30.534804757,114.4211906718,0.010681499518498179
992,DATA13,DATA13,2021-11-18 04:55:27.000000,1321246527.0,30.534804708,114.421190754,12.6129,41.6,24,0.0054451813560247924,0.0118,30.534804757,114.4211906718,0.00957781689327941
993,DATA13,DATA13,2021-11-18 04:55:28.000000,1321246528.0,30.534804695,114.421190748,12.6146,35.0,24,0.0054451813560247924,0.0118,30.534804757,114.4211906718,0.010035788581826901
994,DATA13,DATA13,2021-11-18 04:55:29.000000,1321246529.0,30.534804703,114.421190746,12.6128,36.7,24,0.0054451813560247924,0.0118,30.534804757,114.4211906718,0.00930276638664684
995,DATA13,DATA13,2021-11-18 04:55:30.000000,1321246530.0,30.534804699,114.421190734,12.617,39.4,24,0.0054451813560247924,0.0118,30.534804757,114.4211906718,0.00877347236612484
996,DATA13,DATA13,2021-11-18 04:55:31.000000,1321246531.0,30.534804725,114.421190752,12.6094,28.3,24,0.00523450093132096,0.0112,30.534804757,114.4211906718,0.00847464674749219
997,DATA13,DATA13,2021-11-18 04:55:32.000000,1321246532.0,30.534804709,114.421190752,12.6103,35.2,24,0.00523450093132096,0.0112,30.534804757,114.4211906718,0.00935688278050265
998,DATA13,DATA13,2021-11-18 04:55:33.000000,1321246533.0,30.534804711,114.421190748,12.611,30.4,24,0.0054451813560247924,0.0118,30.534804757,114.4211906718,0.008915120157336573
999,DATA13,DATA13,2021-11-18 04:55:34.000000,1321246534.0,30.534804711,114.421190757,12.6178,24.6,24,0.0054451813560247924,0.0118,30.534804757,114.4211906718,0.009636221011254963
1000,DATA13,DATA13,2021-11-18 04:55:35.000000,1321246535.0,30.534804706,114.421190773,12.6161,33.5,23,0.0054451813560247924,0.0118,30.534804757,114.4211906718,0.01123758262424882
1001,DATA13,DATA13,2021-11-18 04:55:36.000000,1321246536.0,30.534804703,114.421190736,12.614,44.4,23,0.0054451813560247924,0.0118,30.534804757,114.4211906718,0.008590451034404286
1002,DATA13,DATA13,2021-11-18 04:55:37.000000,1321246537.0,30.534804706,114.421190764,12.6127,34.6,24,0.0054451813560247924,0.0118,30.534804757,114.4211906718,0.01050017211620814
1003,DATA13,DATA13,2021-11-18 04:55:38.000000,1321246538.0,30.534804711,114.421190745,12.6145,34.5,23,0.0054451813560247924,0.0118,30.534804757,114.4211906718,0.008680540062128077
1004,DATA13,DATA13,2021-11-18 04:55:39.000000,1321246539.0,30.534804704,114.421190751,12.6169,41.5,24,0.0054451813560247924,0.0118,30.534804757,114.4211906719,0.009599172880722057
1005,DATA13,DATA13,2021-11-18 04:55:40.000000,1321246540.0,30.534804697,114.42119075,12.6184,40.2,23,0.00551543289325507,0.0123,30.534804757,114.4211906719,0.010020882505591504
1006,DATA13,DATA13,2021-11-18 04:55:41.000000,1321246541.0,30.534804693,114.421190749,12.6156,35.4,23,0.0054451813560247924,0.0118,30.534804757,114.4211906718,0.010258016703240997
1007,DATA13,DATA13,2021-11-18 04:55:42.000000,1321246542.0,30.534804706,114.421190752,12.6122,41.9,23,0.0054451813560247924,0.0118,30.534804757,114.4211906718,0.009549946926716573
1008,DATA13,DATA13,2021-11-18 04:55:43.000000,1321246543.0,30.534804714,114.421190745,12.6172,28.4,23,0.0054451813560247924,0.0118,30.534804757,114.4211906718,0.008489420463912708
1009,DATA13,DATA13,2021-11-18 04:55:44.000000,1321246544.0,30.534804709,114.421190745,12.6133,31.5,24,0.0054451813560247924,0.0118,30.534804757,114.4211906718,0.008812624874463666
1010,DATA13,DATA13,2021-11-18 04:55:45.000000,1321246545.0,30.534804705,114.421190759,12.6148,40.5,24,0.0054451813560247924,0.0118,30.534804757,114.4211906718,0.010161634160683438
1011,DATA13,DATA13,2021-11-18 04:55:46.000000,1321246546.0,30.534804697,114.421190747,12.6169,28.5,24,0.0054451813560247924,0.0118,30.534804757,114.4211906718,0.009814474963082541
1012,DATA13,DATA13,2021-11-18 04:55:47.000000,1321246547.0,30.534804701,114.421190751,12.6089,25.7,23,0.0054451813560247924,0.0118,30.534804757,114.4211906718,0.009813706509550059
1013,DATA13,DATA13,2021-11-18 04:55:48.000000,1321246548.0,30.534804704,114.421190744,12.6146,35.2,23,0.0054451813560247924,0.0118,30.534804757,114.4211906718,0.009084598735099673
1014,DATA13,DATA13,2021-11-18 04:55:49.000000,1321246549.0,30.534804696,114.421190743,12.6171,33.4,24,0.0054451813560247924,0.0118,30.534804757,114.4211906718,0.009613433334676924
1015,DATA13,DATA13,2021-11-18 04:55:50.000000,1321246550.0,30.534804693,114.421190746,12.6199,20.0,24,0.00523450093132096,0.0112,30.534804757,114.4211906718,0.010052066233083084
1016,DATA13,DATA13,2021-11-18 04:55:51.000000,1321246551.0,30.534804696,114.421190742,12.6162,26.8,24,0.0054451813560247924,0.0118,30.534804757,114.4211906718,0.00954546498180528
1017,DATA13,DATA13,2021-11-18 04:55:52.000000,1321246552.0,30.534804705,114.421190734,12.6167,28.9,23,0.0054451813560247924,0.0118,30.534804757,114.4211906718,0.008298325638462507
1018,DATA13,DATA13,2021-11-18 04:55:53.000000,1321246553.0,30.53480471,114.421190743,12.6193,54.1,24,0.0054451813560247924,0.0118,30.534804757,114.4211906718,0.00859273613319079
1019,DATA13,DATA13,2021-11-18 04:55:54.000000,1321246554.0,30.534804698,114.421190752,12.6172,35.3,24,0.0054451813560247924,0.0118,30.534804757,114.4211906718,0.010100345022635963
1020,DATA13,DATA13,2021-11-18 04:55:55.000000,1321246555.0,30.534804699,114.421190745,12.6183,32.7,24,0.00523450093132096,0.0112,30.534804757,114.4211906718,0.009523135068202694
1021,DATA13,DATA13,2021-11-18 04:55:56.000000,1321246556.0,30.534804703,114.421190761,12.6191,90.3,23,0.00523450093132096,0.0116,30.534804757,114.4211906718,0.010445734763646122
1022,DATA13,DATA13,2021-11-18 04:55:57.000000,1321246557.0,30.534804714,114.421190759,12.6137,38.7,24,0.00523450093132096,0.0116,30.534804757,114.4211906718,0.009630710407718188
1023,DATA13,DATA13,2021-11-18 04:55:58.000000,1321246558.0,30.534804724,114.421190763,12.6148,34.2,24,0.00523450093132096,0.0116,30.534804757,114.4211906718,0.009485866105479385
1024,DATA13,DATA13,2021-11-18 04:55:59.000000,1321246559.0,30.534804703,114.421190754,12.6192,38.4,24,0.0054451813560247924,0.0123,30.5348047571,114.4211906718,0.009909437863392647
1025,DATA13,DATA13,2021-11-18 04:56:00.000000,1321246560.0,30.534804716,114.421190757,12.6211,37.9,24,0.0054451813560247924,0.0123,30.5348047571,114.4211906718,0.009360094182105266
1026,DATA13,DATA13,2021-11-18 04:56:01.000000,1321246561.0,30.534804707,114.421190762,12.6191,34.4,24,0.0054451813560247924,0.0118,30.534804757,114.4211906718,0.010278751553010066
1027,DATA13,DATA13,2021-11-18 04:56:02.000000,1321246562.0,30.534804701,114.421190765,12.6174,29.5,24,0.0054451813560247924,0.0118,30.534804757,114.4211906718,0.010887439353917314
1028,DATA13,DATA13,2021-11-18 04:56:03.000000,1321246563.0,30.53480469,114.421190767,12.6201,31.1,24,0.0054451813560247924,0.0118,30.534804757,114.4211906718,0.011774344383699203
1029,DATA13,DATA13,2021-11-18 04:56:04.000000,1321246564.0,30.5348047,114.421190752,12.6165,44.0,24,0.0054451813560247924,0.0118,30.5348047571,114.4211906718,0.009965231967860352
1030,DATA13,DATA13,2021-11-18 04:56:05.000000,1321246565.0,30.534804694,114.421190776,12.6203,35.6,24,0.0054451813560247924,0.0118,30.5348047571,114.4211906718,0.012203530403328427
1031,DATA13,DATA13,2021-11-18 04:56:06.000000,1321246566.0,30.534804713,114.421190753,12.6192,29.9,24,0.0054451813560247924,0.0118,30.5348047571,114.4211906718,0.009199080359252916
1032,DATA13,DATA13,2021-11-18 04:56:07.000000,1321246567.0,30.534804697,114.421190753,12.6208,25.7,24,0.00523450093132096,0.0112,30.5348047571,114.4211906718,0.010252488016373986
1033,DATA13,DATA13,2021-11-18 04:56:08.000000,1321246568.0,30.534804701,114.421190734,12.6198,40.6,24,0.00523450093132096,0.0112,30.534804757,114.4211906718,0.00861229465890839
1034,DATA13,DATA13,2021-11-18 04:56:09.000000,1321246569.0,30.534804712,114.421190767,12.6151,29.0,24,0.00523450093132096,0.0112,30.534804757,114.4211906718,0.010409219150864745
1035,DATA13,DATA13,2021-11-18 04:56:10.000000,1321246570.0,30.534804711,114.421190741,12.6178,19.6,23,0.0054451813560247924,0.0118,30.5348047571,114.4211906718,0.008379701228029973
1036,DATA13,DATA13,2021-11-18 04:56:11.000000,1321246571.0,30.534804703,114.421190746,12.6172,32.5,24,0.0054451813560247924,0.0118,30.5348047571,114.4211906718,0.00930990486477999
1037,DATA13,DATA13,2021-11-18 04:56:12.000000,1321246572.0,30.53480469,114.421190754,12.619,27.0,24,0.0054451813560247924,0.0118,30.5348047571,114.4211906718,0.010842582048066396
1038,DATA13,DATA13,2021-11-18 04:56:13.000000,1321246573.0,30.534804712,114.421190764,12.6156,32.8,24,0.005166236541235796,0.0112,30.5348047571,114.4211906718,0.010162929461194795
1039,DATA13,DATA13,2021-11-18 04:56:14.000000,1321246574.0,30.53480469,114.421190751,12.619,26.2,24,0.005166236541235796,0.0112,30.5348047571,114.4211906718,0.010634964036694809
1040,DATA13,DATA13,2021-11-18 04:56:15.000000,1321246575.0,30.534804686,114.421190753,12.6246,34.1,24,0.005166236541235796,0.0112,30.5348047571,114.4211906718,0.0110838127325213
1041,DATA13,DATA13,2021-11-18 04:56:16.000000,1321246576.0,30.534804706,114.421190752,12.6183,32.0,24,0.005166236541235796,0.0112,30.5348047571,114.4211906718,0.00955651462265793
1042,DATA13,DATA13,2021-11-18 04:56:17.000000,1321246577.0,30.534804694,114.42119074,12.6164,31.2,24,0.005166236541235796,0.0112,30.5348047571,114.4211906718,0.009579654358190833
1043,DATA13,DATA13,2021-11-18 04:56:18.000000,1321246578.0,30.534804701,114.421190753,12.6186,24.5,24,0.005166236541235796,0.0112,30.5348047571,114.4211906718,0.009970003428026335
1044,DATA13,DATA13,2021-11-18 04:56:19.000000,1321246579.0,30.534804712,114.42119076,12.6227,33.7,23,0.0054451813560247924,0.0118,30.5348047571,114.4211906718,0.009830551346067624
1045,DATA13,DATA13,2021-11-18 04:56:20.000000,1321246580.0,30.534804692,114.421190751,12.6197,26.9,24,0.0054451813560247924,0.0118,30.5348047571,114.4211906718,0.01048107337224499
1046,DATA13,DATA13,2021-11-18 04:56:21.000000,1321246581.0,30.534804696,114.421190751,12.6198,34.6,24,0.0054451813560247924,0.0118,30.5348047571,114.4211906718,0.010180803183629352
1047,DATA13,DATA13,2021-11-18 04:56:22.000000,1321246582.0,30.534804693,114.421190729,12.6211,43.8,24,0.0054451813560247924,0.0118,30.5348047571,114.4211906718,0.008979412102701386
1048,DATA13,DATA13,2021-11-18 04:56:23.000000,1321246583.0,30.534804707,114.421190748,12.6212,32.5,24,0.0054451813560247924,0.0118,30.5348047571,114.4211906718,0.009182694735497198
1049,DATA13,DATA13,2021-11-18 04:56:24.000000,1321246584.0,30.53480472,114.421190732,12.6164,32.4,24,0.0054451813560247924,0.0118,30.5348047571,114.4211906718,0.007091633106172544
1050,DATA13,DATA13,2021-11-18 04:56:25.000000,1321246585.0,30.534804722,114.421190744,12.6142,38.7,24,0.005166236541235796,0.0112,30.5348047571,114.4211906718,0.007946585628827564
1051,DATA13,DATA13,2021-11-18 04:56:26.000000,1321246586.0,30.534804712,114.421190743,12.6163,35.1,23,0.00523450093132096,0.0116,30.5348047571,114.4211906718,0.008466666715672097
1052,DATA13,DATA13,2021-11-18 04:56:27.000000,1321246587.0,30.534804712,114.421190733,12.6132,26.9,24,0.00523450093132096,0.0116,30.5348047571,114.4211906718,0.007713066089675878
1053,DATA13,DATA13,2021-11-18 04:56:28.000000,1321246588.0,30.534804707,114.421190739,12.62,37.7,24,0.00523450093132096,0.0116,30.5348047571,114.4211906718,0.008510957098144352
1054,DATA13,DATA13,2021-11-18 04:56:29.000000,1321246589.0,30.534804719,114.421190738,12.6177,35.2,24,0.00523450093132096,0.0116,30.5348047571,114.4211906718,0.0076288800943771695
1055,DATA13,DATA13,2021-11-18 04:56:30.000000,1321246590.0,30.534804708,114.421190718,12.6206,38.5,24,0.00523450093132096,0.0116,30.5348047571,114.4211906718,0.0070204176753591195
1056,DATA13,DATA13,2021-11-18 04:56:31.000000,1321246591.0,30.534804717,114.42119074,12.6193,33.6,24,0.005166236541235796,0.0112,30.5348047571,114.4211906718,0.007911855845302653
1057,DATA13,DATA13,2021-11-18 04:56:32.000000,1321246592.0,30.534804704,114.421190746,12.6201,30.1,23,0.0054451813560247924,0.0118,30.5348047571,114.4211906718,0.009238874789529929
1058,DATA13,DATA13,2021-11-18 04:56:33.000000,1321246593.0,30.53480471,114.421190724,12.6201,31.2,24,0.0054451813560247924,0.0118,30.5348047571,114.4211906718,0.0072359338065725075
1059,DATA13,DATA13,2021-11-18 04:56:34.000000,1321246594.0,30.534804719,114.421190718,12.6208,32.8,24,0.0054451813560247924,0.0118,30.5348047571,114.4211906718,0.006123510404447118
1060,DATA13,DATA13,2021-11-18 04:56:35.000000,1321246595.0,30.534804711,114.421190733,12.6155,31.3,24,0.0054451813560247924,0.0123,30.5348047571,114.4211906718,0.007785388217709953
1061,DATA13,DATA13,2021-11-18 04:56:36.000000,1321246596.0,30.534804702,114.421190732,12.6235,42.1,24,0.0054451813560247924,0.0123,30.5348047571,114.4211906718,0.008407632280676518
1062,DATA13,DATA13,2021-11-18 04:56:37.000000,1321246597.0,30.534804701,114.421190737,12.6221,40.9,24,0.005166236541235796,0.0112,30.5348047571,114.4211906718,0.008822084844475855
1063,DATA13,DATA13,2021-11-18 04:56:38.000000,1321246598.0,30.534804714,114.421190719,12.6226,33.1,24,0.005166236541235796,0.0112,30.5348047571,114.4211906718,0.006583873866194256
1064,DATA13,DATA13,2021-11-18 04:56:39.000000,1321246599.0,30.534804706,114.421190727,12.6242,37.9,24,0.005166236541235796,0.0112,30.5348047571,114.4211906718,0.007755875815779398
1065,DATA13,DATA13,2021-11-18 04:56:40.000000,1321246600.0,30.534804709,114.421190738,12.617,28.2,24,0.005166236541235796,0.0112,30.5348047571,114.4211906718,0.008294219541240514
1066,DATA13,DATA13,2021-11-18 04:56:41.000000,1321246601.0,30.534804697,114.421190722,12.6236,28.9,24,0.005166236541235796,0.0112,30.5348047571,114.4211906718,0.008221951667177525
1067,DATA13,DATA13,2021-11-18 04:56:42.000000,1321246602.0,30.534804699,114.421190742,12.6199,22.8,24,0.0054451813560247924,0.0118,30.5348047571,114.4211906718,0.009320458696654698
1068,DATA13,DATA13,2021-11-18 04:56:43.000000,1321246603.0,30.534804713,114.421190725,12.6208,29.6,24,0.0054451813560247924,0.0118,30.5348047571,114.4211906718,0.007068717742375146
1069,DATA13,DATA13,2021-11-18 04:56:44.000000,1321246604.0,30.534804703,114.421190752,12.6283,22.1,23,0.0054451813560247924,0.0118,30.5348047571,114.4211906718,0.009757345642431102
1070,DATA13,DATA13,2021-11-18 04:56:45.000000,1321246605.0,30.534804717,114.421190735,12.6179,40.0,24,0.0054451813560247924,0.0118,30.5348047571,114.4211906718,0.007519771556404853
1071,DATA13,DATA13,2021-11-18 04:56:46.000000,1321246606.0,30.53480472,114.421190727,12.6187,36.9,24,0.0054451813560247924,0.0118,30.5348047572,114.4211906718,0.0067133323421151424
1072,DATA13,DATA13,2021-11-18 04:56:47.000000,1321246607.0,30.534804711,114.421190743,12.6204,33.5,24,0.0054451813560247924,0.0118,30.5348047571,114.4211906718,0.008532603775813425
1073,DATA13,DATA13,2021-11-18 04:56:48.000000,1321246608.0,30.534804714,114.421190725,12.6209,21.9,24,0.0054451813560247924,0.0118,30.5348047572,114.4211906718,0.007000079707129026
1074,DATA13,DATA13,2021-11-18 04:56:49.000000,1321246609.0,30.534804702,114.421190722,12.6232,32.5,24,0.005166236541235796,0.0112,30.5348047572,114.4211906718,0.007788248675150812
1075,DATA13,DATA13,2021-11-18 04:56:50.000000,1321246610.0,30.534804702,114.421190739,12.6293,23.3,24,0.005166236541235796,0.0112,30.5348047572,114.4211906718,0.008890256947838642
1076,DATA13,DATA13,2021-11-18 04:56:51.000000,1321246611.0,30.534804702,114.421190744,12.6207,22.1,24,0.005166236541235796,0.0112,30.5348047572,114.4211906718,0.009244215227233111
1077,DATA13,DATA13,2021-11-18 04:56:52.000000,1321246612.0,30.534804715,114.421190749,12.6246,32.2,24,0.0054451813560247924,0.0118,30.5348047572,114.4211906718,0.008762012040666844
1078,DATA13,DATA13,2021-11-18 04:56:53.000000,1321246613.0,30.534804713,114.421190738,12.6211,29.4,24,0.0054451813560247924,0.0118,30.5348047572,114.4211906718,0.008023086760245067
1079,DATA13,DATA13,2021-11-18 04:56:54.000000,1321246614.0,30.534804708,114.42119074,12.6187,19.8,24,0.0054451813560247924,0.0118,30.5348047572,114.4211906718,0.008519680336988654
1080,DATA13,DATA13,2021-11-18 04:56:55.000000,1321246615.0,30.534804698,114.421190733,12.6233,17.5,24,0.005166236541235796,0.0112,30.5348047572,114.4211906718,0.008807150665746919
1081,DATA13,DATA13,2021-11-18 04:56:56.000000,1321246616.0,30.534804712,114.421190744,12.6207,24.2,24,0.005166236541235796,0.0112,30.5348047572,114.4211906718,0.008550791867933534
1082,DATA13,DATA13,2021-11-18 04:56:57.000000,1321246617.0,30.534804726,114.421190744,12.6177,25.9,24,0.005166236541235796,0.0112,30.5348047572,114.4211906718,0.00774404992425386
1083,DATA13,DATA13,2021-11-18 04:56:58.000000,1321246618.0,30.534804709,114.421190726,12.6182,22.9,24,0.005166236541235796,0.0112,30.5348047572,114.4211906718,0.007457002012888507
1084,DATA13,DATA13,2021-11-18 04:56:59.000000,1321246619.0,30.534804714,114.421190729,12.6266,43.4,24,0.005166236541235796,0.0112,30.5348047572,114.4211906718,0.007284774223126973
1085,DATA13,DATA13,2021-11-18 04:57:00.000000,1321246620.0,30.534804716,114.421190727,12.6236,23.6,24,0.005166236541235796,0.0112,30.5348047572,114.4211906718,0.006994503135174932
1086,DATA13,DATA13,2021-11-18 04:57:01.000000,1321246621.0,30.534804715,114.421190735,12.6249,24.1,23,0.0054451813560247924,0.0118,30.5348047572,114.4211906718,0.007659706537542787
1087,DATA13,DATA13,2021-11-18 04:57:02.000000,1321246622.0,30.534804706,114.421190722,12.6293,31.2,24,0.0054451813560247924,0.0118,30.5348047572,114.4211906718,0.007444867881692081
1088,DATA13,DATA13,2021-11-18 04:57:03.000000,1321246623.0,30.534804711,114.421190728,12.6209,27.9,23,0.0054451813560247924,0.0119,30.5348047572,114.4211906718,0.007437732995490682
1089,DATA13,DATA13,2021-11-18 04:57:04.000000,1321246624.0,30.534804717,114.421190723,12.6167,37.5,24,0.0054451813560247924,0.0119,30.5348047572,114.4211906718,0.0066334890290991695
1090,DATA13,DATA13,2021-11-18 04:57:05.000000,1321246625.0,30.53480472,114.421190739,12.6235,23.5,24,0.0054451813560247924,0.0119,30.5348047572,114.4211906718,0.007654763623989098
1091,DATA13,DATA13,2021-11-18 04:57:06.000000,1321246626.0,30.534804726,114.421190756,12.6198,32.1,24,0.0054451813560247924,0.0119,30.5348047572,114.4211906718,0.008789440724664352
1092,DATA13,DATA13,2021-11-18 04:57:07.000000,1321246627.0,30.53480471,114.421190733,12.6202,23.2,24,0.005166236541235796,0.0112,30.5348047572,114.4211906718,0.007865978315180613
1093,DATA13,DATA13,2021-11-18 04:57:08.000000,1321246628.0,30.53480471,114.421190727,12.6193,24.8,24,0.005166236541235796,0.0112,30.5348047572,114.4211906718,0.007445929057865232
1094,DATA13,DATA13,2021-11-18 04:57:09.000000,1321246629.0,30.534804699,114.421190736,12.623,27.8,24,0.005166236541235796,0.0112,30.5348047572,114.4211906718,0.008921185042153973
1095,DATA13,DATA13,2021-11-18 04:57:10.000000,1321246630.0,30.534804694,114.421190736,12.6229,31.5,23,0.0054451813560247924,0.0119,30.5348047572,114.4211906718,0.009329939458802393
1096,DATA13,DATA13,2021-11-18 04:57:11.000000,1321246631.0,30.534804699,114.421190747,12.6196,21.1,23,0.0054451813560247924,0.0119,30.5348047573,114.4211906718,0.00968773521928053
1097,DATA13,DATA13,2021-11-18 04:57:13.000000,1321246633.0,30.534804716,114.42119074,12.6139,24.4,24,0.005166236541235796,0.0112,30.5348047572,114.4211906718,0.00798101449292428
1098,DATA13,DATA13,2021-11-18 04:57:14.000000,1321246634.0,30.534804704,114.421190739,12.6222,23.9,24,0.005166236541235796,0.0112,30.5348047572,114.4211906718,0.008739114584690478
1099,DATA13,DATA13,2021-11-18 04:57:15.000000,1321246635.0,30.534804715,114.421190745,12.6231,32.2,24,0.005166236541235796,0.0112,30.5348047572,114.4211906718,0.008439937668164475
1100,DATA13,DATA13,2021-11-18 04:57:16.000000,1321246636.0,30.534804705,114.421190744,12.624,32.3,23,0.0054451813560247924,0.0119,30.5348047573,114.4211906718,0.009034601081004843
1101,DATA13,DATA13,2021-11-18 04:57:17.000000,1321246637.0,30.534804692,114.421190751,12.6278,31.8,23,0.0054451813560247924,0.0119,30.5348047573,114.4211906718,0.010496352715946273
1102,DATA13,DATA13,2021-11-18 04:57:18.000000,1321246638.0,30.534804702,114.421190728,12.6251,32.7,23,0.0054451813560247924,0.0119,30.5348047573,114.4211906718,0.008165281228819904
1103,DATA13,DATA13,2021-11-18 04:57:19.000000,1321246639.0,30.534804708,114.421190751,12.6188,27.9,24,0.0054451813560247924,0.0119,30.5348047573,114.4211906718,0.009361511286517559
1104,DATA13,DATA13,2021-11-18 04:57:20.000000,1321246640.0,30.534804703,114.421190733,12.6269,35.8,24,0.005166236541235796,0.0112,30.5348047573,114.4211906718,0.008410150837827373
1105,DATA13,DATA13,2021-11-18 04:57:21.000000,1321246641.0,30.534804714,114.421190745,12.6227,25.3,24,0.005166236541235796,0.0112,30.5348047573,114.4211906718,0.008508140523359789
1106,DATA13,DATA13,2021-11-18 04:57:22.000000,1321246642.0,30.534804706,114.421190745,12.6222,27.6,24,0.005166236541235796,0.0112,30.5348047572,114.4211906718,0.009031268064579817
1107,DATA13,DATA13,2021-11-18 04:57:23.000000,1321246643.0,30.53480471,114.421190743,12.6261,27.6,24,0.005166236541235796,0.0112,30.5348047572,114.4211906718,0.008606199573362639
1108,DATA13,DATA13,2021-11-18 04:57:24.000000,1321246644.0,30.534804714,114.421190732,12.6318,30.5,24,0.005166236541235796,0.0112,30.5348047572,114.4211906718,0.007504093947794804
1109,DATA13,DATA13,2021-11-18 04:57:25.000000,1321246645.0,30.534804693,114.421190757,12.6306,23.3,23,0.0054451813560247924,0.0119,30.5348047572,114.4211906718,0.010840051290559115
1110,DATA13,DATA13,2021-11-18 04:57:26.000000,1321246646.0,30.534804699,114.421190748,12.624,19.1,23,0.0054451813560247924,0.0119,30.5348047572,114.4211906718,0.009752093226221248
1111,DATA13,DATA13,2021-11-18 04:57:27.000000,1321246647.0,30.534804703,114.421190744,12.6257,23.0,24,0.0054451813560247924,0.0119,30.5348047572,114.4211906718,0.009171202769939239
1112,DATA13,DATA13,2021-11-18 04:57:28.000000,1321246648.0,30.534804707,114.421190729,12.625,25.3,24,0.0054451813560247924,0.0119,30.5348047573,114.4211906718,0.007824760181436621
1113,DATA13,DATA13,2021-11-18 04:57:29.000000,1321246649.0,30.5348047,114.421190755,12.6253,26.2,24,0.0054451813560247924,0.0119,30.5348047573,114.4211906718,0.010203011041255787
1114,DATA13,DATA13,2021-11-18 04:57:30.000000,1321246650.0,30.534804697,114.421190741,12.629,33.4,24,0.0054451813560247924,0.0119,30.5348047573,114.4211906718,0.00942276958517033
1115,DATA13,DATA13,2021-11-18 04:57:31.000000,1321246651.0,30.534804686,114.421190756,12.6281,32.8,23,0.0054451813560247924,0.0119,30.5348047573,114.4211906718,0.011303564037189896
1116,DATA13,DATA13,2021-11-18 04:57:32.000000,1321246652.0,30.534804705,114.421190746,12.6291,25.9,23,0.0054451813560247924,0.0119,30.5348047573,114.4211906718,0.009182618328351657
1117,DATA13,DATA13,2021-11-18 04:57:33.000000,1321246653.0,30.5348047,114.42119073,12.6269,29.8,24,0.0054451813560247924,0.0119,30.5348047573,114.4211906718,0.008458528064110115
1118,DATA13,DATA13,2021-11-18 04:57:34.000000,1321246654.0,30.534804697,114.421190739,12.6322,32.4,24,0.0054451813560247924,0.0119,30.5348047573,114.4211906718,0.00928850323412461
1119,DATA13,DATA13,2021-11-18 04:57:35.000000,1321246655.0,30.5348047,114.421190726,12.6322,32.2,24,0.0054451813560247924,0.0119,30.5348047573,114.4211906718,0.008210127992205035
1120,DATA13,DATA13,2021-11-18 04:57:36.000000,1321246656.0,30.534804688,114.421190733,12.6256,26.5,24,0.0054451813560247924,0.0119,30.5348047573,114.4211906718,0.009670413082300018
1121,DATA13,DATA13,2021-11-18 04:57:37.000000,1321246657.0,30.534804701,114.421190732,12.6312,31.5,24,0.0054451813560247924,0.0119,30.5348047573,114.4211906718,0.00850477778219413
1122,DATA13,DATA13,2021-11-18 04:57:38.000000,1321246658.0,30.53480471,114.421190751,12.6304,46.9,24,0.0054451813560247924,0.0119,30.5348047573,114.4211906718,0.00923381832202958
1123,DATA13,DATA13,2021-11-18 04:57:39.000000,1321246659.0,30.534804707,114.421190736,12.6294,48.5,24,0.0054451813560247924,0.0119,30.5348047573,114.4211906718,0.008309806821314991
1124,DATA13,DATA13,2021-11-18 04:57:40.000000,1321246660.0,30.534804698,114.421190731,12.6348,31.1,24,0.0054451813560247924,0.0119,30.5348047573,114.4211906718,0.008688725124064482
1125,DATA13,DATA13,2021-11-18 04:57:41.000000,1321246661.0,30.534804712,114.421190736,12.6289,35.7,24,0.0054451813560247924,0.0119,30.5348047573,114.4211906718,0.007948466674827242
1126,DATA13,DATA13,2021-11-18 04:57:42.000000,1321246662.0,30.534804711,114.421190748,12.6288,36.0,24,0.0054451813560247924,0.0119,30.5348047573,114.4211906718,0.008934186877048233
1127,DATA13,DATA13,2021-11-18 04:57:43.000000,1321246663.0,30.534804702,114.421190745,12.6307,44.0,23,0.0054451813560247924,0.0119,30.5348047573,114.4211906718,0.009323645615188744
1128,DATA13,DATA13,2021-11-18 04:57:44.000000,1321246664.0,30.534804705,114.42119073,12.6315,35.6,24,0.0054451813560247924,0.0119,30.5348047573,114.4211906718,0.008050565196523463
1129,DATA13,DATA13,2021-11-18 04:57:45.000000,1321246665.0,30.534804702,114.421190744,12.6305,42.8,24,0.0054451813560247924,0.0119,30.5348047573,114.4211906718,0.009251558526367611
1130,DATA13,DATA13,2021-11-18 04:57:46.000000,1321246666.0,30.534804708,114.421190748,12.6352,34.4,24,0.0054451813560247924,0.0119,30.5348047573,114.4211906718,0.009129324332817644
1131,DATA13,DATA13,2021-11-18 04:57:47.000000,1321246667.0,30.534804706,114.421190748,12.6309,43.2,24,0.0054451813560247924,0.0119,30.5348047573,114.4211906718,0.009263766612889444
1132,DATA13,DATA13,2021-11-18 04:57:48.000000,1321246668.0,30.534804707,114.421190736,12.6308,29.5,24,0.0054451813560247924,0.0119,30.5348047573,114.4211906718,0.008309807163009825
1133,DATA13,DATA13,2021-11-18 04:57:49.000000,1321246669.0,30.534804711,114.421190746,12.6273,23.0,24,0.005166236541235796,0.0112,30.5348047573,114.4211906718,0.008777786569477768
1134,DATA13,DATA13,2021-11-18 04:57:50.000000,1321246670.0,30.534804704,114.421190737,12.6339,35.8,24,0.005166236541235796,0.0112,30.5348047573,114.4211906718,0.008606068268599993
1135,DATA13,DATA13,2021-11-18 04:57:51.000000,1321246671.0,30.534804703,114.421190748,12.6306,28.2,24,0.005166236541235796,0.0112,30.5348047573,114.4211906718,0.009471586115080574
1136,DATA13,DATA13,2021-11-18 04:57:52.000000,1321246672.0,30.534804718,114.42119076,12.6256,31.6,24,0.005166236541235796,0.0112,30.5348047573,114.4211906718,0.009519630943594443
1137,DATA13,DATA13,2021-11-18 04:57:53.000000,1321246673.0,30.534804705,114.421190729,12.632,21.3,24,0.005166236541235796,0.0112,30.5348047573,114.4211906718,0.007984287701102414
1138,DATA13,DATA13,2021-11-18 04:57:54.000000,1321246674.0,30.534804714,114.421190759,12.6295,28.4,24,0.005166236541235796,0.0112,30.5348047573,114.4211906718,0.009647216593453198
1139,DATA13,DATA13,2021-11-18 04:57:55.000000,1321246675.0,30.534804733,114.421190746,12.6312,41.0,24,0.005166236541235796,0.0112,30.5348047574,114.4211906718,0.007617089444511848
1140,DATA13,DATA13,2021-11-18 04:57:56.000000,1321246676.0,30.53480471,114.421190754,12.6328,46.0,24,0.005166236541235796,0.0112,30.5348047574,114.4211906718,0.009478339318675345
1141,DATA13,DATA13,2021-11-18 04:57:57.000000,1321246677.0,30.534804715,114.421190748,12.6315,37.9,24,0.005166236541235796,0.0112,30.5348047573,114.4211906718,0.008687001727848346
1142,DATA13,DATA13,2021-11-18 04:57:58.000000,1321246678.0,30.534804714,114.421190751,12.6311,36.0,24,0.005166236541235796,0.0112,30.5348047574,114.4211906718,0.008995328805425643
1143,DATA13,DATA13,2021-11-18 04:57:59.000000,1321246679.0,30.534804748,114.421190747,12.6217,29.7,24,0.005166236541235796,0.0112,30.5348047574,114.4211906718,0.007291414907982823
1144,DATA13,DATA13,2021-11-18 04:58:00.000000,1321246680.0,30.534804741,114.421190742,12.6222,40.8,24,0.005166236541235796,0.0112,30.5348047574,114.4211906718,0.006977765786705859
1145,DATA13,DATA13,2021-11-18 04:58:01.000000,1321246681.0,30.534804723,114.421190736,12.6277,24.6,24,0.005166236541235796,0.0112,30.5348047573,114.4211906718,0.007239938905660753
1146,DATA13,DATA13,2021-11-18 04:58:02.000000,1321246682.0,30.534804739,114.42119075,12.6231,32.1,24,0.005166236541235796,0.0112,30.5348047573,114.4211906718,0.007773851480998016
1147,DATA13,DATA13,2021-11-18 04:58:03.000000,1321246683.0,30.534804725,114.421190745,12.6284,41.9,24,0.005166236541235796,0.0112,30.5348047574,114.4211906718,0.007889697841718274
1148,DATA13,DATA13,2021-11-18 04:58:04.000000,1321246684.0,30.534804699,114.421190751,12.6291,19.9,24,0.005166236541235796,0.0112,30.5348047574,114.4211906718,0.00998415071171239
1149,DATA13,DATA13,2021-11-18 04:58:05.000000,1321246685.0,30.53480473,114.421190759,12.6246,26.4,23,0.0054451813560247924,0.0119,30.5348047574,114.4211906718,0.008902407439270666
1150,DATA13,DATA13,2021-11-18 04:58:07.000000,1321246687.0,30.534804721,114.42119075,12.6268,26.0,24,0.005166236541235796,0.0112,30.5348047574,114.4211906718,0.008520624742089734
1151,DATA13,DATA13,2021-11-18 04:58:08.000000,1321246688.0,30.534804731,114.421190764,12.6226,29.9,24,0.005166236541235796,0.0112,30.5348047574,114.4211906718,0.009319460786296542
1152,DATA13,DATA13,2021-11-18 04:58:09.000000,1321246689.0,30.534804729,114.421190763,12.6203,22.5,24,0.005166236541235796,0.0112,30.5348047574,114.4211906718,0.009301095315432273
1153,DATA13,DATA13,2021-11-18 04:58:10.000000,1321246690.0,30.534804732,114.421190752,12.6231,28.0,23,0.0054451813560247924,0.0119,30.5348047574,114.4211906718,0.008195338674117774
1154,DATA13,DATA13,2021-11-18 04:58:11.000000,1321246691.0,30.534804718,114.421190768,12.6212,26.2,24,0.0054451813560247924,0.0119,30.5348047632,114.4211906981,0.008372944420322945
1155,DATA13,DATA13,2021-11-18 04:58:12.000000,1321246692.0,30.534804732,114.421190764,12.6187,24.3,24,0.0054451813560247924,0.0119,30.5348047669,114.4211907146,0.006119121700482477
1156,DATA13,DATA13,2021-11-18 04:58:13.000000,1321246693.0,30.534804736,114.421190762,12.6192,36.8,24,0.005166236541235796,0.0112,30.5348047669,114.4211907146,0.005694376308733357
1157,DATA13,DATA13,2021-11-18 04:58:14.000000,1321246694.0,30.534804727,114.421190746,12.6205,25.7,24,0.005166236541235796,0.0112,30.5348047669,114.4211907146,0.0053522217250433725
1158,DATA13,DATA13,2021-11-18 04:58:15.000000,1321246695.0,30.534804732,114.421190767,12.6203,24.6,23,0.0054451813560247924,0.0123,30.5348047669,114.4211907146,0.006344774556704759
1159,DATA13,DATA13,2021-11-18 04:58:16.000000,1321246696.0,30.534804754,114.421190751,12.6208,45.6,24,0.0054451813560247924,0.0123,30.5348047669,114.4211907146,0.0037745371601519253
1160,DATA13,DATA13,2021-11-18 04:58:17.000000,1321246697.0,30.534804731,114.421190768,12.6231,38.0,24,0.0054451813560247924,0.0123,30.5348047669,114.4211907146,0.006488502461228105
1161,DATA13,DATA13,2021-11-18 04:58:18.000000,1321246698.0,30.534804726,114.421190761,12.625,30.3,24,0.0054451813560247924,0.0123,30.5348047632,114.4211906981,0.007310504029222503
1162,DATA13,DATA13,2021-11-18 04:58:19.000000,1321246699.0,30.53480474,114.42119076,12.621,39.9,23,0.0054451813560247924,0.0123,30.5348047574,114.4211906718,0.008681135334218581
1163,DATA13,DATA13,2021-11-18 04:58:20.000000,1321246700.0,30.534804726,114.421190762,12.6246,46.7,24,0.00523450093132096,0.0116,30.5348047574,114.4211906718,0.009329774442178218
1164,DATA13,DATA13,2021-11-18 04:58:21.000000,1321246701.0,30.534804722,114.421190748,12.6255,29.2,24,0.00523450093132096,0.0116,30.5348047574,114.4211906718,0.008299083019461919
1165,DATA13,DATA13,2021-11-18 04:58:22.000000,1321246702.0,30.534804712,114.421190743,12.6324,23.7,24,0.00523450093132096,0.0116,30.5348047574,114.4211906718,0.008486349210242425
1166,DATA13,DATA13,2021-11-18 04:58:23.000000,1321246703.0,30.534804725,114.421190754,12.6238,30.9,24,0.00523450093132096,0.0116,30.5348047574,114.4211906718,0.008667606312772944
1167,DATA13,DATA13,2021-11-18 04:58:24.000000,1321246704.0,30.534804739,114.42119076,12.622,40.0,24,0.00523450093132096,0.0116,30.5348047574,114.4211906718,0.008706440373454855
1168,DATA13,DATA13,2021-11-18 04:58:25.000000,1321246705.0,30.534804728,114.421190741,12.623,28.2,24,0.005166236541235796,0.0112,30.5348047574,114.4211906718,0.007397508208823165
1169,DATA13,DATA13,2021-11-18 04:58:26.000000,1321246706.0,30.534804742,114.421190743,12.6246,26.8,24,0.005166236541235796,0.0112,30.5348047574,114.4211906718,0.007042767306697746
1170,DATA13,DATA13,2021-11-18 04:58:27.000000,1321246707.0,30.534804736,114.421190748,12.6184,42.4,24,0.005166236541235796,0.0112,30.5348047574,114.4211906718,0.007687751507715091
1171,DATA13,DATA13,2021-11-18 04:58:28.000000,1321246708.0,30.534804731,114.421190754,12.6207,53.3,24,0.005166236541235796,0.0112,30.5348047574,114.4211906718,0.008413761202164315
1172,DATA13,DATA13,2021-11-18 04:58:29.000000,1321246709.0,30.534804734,114.42119075,12.6212,35.5,24,0.005166236541235796,0.0112,30.5348047574,114.4211906718,0.007940185769301524
1173,DATA13,DATA13,2021-11-18 04:58:30.000000,1321246710.0,30.53480471,114.421190747,12.6241,27.8,24,0.005166236541235796,0.0112,30.5348047574,114.4211906718,0.008927046270847831
1174,DATA13,DATA13,2021-11-18 04:58:31.000000,1321246711.0,30.534804734,114.421190759,12.6237,47.8,24,0.005166236541235796,0.0112,30.5348047574,114.4211906718,0.008761019214548731
1175,DATA13,DATA13,2021-11-18 04:58:32.000000,1321246712.0,30.534804741,114.421190742,12.6174,26.5,24,0.005166236541235796,0.0112,30.5348047574,114.4211906718,0.006977765853727884
1176,DATA13,DATA13,2021-11-18 04:58:33.000000,1321246713.0,30.534804748,114.421190755,12.6206,24.7,24,0.005166236541235796,0.0112,30.5348047575,114.4211906718,0.00805344282289774
1177,DATA13,DATA13,2021-11-18 04:58:34.000000,1321246714.0,30.53480473,114.421190749,12.6208,35.7,24,0.005166236541235796,0.0112,30.5348047575,114.4211906718,0.008011261089378545
1178,DATA13,DATA13,2021-11-18 04:58:35.000000,1321246715.0,30.534804724,114.421190762,12.6268,60.1,23,0.0054451813560247924,0.0119,30.5348047575,114.4211906718,0.00941911547763924
1179,DATA13,DATA13,2021-11-18 04:58:36.000000,1321246716.0,30.534804733,114.421190751,12.6207,31.6,24,0.0054451813560247924,0.0119,30.5348047575,114.4211906718,0.008071161850415816
1180,DATA13,DATA13,2021-11-18 04:58:37.000000,1321246717.0,30.534804723,114.421190737,12.624,38.3,24,0.0054451813560247924,0.0119,30.5348047575,114.4211906718,0.00733331523485592
1181,DATA13,DATA13,2021-11-18 04:58:38.000000,1321246718.0,30.534804727,114.421190757,12.6216,42.8,24,0.005166236541235796,0.0112,30.5348047575,114.4211906718,0.008847796156269142
1182,DATA13,DATA13,2021-11-18 04:58:39.000000,1321246719.0,30.534804741,114.421190747,12.6247,45.4,24,0.005166236541235796,0.0112,30.5348047575,114.4211906718,0.007444783077354748
1183,DATA13,DATA13,2021-11-18 04:58:40.000000,1321246720.0,30.534804728,114.421190755,12.6248,49.8,24,0.005166236541235796,0.0112,30.5348047575,114.4211906718,0.008628116428670958
1184,DATA13,DATA13,2021-11-18 04:58:41.000000,1321246721.0,30.534804719,114.421190731,12.6214,29.0,24,0.005166236541235796,0.0112,30.5348047574,114.4211906718,0.00709915168296619
1185,DATA13,DATA13,2021-11-18 04:58:42.000000,1321246722.0,30.534804715,114.421190738,12.6216,21.9,24,0.005166236541235796,0.0112,30.5348047574,114.4211906718,0.00790279087350861
1186,DATA13,DATA13,2021-11-18 04:58:43.000000,1321246723.0,30.534804732,114.421190773,12.6163,33.7,23,0.0054451813560247924,0.0119,30.5348047574,114.4211906718,0.010111644892508617
1187,DATA13,DATA13,2021-11-18 04:58:44.000000,1321246724.0,30.534804739,114.421190779,12.6162,33.7,24,0.0054451813560247924,0.0119,30.5348047574,114.4211906718,0.010487726907027635
1188,DATA13,DATA13,2021-11-18 04:58:45.000000,1321246725.0,30.534804735,114.421190768,12.6161,59.3,24,0.0054451813560247924,0.0119,30.5348047574,114.4211906718,0.009559988876680909
1189,DATA13,DATA13,2021-11-18 04:58:46.000000,1321246726.0,30.534804732,114.421190753,12.6178,29.1,24,0.0054451813560247924,0.0119,30.5348047574,114.4211906718,0.008285526947558904
1190,DATA13,DATA13,2021-11-18 04:58:47.000000,1321246727.0,30.534804738,114.421190759,12.6204,33.1,24,0.0054451813560247924,0.0119,30.5348047574,114.4211906718,0.008640101977303674
1191,DATA13,DATA13,2021-11-18 04:58:48.000000,1321246728.0,30.534804742,114.421190756,12.6216,38.6,24,0.0054451813560247924,0.0119,30.5348047574,114.4211906718,0.008258640532437099
1192,DATA13,DATA13,2021-11-18 04:58:49.000000,1321246729.0,30.534804704,114.421190751,12.6314,23.1,24,0.005166236541235796,0.0112,30.5348047574,114.4211906718,0.00963394933567077
1193,DATA13,DATA13,2021-11-18 04:58:50.000000,1321246730.0,30.534804718,114.421190758,12.6245,18.8,24,0.005166236541235796,0.0112,30.5348047575,114.4211906718,0.009359746469991792
1194,DATA13,DATA13,2021-11-18 04:58:51.000000,1321246731.0,30.53480474,114.421190743,12.6175,37.3,24,0.005166236541235796,0.0112,30.5348047575,114.4211906718,0.007102796396759248
1195,DATA13,DATA13,2021-11-18 04:58:52.000000,1321246732.0,30.534804746,114.421190752,12.621,30.9,24,0.005166236541235796,0.0112,30.5348047575,114.4211906718,0.007801266011509207
1196,DATA13,DATA13,2021-11-18 04:58:53.000000,1321246733.0,30.534804726,114.421190752,12.6221,25.6,24,0.005166236541235796,0.0112,30.5348047575,114.4211906718,0.008451592795539448
1197,DATA13,DATA13,2021-11-18 04:58:54.000000,1321246734.0,30.534804705,114.421190727,12.6317,12.0,24,0.005166236541235796,0.0112,30.5348047575,114.4211906718,0.007869954892117198
1198,DATA13,DATA13,2021-11-18 04:58:55.000000,1321246735.0,30.534804721,114.421190761,12.6254,23.6,24,0.005166236541235796,0.0112,30.5348047575,114.4211906718,0.009468293432550944
1199,DATA13,DATA13,2021-11-18 04:58:56.000000,1321246736.0,30.534804713,114.421190746,12.623,18.2,24,0.005166236541235796,0.0112,30.5348047575,114.4211906718,0.008662608449984503
1200,DATA13,DATA13,2021-11-18 04:58:57.000000,1321246737.0,30.534804738,114.42119077,12.6178,23.3,23,0.0054451813560247924,0.0119,30.5348047575,114.4211906718,0.009668532805131002
1201,DATA13,DATA13,2021-11-18 04:58:58.000000,1321246738.0,30.53480474,114.421190759,12.6124,20.0,24,0.0054451813560247924,0.0119,30.5348047575,114.4211906718,0.008590092566147085
1202,DATA13,DATA13,2021-11-18 04:58:59.000000,1321246739.0,30.534804725,114.42119077,12.6204,28.2,24,0.0054451813560247924,0.0119,30.5348047575,114.4211906718,0.01008904250972612
1203,DATA13,DATA13,2021-11-18 04:59:00.000000,1321246740.0,30.534804741,114.42119076,12.621,31.5,23,0.0054451813560247924,0.0119,30.5348047575,114.4211906718,0.008659511286584364
1204,DATA13,DATA13,2021-11-18 04:59:01.000000,1321246741.0,30.534804727,114.421190758,12.619,25.4,24,0.0054451813560247924,0.0119,30.5348047575,114.4211906718,0.008936551438616538
1205,DATA13,DATA13,2021-11-18 04:59:02.000000,1321246742.0,30.534804724,114.421190742,12.6236,17.4,24,0.005166236541235796,0.0112,30.5348047575,114.4211906718,0.007692621251522208
1206,DATA13,DATA13,2021-11-18 04:59:03.000000,1321246743.0,30.534804731,114.421190755,12.6168,31.8,24,0.005166236541235796,0.0112,30.5348047575,114.4211906718,0.008507620686644013
1207,DATA13,DATA13,2021-11-18 04:59:04.000000,1321246744.0,30.534804737,114.42119076,12.6207,22.1,23,0.0054451813560247924,0.0119,30.5348047575,114.4211906718,0.008763908816192285
1208,DATA13,DATA13,2021-11-18 04:59:06.000000,1321246746.0,30.534804723,114.421190768,12.6251,32.4,24,0.0054451813560247924,0.0119,30.5348047575,114.4211906718,0.009992755249162115
1209,DATA13,DATA13,2021-11-18 04:59:07.000000,1321246747.0,30.534804719,114.421190757,12.6301,21.1,24,0.00523450093132096,0.0116,30.5348047575,114.4211906718,0.00922321811925147
1210,DATA13,DATA13,2021-11-18 04:59:08.000000,1321246748.0,30.534804732,114.421190747,12.6225,30.9,23,0.0054451813560247924,0.0124,30.5348047575,114.4211906718,0.007750518468029236
1211,DATA13,DATA13,2021-11-18 04:59:09.000000,1321246749.0,30.534804739,114.421190778,12.6158,23.8,24,0.0054451813560247924,0.0124,30.5348047575,114.4211906718,0.010395792586774737
1212,DATA13,DATA13,2021-11-18 04:59:10.000000,1321246750.0,30.534804718,114.421190763,12.6231,48.2,24,0.0054451813560247924,0.0124,30.5348047575,114.4211906718,0.009786391779376135
1213,DATA13,DATA13,2021-11-18 04:59:11.000000,1321246751.0,30.534804719,114.421190763,12.6214,35.0,24,0.0054451813560247924,0.0124,30.5348047575,114.4211906718,0.009737290167779187
1214,DATA13,DATA13,2021-11-18 04:59:12.000000,1321246752.0,30.534804723,114.421190752,12.6219,22.9,23,0.0054451813560247924,0.0124,30.5348047576,114.4211906718,0.00859929253191554
1215,DATA13,DATA13,2021-11-18 04:59:13.000000,1321246753.0,30.534804728,114.421190775,12.619,17.8,24,0.0054451813560247924,0.0119,30.5348047576,114.4211906718,0.010433080113606184
1216,DATA13,DATA13,2021-11-18 04:59:14.000000,1321246754.0,30.534804727,114.421190754,12.6225,28.6,24,0.0054451813560247924,0.0119,30.5348047576,114.4211906718,0.008586831687888834
1217,DATA13,DATA13,2021-11-18 04:59:15.000000,1321246755.0,30.534804713,114.421190753,12.6185,29.3,23,0.0054451813560247924,0.0124,30.5348047576,114.4211906718,0.009228658728526563
1218,DATA13,DATA13,2021-11-18 04:59:16.000000,1321246756.0,30.534804725,114.421190752,12.6222,53.5,24,0.0054451813560247924,0.0124,30.5348047575,114.4211906718,0.008497999687254584
1219,DATA13,DATA13,2021-11-18 04:59:17.000000,1321246757.0,30.53480472,114.421190748,12.6216,33.6,24,0.0054451813560247924,0.0124,30.5348047576,114.4211906718,0.008417161536204837
1220,DATA13,DATA13,2021-11-18 04:59:18.000000,1321246758.0,30.534804728,114.421190749,12.6197,25.2,24,0.0054451813560247924,0.0124,30.5348047576,114.4211906718,0.008102717931810995
1221,DATA13,DATA13,2021-11-18 04:59:19.000000,1321246759.0,30.534804716,114.421190752,12.6209,26.5,24,0.005166236541235796,0.0112,30.5348047576,114.4211906718,0.00897237376880178
1222,DATA13,DATA13,2021-11-18 04:59:20.000000,1321246760.0,30.534804717,114.421190763,12.6202,38.6,23,0.0054451813560247924,0.0119,30.5348047576,114.4211906718,0.009841563161006407
1223,DATA13,DATA13,2021-11-18 04:59:21.000000,1321246761.0,30.534804711,114.421190744,12.6245,22.6,24,0.0054451813560247924,0.0119,30.5348047576,114.4211906718,0.008642660671784349
1224,DATA13,DATA13,2021-11-18 04:59:22.000000,1321246762.0,30.534804732,114.421190758,12.6205,33.8,22,0.0054451813560247924,0.0124,30.5348047576,114.4211906718,0.008745482645316811
1225,DATA13,DATA13,2021-11-18 04:59:23.000000,1321246763.0,30.534804724,114.421190762,12.6181,39.9,24,0.0054451813560247924,0.0124,30.5348047576,114.4211906718,0.009423492134179189
1226,DATA13,DATA13,2021-11-18 04:59:24.000000,1321246764.0,30.53480472,114.421190766,12.6186,24.0,24,0.0054451813560247924,0.0124,30.5348047576,114.4211906718,0.009954659752488751
1227,DATA13,DATA13,2021-11-18 04:59:25.000000,1321246765.0,30.534804734,114.421190773,12.6143,21.6,24,0.005166236541235796,0.0112,30.5348047576,114.4211906718,0.010057899584213992
1228,DATA13,DATA13,2021-11-18 04:59:26.000000,1321246766.0,30.534804708,114.421190757,12.6224,22.7,23,0.0054451813560247924,0.0124,30.5348047576,114.4211906718,0.009853252351480254
1229,DATA13,DATA13,2021-11-18 04:59:27.000000,1321246767.0,30.534804714,114.421190736,12.6216,43.5,24,0.0054451813560247924,0.0124,30.5348047576,114.4211906718,0.00783075210911749
1230,DATA13,DATA13,2021-11-18 04:59:28.000000,1321246768.0,30.53480471,114.421190758,12.6204,27.8,24,0.0054451813560247924,0.0124,30.5348047576,114.4211906718,0.009812022983546375
1231,DATA13,DATA13,2021-11-18 04:59:29.000000,1321246769.0,30.534804737,114.421190746,12.6104,29.0,24,0.0054451813560247924,0.0124,30.5348047576,114.4211906718,0.007477860907540865
1232,DATA13,DATA13,2021-11-18 04:59:30.000000,1321246770.0,30.534804719,114.421190757,12.6153,28.5,24,0.0054451813560247924,0.0124,30.5348047576,114.4211906718,0.009228353370241893
1233,DATA13,DATA13,2021-11-18 04:59:31.000000,1321246771.0,30.534804719,114.421190749,12.6169,28.3,24,0.0054451813560247924,0.0124,30.5348047576,114.4211906718,0.00855557354929454
1234,DATA13,DATA13,2021-11-18 04:59:32.000000,1321246772.0,30.534804712,114.421190753,12.6201,24.8,24,0.0054451813560247924,0.0124,30.5348047576,114.4211906718,0.009288527375637241
1235,DATA13,DATA13,2021-11-18 04:59:33.000000,1321246773.0,30.534804718,114.421190751,12.6202,30.6,24,0.0054451813560247924,0.0124,30.5348047576,114.4211906718,0.008777218859570937
1236,DATA13,DATA13,2021-11-18 04:59:34.000000,1321246774.0,30.53480471,114.42119076,12.6206,26.9,24,0.0054451813560247924,0.0124,30.5348047576,114.4211906718,0.009974367110228748
1237,DATA13,DATA13,2021-11-18 04:59:35.000000,1321246775.0,30.534804731,114.421190756,12.6143,26.6,24,0.0054451813560247924,0.0124,30.5348047576,114.4211906718,0.008601540787582908
1238,DATA13,DATA13,2021-11-18 04:59:36.000000,1321246776.0,30.53480471,114.421190749,12.6191,26.4,24,0.0054451813560247924,0.0124,30.5348047576,114.4211906718,0.009095749634001712
1239,DATA13,DATA13,2021-11-18 04:59:37.000000,1321246777.0,30.534804735,114.421190755,12.6164,23.0,24,0.005166236541235796,0.0112,30.5348047576,114.4211906718,0.00836816203459366
1240,DATA13,DATA13,2021-11-18 04:59:38.000000,1321246778.0,30.534804726,114.421190766,12.6255,33.5,24,0.005166236541235796,0.0112,30.5348047576,114.4211906718,0.009694963165447863
1241,DATA13,DATA13,2021-11-18 04:59:39.000000,1321246779.0,30.534804721,114.421190744,12.6145,19.0,24,0.005166236541235796,0.0112,30.5348047576,114.4211906718,0.008029323597102638
1242,DATA13,DATA13,2021-11-18 04:59:40.000000,1321246780.0,30.534804724,114.421190749,12.6225,21.1,23,0.0054451813560247924,0.0119,30.5348047576,114.4211906718,0.008292226922673703
1243,DATA13,DATA13,2021-11-18 04:59:41.000000,1321246781.0,30.53480471,114.421190735,12.6193,18.3,23,0.0054451813560247924,0.0119,30.5348047576,114.4211906718,0.008039335474223109
1244,DATA13,DATA13,2021-11-18 04:59:42.000000,1321246782.0,30.534804717,114.421190752,12.6208,20.1,24,0.0054451813560247924,0.0119,30.5348047576,114.4211906718,0.008915896993169399
1245,DATA13,DATA13,2021-11-18 04:59:43.000000,1321246783.0,30.534804719,114.421190741,12.6155,21.0,24,0.00523450093132096,0.0116,30.5348047576,114.4211906718,0.007900122963006451
1246,DATA13,DATA13,2021-11-18 04:59:44.000000,1321246784.0,30.534804714,114.421190738,12.6186,31.2,24,0.00523450093132096,0.0116,30.5348047576,114.4211906718,0.00798263516490982
1247,DATA13,DATA13,2021-11-18 04:59:45.000000,1321246785.0,30.534804731,114.421190748,12.6148,25.3,24,0.0054451813560247924,0.0124,30.5348047576,114.4211906718,0.007884743679298332
1248,DATA13,DATA13,2021-11-18 04:59:46.000000,1321246786.0,30.534804718,114.421190747,12.6198,33.0,24,0.0054451813560247924,0.0124,30.5348047576,114.4211906718,0.008447007933770628
1249,DATA13,DATA13,2021-11-18 04:59:47.000000,1321246787.0,30.534804716,114.421190742,12.6244,39.2,24,0.0054451813560247924,0.0124,30.5348047576,114.4211906718,0.008164113561644195
1250,DATA13,DATA13,2021-11-18 04:59:48.000000,1321246788.0,30.534804716,114.42119074,12.6181,36.5,24,0.0054451813560247924,0.0124,30.5348047576,114.4211906718,0.00800647461660869
1251,DATA13,DATA13,2021-11-18 04:59:49.000000,1321246789.0,30.53480472,114.421190733,12.6182,25.2,24,0.005166236541235796,0.0112,30.5348047577,114.4211906718,0.007208388098784112
1252,DATA13,DATA13,2021-11-18 04:59:50.000000,1321246790.0,30.534804718,114.421190753,12.617,25.7,24,0.005166236541235796,0.0112,30.5348047576,114.4211906718,0.00894393165381451
1253,DATA13,DATA13,2021-11-18 04:59:51.000000,1321246791.0,30.534804721,114.421190744,12.6161,23.4,24,0.005166236541235796,0.0112,30.5348047576,114.4211906718,0.008029323452648982
1254,DATA13,DATA13,2021-11-18 04:59:52.000000,1321246792.0,30.534804718,114.421190733,12.6217,28.7,24,0.005166236541235796,0.0112,30.5348047576,114.4211906718,0.007332525337274807
1255,DATA13,DATA13,2021-11-18 04:59:53.000000,1321246793.0,30.534804716,114.421190749,12.6218,20.4,24,0.005166236541235796,0.0112,30.5348047576,114.4211906718,0.008726676999890534
1256,DATA13,DATA13,2021-11-18 04:59:54.000000,1321246794.0,30.53480473,114.421190748,12.6228,31.5,24,0.005166236541235796,0.0112,30.5348047577,114.4211906718,0.007931159044130451
1257,DATA13,DATA13,2021-11-18 04:59:55.000000,1321246795.0,30.534804709,114.421190738,12.627,40.0,24,0.005166236541235796,0.0112,30.5348047577,114.4211906718,0.008337139395218282
1258,DATA13,DATA13,2021-11-18 04:59:56.000000,1321246796.0,30.534804715,114.421190752,12.6256,33.5,24,0.005166236541235796,0.0112,30.5348047577,114.4211906718,0.009035661413094968
1259,DATA13,DATA13,2021-11-18 04:59:57.000000,1321246797.0,30.534804715,114.421190742,12.6254,35.4,24,0.005166236541235796,0.0112,30.5348047577,114.4211906718,0.00823361573947568
1260,DATA13,DATA13,2021-11-18 04:59:58.000000,1321246798.0,30.534804725,114.421190747,12.6153,22.9,24,0.005166236541235796,0.0112,30.5348047577,114.4211906718,0.008075931759954995
1261,DATA13,DATA13,2021-11-18 04:59:59.000000,1321246799.0,30.534804679,114.421190732,12.6312,17.6,23,0.00523450093132096,0.0116,30.5348047577,114.4211906718,0.010464089791054478
1262,DATA13,DATA13,2021-11-18 05:00:00.000000,1321246800.0,30.534804703,114.421190733,12.6215,37.3,24,0.00523450093132096,0.0116,30.5348047577,114.4211906718,0.008441948567572004
1263,DATA13,DATA13,2021-11-18 05:00:01.000000,1321246801.0,30.534804696,114.421190754,12.6166,16.5,24,0.00523450093132096,0.0116,30.5348047577,114.4211906718,0.010440949779282121
1264,DATA13,DATA13,2021-11-18 05:00:02.000000,1321246802.0,30.534804706,114.421190743,12.6198,25.4,24,0.00523450093132096,0.0116,30.5348047577,114.4211906718,0.00891832300184298
1265,DATA13,DATA13,2021-11-18 05:00:03.000000,1321246803.0,30.534804716,114.421190739,12.6234,51.4,24,0.00523450093132096,0.0116,30.5348047577,114.4211906718,0.007934676165966124
1266,DATA13,DATA13,2021-11-18 05:00:04.000000,1321246804.0,30.534804711,114.421190742,12.6158,25.7,23,0.00523450093132096,0.0116,30.5348047577,114.4211906718,0.008496319971945675
1267,DATA13,DATA13,2021-11-18 05:00:05.000000,1321246805.0,30.534804718,114.42119075,12.6165,44.9,24,0.00523450093132096,0.0116,30.5348047577,114.4211906718,0.00869985724382648
1268,DATA13,DATA13,2021-11-18 05:00:06.000000,1321246806.0,30.53480471,114.421190748,12.6154,24.0,23,0.00523450093132096,0.0116,30.5348047577,114.4211906718,0.009024250259776738
1269,DATA13,DATA13,2021-11-18 05:00:07.000000,1321246807.0,30.534804687,114.421190728,12.6277,25.7,24,0.00523450093132096,0.0116,30.5348047577,114.4211906718,0.009514197641068999
1270,DATA13,DATA13,2021-11-18 05:00:08.000000,1321246808.0,30.534804719,114.421190749,12.6231,28.2,23,0.00523450093132096,0.0116,30.5348047577,114.4211906718,0.008561124101603203
1271,DATA13,DATA13,2021-11-18 05:00:09.000000,1321246809.0,30.5348047,114.421190728,12.6206,18.8,24,0.00523450093132096,0.0116,30.5348047577,114.4211906718,0.008366896374510444
1272,DATA13,DATA13,2021-11-18 05:00:10.000000,1321246810.0,30.534804688,114.421190743,12.6246,22.2,24,0.00523450093132096,0.0116,30.5348047577,114.4211906718,0.010314712295736047
1273,DATA13,DATA13,2021-11-18 05:00:11.000000,1321246811.0,30.53480473,114.421190756,12.6096,19.8,24,0.00523450093132096,0.0116,30.5348047577,114.4211906718,0.008644108522587792
1274,DATA13,DATA13,2021-11-18 05:00:12.000000,1321246812.0,30.534804719,114.421190736,12.6107,22.3,24,0.00523450093132096,0.0116,30.5348047577,114.4211906718,0.007507620234118637
1275,DATA13,DATA13,2021-11-18 05:00:13.000000,1321246813.0,30.534804709,114.421190752,12.6174,22.3,24,0.005166236541235796,0.0112,30.5348047577,114.4211906718,0.009401233313918322
1276,DATA13,DATA13,2021-11-18 05:00:14.000000,1321246814.0,30.534804733,114.421190756,12.6119,19.5,23,0.00523450093132096,0.0116,30.5348047577,114.4211906718,0.008531621891842934
1277,DATA13,DATA13,2021-11-18 05:00:15.000000,1321246815.0,30.534804709,114.421190757,12.6202,24.0,24,0.00523450093132096,0.0116,30.5348047577,114.4211906718,0.009797921228981186
1278,DATA13,DATA13,2021-11-18 05:00:16.000000,1321246816.0,30.534804717,114.421190762,12.6181,27.8,23,0.00523450093132096,0.0116,30.5348047577,114.4211906718,0.009761440392970052
1279,DATA13,DATA13,2021-11-18 05:00:17.000000,1321246817.0,30.534804711,114.421190735,12.6208,29.6,24,0.00523450093132096,0.0116,30.5348047577,114.4211906718,0.00797419898629507
1280,DATA13,DATA13,2021-11-18 05:00:18.000000,1321246818.0,30.534804721,114.421190746,12.6181,32.5,22,0.0054451813560247924,0.0124,30.5348047577,114.4211906718,0.008201011779192142
1281,DATA13,DATA13,2021-11-18 05:00:19.000000,1321246819.0,30.534804711,114.421190754,12.6187,30.1,24,0.0054451813560247924,0.0124,30.5348047577,114.4211906718,0.009435537137642322
1282,DATA13,DATA13,2021-11-18 05:00:20.000000,1321246820.0,30.534804725,114.421190751,12.6178,25.9,24,0.005166236541235796,0.0111,30.5348047577,114.4211906718,0.008420706935814804
1283,DATA13,DATA13,2021-11-18 05:00:21.000000,1321246821.0,30.534804706,114.421190731,12.6239,20.7,24,0.005166236541235796,0.0111,30.5348047577,114.4211906718,0.008070057584168925
1284,DATA13,DATA13,2021-11-18 05:00:22.000000,1321246822.0,30.534804727,114.421190746,12.618,32.4,24,0.005166236541235796,0.0111,30.5348047577,114.4211906718,0.007892172876801579
1285,DATA13,DATA13,2021-11-18 05:00:23.000000,1321246823.0,30.534804722,114.421190753,12.6298,5.9,24,0.005166236541235796,0.0111,30.5348047577,114.4211906718,0.008739830115969453
1286,DATA13,DATA13,2021-11-18 05:00:24.000000,1321246824.0,30.534804696,114.421190727,12.6232,20.3,24,0.005166236541235796,0.0111,30.5348047578,114.4211906718,0.008660293355932743
1287,DATA13,DATA13,2021-11-18 05:00:25.000000,1321246825.0,30.534804718,114.421190739,12.6134,29.9,24,0.005166236541235796,0.0111,30.5348047578,114.4211906718,0.00781382862725391
1288,DATA13,DATA13,2021-11-18 05:00:26.000000,1321246826.0,30.534804718,114.421190743,12.6194,29.1,23,0.0054451813560247924,0.0119,30.5348047578,114.4211906718,0.008133520256391153
1289,DATA13,DATA13,2021-11-18 05:00:27.000000,1321246827.0,30.534804718,114.421190763,12.6225,47.8,24,0.0054451813560247924,0.0124,30.5348047578,114.4211906718,0.009801318905460063
1290,DATA13,DATA13,2021-11-18 05:00:28.000000,1321246828.0,30.534804745,114.421190752,12.6101,44.5,24,0.0054451813560247924,0.0124,30.5348047578,114.4211906718,0.00782611002286354
1291,DATA13,DATA13,2021-11-18 05:00:29.000000,1321246829.0,30.534804717,114.421190756,12.6158,35.9,23,0.0054451813560247924,0.0124,30.5348047577,114.4211906718,0.009254683414244118
1292,DATA13,DATA13,2021-11-18 05:00:30.000000,1321246830.0,30.534804728,114.421190735,12.6228,48.9,24,0.0054451813560247924,0.0124,30.5348047578,114.4211906718,0.006906395573597185
1293,DATA13,DATA13,2021-11-18 05:00:31.000000,1321246831.0,30.534804706,114.421190721,12.6171,32.7,24,0.00523450093132096,0.0116,30.5348047578,114.4211906718,0.007434393018238286
1294,DATA13,DATA13,2021-11-18 05:00:32.000000,1321246832.0,30.534804718,114.421190723,12.6197,29.1,24,0.005166236541235796,0.0111,30.5348047578,114.4211906718,0.006603777779938203
1295,DATA13,DATA13,2021-11-18 05:00:33.000000,1321246833.0,30.534804723,114.421190744,12.6188,34.2,24,0.0054451813560247924,0.0119,30.5348047578,114.4211906718,0.007930352468726977
1296,DATA13,DATA13,2021-11-18 05:00:34.000000,1321246834.0,30.534804719,114.421190734,12.6234,14.7,23,0.0054451813560247924,0.0119,30.5348047578,114.4211906718,0.007357411765007534
1297,DATA13,DATA13,2021-11-18 05:00:35.000000,1321246835.0,30.534804724,114.421190751,12.6203,23.3,23,0.0054451813560247924,0.0119,30.5348047578,114.4211906718,0.008473921021581163
1298,DATA13,DATA13,2021-11-18 05:00:36.000000,1321246836.0,30.534804717,114.421190731,12.618,19.7,23,0.0054451813560247924,0.0119,30.5348047578,114.4211906718,0.007261824560054819
1299,DATA13,DATA13,2021-11-18 05:00:37.000000,1321246837.0,30.534804717,114.42119074,12.6212,36.6,23,0.0054451813560247924,0.0119,30.5348047578,114.4211906718,0.00795571852745308
1300,DATA13,DATA13,2021-11-18 05:00:38.000000,1321246838.0,30.534804736,114.421190763,12.616,32.8,23,0.0054451813560247924,0.0119,30.5348047578,114.4211906718,0.009079556429473796
1301,DATA13,DATA13,2021-11-18 05:00:39.000000,1321246839.0,30.534804727,114.421190756,12.6176,32.2,24,0.0054451813560247924,0.0119,30.5348047578,114.4211906718,0.008772083733652656
1302,DATA13,DATA13,2021-11-18 05:00:40.000000,1321246840.0,30.534804734,114.421190736,12.6146,27.3,24,0.0054451813560247924,0.0119,30.5348047578,114.4211906718,0.006702163517591428
1303,DATA13,DATA13,2021-11-18 05:00:41.000000,1321246841.0,30.534804716,114.421190759,12.6187,29.1,24,0.0054451813560247924,0.0119,30.5348047578,114.4211906718,0.009565558650261152
1304,DATA13,DATA13,2021-11-18 05:00:42.000000,1321246842.0,30.534804717,114.421190747,12.6182,28.4,24,0.0054451813560247924,0.0119,30.5348047578,114.4211906718,0.0085169071312407
1305,DATA13,DATA13,2021-11-18 05:00:43.000000,1321246843.0,30.534804726,114.421190732,12.6171,20.2,24,0.0054451813560247924,0.0119,30.5348047578,114.4211906718,0.006767805845063528
1306,DATA13,DATA13,2021-11-18 05:00:44.000000,1321246844.0,30.534804713,114.421190735,12.6203,32.4,24,0.005166236541235796,0.0111,30.5348047578,114.4211906718,0.007839079398012644
1307,DATA13,DATA13,2021-11-18 05:00:45.000000,1321246845.0,30.534804724,114.42119075,12.613,26.0,23,0.0054451813560247924,0.0119,30.5348047578,114.4211906718,0.008387956156637589
1308,DATA13,DATA13,2021-11-18 05:00:46.000000,1321246846.0,30.534804708,114.421190747,12.6208,20.5,23,0.0054451813560247924,0.0119,30.5348047578,114.4211906718,0.00908621163967562
1309,DATA13,DATA13,2021-11-18 05:00:47.000000,1321246847.0,30.534804714,114.421190743,12.6194,30.3,23,0.0054451813560247924,0.0124,30.5348047578,114.4211906718,0.008382365016399568
1310,DATA13,DATA13,2021-11-18 05:00:48.000000,1321246848.0,30.53480472,114.42119076,12.6174,36.0,23,0.0054451813560247924,0.0124,30.5348047579,114.4211906718,0.009449605089233698
1311,DATA13,DATA13,2021-11-18 05:00:49.000000,1321246849.0,30.53480473,114.421190752,12.6151,29.1,22,0.0054451813560247924,0.0124,30.5348047579,114.4211906718,0.00829465211941601
1312,DATA13,DATA13,2021-11-18 05:00:50.000000,1321246850.0,30.534804723,114.421190725,12.6168,37.0,24,0.005303772242470448,0.0118,30.5348047579,114.4211906718,0.006405791442061726
1313,DATA13,DATA13,2021-11-18 05:00:51.000000,1321246851.0,30.534804721,114.421190739,12.6201,34.8,24,0.005303772242470448,0.0118,30.5348047579,114.4211906718,0.0076368964400988495
1314,DATA13,DATA13,2021-11-18 05:00:52.000000,1321246852.0,30.534804736,114.421190732,12.618,47.0,25,0.005303772242470448,0.0118,30.5348047579,114.4211906718,0.00626652195049393
1315,DATA13,DATA13,2021-11-18 05:00:53.000000,1321246853.0,30.53480471,114.421190727,12.6152,30.6,25,0.005303772242470448,0.0118,30.5348047579,114.4211906718,0.007500668184678886
1316,DATA13,DATA13,2021-11-18 05:00:55.000000,1321246855.0,30.53480475,114.421190763,12.6176,23.4,25,0.005020956084253277,0.0107,30.5348047579,114.4211906718,0.00879571103069976
1317,DATA13,DATA13,2021-11-18 05:00:56.000000,1321246856.0,30.53480472,114.421190743,12.6246,31.4,25,0.005303772242470448,0.0118,30.5348047579,114.4211906718,0.008021205635592145
1318,DATA13,DATA13,2021-11-18 05:00:57.000000,1321246857.0,30.534804735,114.421190732,12.6183,28.1,25,0.005303772242470448,0.0118,30.5348047579,114.4211906718,0.0063103012287511395
1319,DATA13,DATA13,2021-11-18 05:00:58.000000,1321246858.0,30.534804727,114.421190729,12.6217,35.4,25,0.005303772242470448,0.0118,30.5348047579,114.4211906718,0.006470406854314741
1320,DATA13,DATA13,2021-11-18 05:00:59.000000,1321246859.0,30.534804728,114.421190732,12.6252,20.7,25,0.005303772242470448,0.0118,30.5348047579,114.4211906718,0.006660510890967068
1321,DATA13,DATA13,2021-11-18 05:01:00.000000,1321246860.0,30.534804731,114.421190733,12.6205,37.8,25,0.005303772242470448,0.0118,30.5348047579,114.4211906718,0.006586815761409721
1322,DATA13,DATA13,2021-11-18 05:01:01.000000,1321246861.0,30.534804726,114.421190732,12.6216,33.2,23,0.005303772242470448,0.0118,30.5348047579,114.4211906718,0.006773587486562643
1323,DATA13,DATA13,2021-11-18 05:01:02.000000,1321246862.0,30.534804717,114.421190727,12.6248,33.7,24,0.005303772242470448,0.0118,30.5348047579,114.4211906718,0.006972830053861969
1324,DATA13,DATA13,2021-11-18 05:01:03.000000,1321246863.0,30.534804729,114.421190742,12.6214,40.0,25,0.005303772242470448,0.0118,30.5348047579,114.4211906718,0.00745979941589045
1325,DATA13,DATA13,2021-11-18 05:01:04.000000,1321246864.0,30.534804727,114.421190733,12.6198,28.3,25,0.005303772242470448,0.0118,30.5348047579,114.4211906718,0.00679909317081796
1326,DATA13,DATA13,2021-11-18 05:01:05.000000,1321246865.0,30.534804736,114.421190743,12.616,29.0,25,0.005303772242470448,0.0118,30.5348047579,114.4211906718,0.007251231534067031
1327,DATA13,DATA13,2021-11-18 05:01:06.000000,1321246866.0,30.534804723,114.421190725,12.6142,28.4,25,0.005303772242470448,0.0118,30.5348047579,114.4211906718,0.006405791788446377
1328,DATA13,DATA13,2021-11-18 05:01:07.000000,1321246867.0,30.534804718,114.421190737,12.6192,21.8,25,0.005020956084253277,0.0107,30.5348047579,114.4211906718,0.007662588592847956
1329,DATA13,DATA13,2021-11-18 05:01:08.000000,1321246868.0,30.534804719,114.421190707,12.6226,17.5,25,0.005020956084253277,0.0107,30.5348047579,114.4211906718,0.0054779996074967195
1330,DATA13,DATA13,2021-11-18 05:01:09.000000,1321246869.0,30.534804716,114.421190729,12.6178,17.6,25,0.005020956084253277,0.0107,30.5348047579,114.4211906718,0.007190845479602489
1331,DATA13,DATA13,2021-11-18 05:01:10.000000,1321246870.0,30.534804719,114.42119074,12.6202,24.9,25,0.005020956084253277,0.0107,30.5348047579,114.4211906718,0.00783787837851941
1332,DATA13,DATA13,2021-11-18 05:01:11.000000,1321246871.0,30.534804715,114.421190733,12.6234,20.5,25,0.005020956084253277,0.0107,30.5348047579,114.4211906717,0.007564707754152215
1333,DATA13,DATA13,2021-11-18 05:01:12.000000,1321246872.0,30.534804725,114.421190738,12.6206,23.4,24,0.005303772242470448,0.0114,30.5348047579,114.4211906717,0.007333774766912339
1334,DATA13,DATA13,2021-11-18 05:01:13.000000,1321246873.0,30.53480471,114.421190731,12.6228,22.5,25,0.005303772242470448,0.0114,30.5348047579,114.4211906718,0.007776514448528904
1335,DATA13,DATA13,2021-11-18 05:01:14.000000,1321246874.0,30.534804716,114.421190739,12.6213,23.5,25,0.0050931326312987375,0.0107,30.5348047579,114.4211906718,0.007947614583156886
1336,DATA13,DATA13,2021-11-18 05:01:15.000000,1321246875.0,30.534804724,114.421190739,12.6238,21.7,25,0.0050931326312987375,0.0107,30.5348047579,114.4211906717,0.007472321977901348
1337,DATA13,DATA13,2021-11-18 05:01:16.000000,1321246876.0,30.53480472,114.421190735,12.6207,22.6,25,0.0050931326312987375,0.0107,30.5348047579,114.4211906717,0.0073860989185929845
1338,DATA13,DATA13,2021-11-18 05:01:17.000000,1321246877.0,30.534804715,114.42119074,12.6193,26.4,25,0.0050931326312987375,0.0107,30.5348047579,114.4211906717,0.008098114063843956
1339,DATA13,DATA13,2021-11-18 05:01:18.000000,1321246878.0,30.534804698,114.421190722,12.6189,20.7,25,0.0050931326312987375,0.0107,30.534804758,114.4211906717,0.008218602858841644
1340,DATA13,DATA13,2021-11-18 05:01:19.000000,1321246879.0,30.534804732,114.421190729,12.6179,24.4,25,0.0050931326312987375,0.0107,30.534804758,114.4211906717,0.006208458486593576
1341,DATA13,DATA13,2021-11-18 05:01:20.000000,1321246880.0,30.534804718,114.421190743,12.622,22.9,24,0.005303772242470448,0.0114,30.534804758,114.4211906717,0.00815362197811416
1342,DATA13,DATA13,2021-11-18 05:01:21.000000,1321246881.0,30.534804729,114.421190748,12.6201,25.6,23,0.0054451813560247924,0.0119,30.534804758,114.4211906717,0.007996853319451025
1343,DATA13,DATA13,2021-11-18 05:01:22.000000,1321246882.0,30.534804708,114.421190727,12.6188,18.6,24,0.0054451813560247924,0.0119,30.534804758,114.4211906717,0.007673888536368689
1344,DATA13,DATA13,2021-11-18 05:01:23.000000,1321246883.0,30.534804714,114.42119073,12.6228,23.0,24,0.005303772242470448,0.0114,30.534804758,114.4211906717,0.0074226244770586565
1345,DATA13,DATA13,2021-11-18 05:01:24.000000,1321246884.0,30.534804713,114.421190735,12.6273,22.0,24,0.005303772242470448,0.0114,30.534804758,114.4211906717,0.007860560528237305
1346,DATA13,DATA13,2021-11-18 05:01:25.000000,1321246885.0,30.534804707,114.421190732,12.6186,18.8,25,0.005303772242470448,0.0114,30.534804758,114.4211906717,0.008090292912902395
1347,DATA13,DATA13,2021-11-18 05:01:26.000000,1321246886.0,30.534804704,114.421190726,12.6229,17.2,25,0.005303772242470448,0.0114,30.534804758,114.4211906717,0.007936750994596595
1348,DATA13,DATA13,2021-11-18 05:01:27.000000,1321246887.0,30.534804719,114.421190741,12.6179,29.2,25,0.005303772242470448,0.0114,30.534804758,114.4211906717,0.007932275732179339
1349,DATA13,DATA13,2021-11-18 05:01:28.000000,1321246888.0,30.534804696,114.421190742,12.6253,28.2,25,0.005303772242470448,0.0114,30.534804758,114.4211906717,0.009631044331841341
1350,DATA13,DATA13,2021-11-18 05:01:29.000000,1321246889.0,30.53480472,114.421190731,12.6192,38.1,25,0.005303772242470448,0.0114,30.534804758,114.4211906717,0.0070803606272776725
1351,DATA13,DATA13,2021-11-18 05:01:30.000000,1321246890.0,30.5348047,114.421190747,12.6252,28.3,25,0.005303772242470448,0.0114,30.534804758,114.4211906717,0.009672745563655622
1352,DATA13,DATA13,2021-11-18 05:01:31.000000,1321246891.0,30.534804698,114.421190728,12.6286,19.0,25,0.0050931326312987375,0.0107,30.534804758,114.4211906717,0.008569461881286752
1353,DATA13,DATA13,2021-11-18 05:01:32.000000,1321246892.0,30.534804708,114.42119074,12.6245,30.6,25,0.0050931326312987375,0.0107,30.534804758,114.4211906717,0.008584056303609498
1354,DATA13,DATA13,2021-11-18 05:01:33.000000,1321246893.0,30.534804715,114.421190729,12.6221,24.1,25,0.0050931326312987375,0.0107,30.534804758,114.4211906717,0.007277465430816
1355,DATA13,DATA13,2021-11-18 05:01:34.000000,1321246894.0,30.53480471,114.421190732,12.6241,18.7,25,0.0050931326312987375,0.0107,30.534804758,114.4211906717,0.007861463817500025
1356,DATA13,DATA13,2021-11-18 05:01:35.000000,1321246895.0,30.534804705,114.42119074,12.6241,31.0,25,0.005303772242470448,0.0114,30.534804758,114.4211906717,0.008802484455146602
1357,DATA13,DATA13,2021-11-18 05:01:36.000000,1321246896.0,30.534804705,114.421190731,12.6261,23.1,25,0.005303772242470448,0.0114,30.534804758,114.4211906717,0.008179718501540045
1358,DATA13,DATA13,2021-11-18 05:01:37.000000,1321246897.0,30.534804713,114.421190742,12.6207,28.8,25,0.0050931326312987375,0.0107,30.534804758,114.4211906717,0.008390525114323871
1359,DATA13,DATA13,2021-11-18 05:01:38.000000,1321246898.0,30.534804676,114.421190715,12.633,17.5,25,0.0050931326312987375,0.0107,30.534804758,114.4211906717,0.009995322271499695
1360,DATA13,DATA13,2021-11-18 05:01:39.000000,1321246899.0,30.534804716,114.421190724,12.6208,22.5,25,0.0050931326312987375,0.0107,30.5348047581,114.4211906717,0.006853722121383462
1361,DATA13,DATA13,2021-11-18 05:01:40.000000,1321246900.0,30.534804713,114.421190733,12.6236,24.8,25,0.0050931326312987375,0.0107,30.534804758,114.4211906717,0.0077132006851332495
1362,DATA13,DATA13,2021-11-18 05:01:41.000000,1321246901.0,30.534804712,114.421190731,12.6322,32.8,25,0.0050931326312987375,0.0107,30.534804758,114.4211906717,0.007641374466693089
1363,DATA13,DATA13,2021-11-18 05:01:42.000000,1321246902.0,30.534804701,114.421190731,12.6244,32.2,24,0.005303772242470448,0.0114,30.534804758,114.4211906717,0.008503854171958682
1364,DATA13,DATA13,2021-11-18 05:01:43.000000,1321246903.0,30.534804706,114.421190738,12.6282,26.9,25,0.005303772242470448,0.0114,30.534804758,114.4211906717,0.008585692804358707
1365,DATA13,DATA13,2021-11-18 05:01:44.000000,1321246904.0,30.534804725,114.42119074,12.6275,15.5,25,0.0050931326312987375,0.0107,30.5348047581,114.4211906717,0.007511698741195836
1366,DATA13,DATA13,2021-11-18 05:01:45.000000,1321246905.0,30.53480471,114.421190731,12.6238,31.8,24,0.005303772242470448,0.0114,30.534804758,114.4211906717,0.00779109589814372
1367,DATA13,DATA13,2021-11-18 05:01:46.000000,1321246906.0,30.534804722,114.421190759,12.6236,34.8,23,0.0054451813560247924,0.0119,30.534804758,114.4211906717,0.009279803078329959
1368,DATA13,DATA13,2021-11-18 05:01:47.000000,1321246907.0,30.534804708,114.421190744,12.6217,77.3,25,0.0054451813560247924,0.0119,30.534804758,114.4211906717,0.008880613920877673
1369,DATA13,DATA13,2021-11-18 05:01:48.000000,1321246908.0,30.534804704,114.421190745,12.6261,28.1,25,0.005303772242470448,0.0114,30.534804758,114.4211906717,0.009236826137149618
1370,DATA13,DATA13,2021-11-18 05:01:49.000000,1321246909.0,30.534804715,114.421190734,12.6217,38.4,25,0.0050931326312987375,0.0107,30.534804758,114.4211906717,0.007646479059781416
1371,DATA13,DATA13,2021-11-18 05:01:50.000000,1321246910.0,30.534804709,114.421190743,12.6282,31.1,25,0.0050931326312987375,0.0107,30.534804758,114.4211906717,0.00873648144346084
1372,DATA13,DATA13,2021-11-18 05:01:51.000000,1321246911.0,30.53480473,114.421190744,12.6276,15.9,25,0.0050931326312987375,0.0107,30.534804758,114.4211906717,0.007600993831529724
1373,DATA13,DATA13,2021-11-18 05:01:52.000000,1321246912.0,30.534804716,114.421190742,12.6291,40.3,25,0.005303772242470448,0.0114,30.534804758,114.4211906717,0.00819714195010744
1374,DATA13,DATA13,2021-11-18 05:01:53.000000,1321246913.0,30.534804713,114.421190748,12.6255,35.6,25,0.005303772242470448,0.0114,30.534804758,114.4211906717,0.008860101612021661
1375,DATA13,DATA13,2021-11-18 05:01:54.000000,1321246914.0,30.534804715,114.421190736,12.6246,43.2,25,0.005303772242470448,0.0114,30.534804758,114.4211906717,0.0077974628950183535
1376,DATA13,DATA13,2021-11-18 05:01:55.000000,1321246915.0,30.534804712,114.421190742,12.6325,20.9,24,0.005303772242470448,0.0114,30.534804758,114.4211906717,0.008456910722396151
1377,DATA13,DATA13,2021-11-18 05:01:56.000000,1321246916.0,30.534804709,114.421190732,12.6245,50.0,25,0.005303772242470448,0.0114,30.534804758,114.4211906717,0.00793692487957297
1378,DATA13,DATA13,2021-11-18 05:01:57.000000,1321246917.0,30.534804707,114.421190725,12.6351,38.2,25,0.005303772242470448,0.0114,30.5348047581,114.4211906717,0.007632504284841781
1379,DATA13,DATA13,2021-11-18 05:01:58.000000,1321246918.0,30.534804699,114.421190727,12.6366,24.9,25,0.005303772242470448,0.0114,30.5348047581,114.4211906717,0.008431520034895706
1380,DATA13,DATA13,2021-11-18 05:01:59.000000,1321246919.0,30.534804713,114.421190738,12.6304,34.8,25,0.0054451813560247924,0.0119,30.5348047581,114.4211906717,0.008091954592039681
1381,DATA13,DATA13,2021-11-18 05:02:00.000000,1321246920.0,30.534804707,114.421190744,12.6257,39.5,25,0.005303772242470448,0.0114,30.5348047581,114.4211906717,0.008957238140763947
1382,DATA13,DATA13,2021-11-18 05:02:01.000000,1321246921.0,30.534804733,114.421190732,12.6275,24.1,25,0.0050931326312987375,0.0107,30.5348047581,114.4211906717,0.006420961200804549
1383,DATA13,DATA13,2021-11-18 05:02:02.000000,1321246922.0,30.534804717,114.421190738,12.6291,26.3,25,0.0050931326312987375,0.0107,30.5348047581,114.4211906717,0.007825728326800719
1384,DATA13,DATA13,2021-11-18 05:02:03.000000,1321246923.0,30.534804717,114.421190749,12.6294,33.8,25,0.0050931326312987375,0.0107,30.5348047581,114.4211906717,0.008705686972062776
1385,DATA13,DATA13,2021-11-18 05:02:04.000000,1321246924.0,30.534804738,114.421190762,12.6215,20.4,25,0.0050931326312987375,0.0107,30.5348047581,114.4211906717,0.008947546616082405
1386,DATA13,DATA13,2021-11-18 05:02:05.000000,1321246925.0,30.534804741,114.421190759,12.6184,12.6,25,0.0050931326312987375,0.0107,30.5348047581,114.4211906717,0.008589546620455246
1387,DATA13,DATA13,2021-11-18 05:02:06.000000,1321246926.0,30.534804725,114.421190742,12.6248,33.4,25,0.0050931326312987375,0.0107,30.5348047581,114.4211906717,0.007679740253357568
1388,DATA13,DATA13,2021-11-18 05:02:07.000000,1321246927.0,30.534804701,114.421190752,12.6309,31.7,24,0.005303772242470448,0.0114,30.5348047581,114.4211906717,0.009972646228833279
1389,DATA13,DATA13,2021-11-18 05:02:08.000000,1321246928.0,30.534804722,114.421190739,12.6343,24.7,25,0.0050931326312987375,0.0107,30.5348047581,114.4211906717,0.007597915032649962
1390,DATA13,DATA13,2021-11-18 05:02:09.000000,1321246929.0,30.534804745,114.421190762,12.6197,8.2,25,0.0050931326312987375,0.0107,30.5348047581,114.4211906717,0.008786484819399134
1391,DATA13,DATA13,2021-11-18 05:02:10.000000,1321246930.0,30.534804714,114.421190729,12.6292,27.6,25,0.0050931326312987375,0.0107,30.5348047581,114.4211906717,0.007357923762787043
1392,DATA13,DATA13,2021-11-18 05:02:11.000000,1321246931.0,30.534804723,114.421190723,12.6238,22.6,24,0.005303772242470448,0.0114,30.5348047581,114.4211906717,0.006275167907353109
1393,DATA13,DATA13,2021-11-18 05:02:12.000000,1321246932.0,30.534804702,114.421190724,12.6341,20.7,25,0.005303772242470448,0.0114,30.5348047581,114.4211906717,0.007991886007253673
1394,DATA13,DATA13,2021-11-18 05:02:13.000000,1321246933.0,30.534804711,114.421190744,12.6319,23.7,25,0.005303772242470448,0.0114,30.5348047581,114.4211906717,0.008683575576182012
1395,DATA13,DATA13,2021-11-18 05:02:14.000000,1321246934.0,30.534804718,114.421190732,12.6295,31.5,25,0.005303772242470448,0.0114,30.5348047581,114.4211906717,0.007297169331770773
1396,DATA13,DATA13,2021-11-18 05:02:15.000000,1321246935.0,30.534804718,114.421190724,12.6279,23.4,24,0.005303772242470448,0.0114,30.5348047581,114.4211906717,0.006704697411056176
1397,DATA13,DATA13,2021-11-18 05:02:16.000000,1321246936.0,30.534804695,114.421190737,12.6364,20.5,25,0.005303772242470448,0.0114,30.5348047581,114.4211906717,0.009391721175024108
1398,DATA13,DATA13,2021-11-18 05:02:17.000000,1321246937.0,30.534804699,114.421190749,12.632,22.8,25,0.005303772242470448,0.0114,30.5348047581,114.4211906717,0.009897263052893365
1399,DATA13,DATA13,2021-11-18 05:02:18.000000,1321246938.0,30.534804721,114.421190747,12.6295,27.9,25,0.005303772242470448,0.0114,30.5348047581,114.4211906717,0.008314679125611688
1400,DATA13,DATA13,2021-11-18 05:02:19.000000,1321246939.0,30.534804722,114.421190736,12.6326,21.4,25,0.0050931326312987375,0.0107,30.5348047581,114.4211906717,0.007354759736055966
1401,DATA13,DATA13,2021-11-18 05:02:20.000000,1321246940.0,30.534804719,114.421190735,12.6283,30.6,25,0.0050931326312987375,0.0107,30.5348047581,114.4211906717,0.007462578491721288
1402,DATA13,DATA13,2021-11-18 05:02:21.000000,1321246941.0,30.534804728,114.421190756,12.6285,45.3,25,0.005303772242470448,0.0114,30.5348047581,114.4211906717,0.008751041251155807
1403,DATA13,DATA13,2021-11-18 05:02:22.000000,1321246942.0,30.53480472,114.421190739,12.6324,43.9,25,0.005303772242470448,0.0114,30.5348047581,114.4211906717,0.0077170068990457
1404,DATA13,DATA13,2021-11-18 05:02:23.000000,1321246943.0,30.534804724,114.42119074,12.6317,22.1,25,0.005303772242470448,0.0114,30.5348047581,114.4211906717,0.007566474236481624
1405,DATA13,DATA13,2021-11-18 05:02:24.000000,1321246944.0,30.53480471,114.421190741,12.6303,26.0,25,0.005303772242470448,0.0114,30.5348047581,114.4211906717,0.00852422638621118
1406,DATA13,DATA13,2021-11-18 05:02:25.000000,1321246945.0,30.534804713,114.421190754,12.636,32.7,25,0.005303772242470448,0.0114,30.5348047581,114.4211906717,0.009347494840085043
1407,DATA13,DATA13,2021-11-18 05:02:26.000000,1321246946.0,30.534804722,114.421190754,12.6364,43.1,25,0.005303772242470448,0.0114,30.5348047581,114.4211906717,0.008854032650347137
1408,DATA13,DATA13,2021-11-18 05:02:27.000000,1321246947.0,30.534804738,114.421190747,12.6261,24.6,25,0.005303772242470448,0.0114,30.5348047581,114.4211906717,0.007561929868324082
1409,DATA13,DATA13,2021-11-18 05:02:28.000000,1321246948.0,30.534804731,114.421190749,12.6303,27.7,25,0.005303772242470448,0.0114,30.5348047581,114.4211906717,0.008003385790434015
1410,DATA13,DATA13,2021-11-18 05:02:29.000000,1321246949.0,30.534804726,114.421190752,12.6315,25.0,25,0.005303772242470448,0.0114,30.5348047581,114.4211906717,0.00848800585411678
1411,DATA13,DATA13,2021-11-18 05:02:30.000000,1321246950.0,30.534804731,114.421190738,12.633,29.6,25,0.005303772242470448,0.0114,30.5348047581,114.4211906717,0.007036137362598971
1412,DATA13,DATA13,2021-11-18 05:02:31.000000,1321246951.0,30.534804733,114.421190757,12.6229,22.0,25,0.0050931326312987375,0.0107,30.5348047581,114.4211906717,0.00864583641255793
1413,DATA13,DATA13,2021-11-18 05:02:32.000000,1321246952.0,30.534804737,114.421190752,12.6311,29.7,25,0.0050931326312987375,0.0107,30.5348047581,114.4211906717,0.008053194953991793
1414,DATA13,DATA13,2021-11-18 05:02:33.000000,1321246953.0,30.534804727,114.421190746,12.6323,31.8,25,0.0050931326312987375,0.0107,30.5348047581,114.4211906717,0.007920036561138695
1415,DATA13,DATA13,2021-11-18 05:02:34.000000,1321246954.0,30.534804745,114.421190764,12.6302,22.7,25,0.0050931326312987375,0.0107,30.5348047581,114.4211906717,0.008975831596301682
1416,DATA13,DATA13,2021-11-18 05:02:35.000000,1321246955.0,30.534804739,114.42119075,12.6305,28.3,25,0.0050931326312987375,0.0107,30.5348047581,114.4211906717,0.007806704331782604
1417,DATA13,DATA13,2021-11-18 05:02:36.000000,1321246956.0,30.534804722,114.421190756,12.6345,34.6,24,0.005303772242470448,0.0114,30.5348047581,114.4211906717,0.009025653915090024
1418,DATA13,DATA13,2021-11-18 05:02:37.000000,1321246957.0,30.534804721,114.42119074,12.6375,30.8,24,0.005303772242470448,0.0114,30.5348047581,114.4211906717,0.007738006367693829
1419,DATA13,DATA13,2021-11-18 05:02:38.000000,1321246958.0,30.534804731,114.421190737,12.6297,39.7,25,0.0050931326312987375,0.0107,30.5348047581,114.4211906717,0.006949480808119468
1420,DATA13,DATA13,2021-11-18 05:02:39.000000,1321246959.0,30.534804734,114.421190736,12.6345,25.2,25,0.0050931326312987375,0.0107,30.5348047581,114.4211906717,0.0067241329814363236
1421,DATA13,DATA13,2021-11-18 05:02:40.000000,1321246960.0,30.534804744,114.421190771,12.6282,19.2,25,0.0050931326312987375,0.0107,30.5348047581,114.4211906717,0.009656671468025433
1422,DATA13,DATA13,2021-11-18 05:02:41.000000,1321246961.0,30.534804766,114.421190761,12.6202,8.4,25,0.0050931326312987375,0.0107,30.5348047581,114.4211906717,0.008614304132907391
1423,DATA13,DATA13,2021-11-18 05:02:42.000000,1321246962.0,30.53480474,114.421190765,12.6257,23.1,24,0.005166236541235796,0.0111,30.5348047581,114.4211906717,0.009175624769429156
1424,DATA13,DATA13,2021-11-18 05:02:43.000000,1321246963.0,30.534804723,114.421190772,12.6306,32.9,25,0.0054451813560247924,0.0119,30.5348047581,114.4211906717,0.01038209280667403
1425,DATA13,DATA13,2021-11-18 05:02:44.000000,1321246964.0,30.534804726,114.42119075,12.6335,33.0,24,0.005303772242470448,0.0114,30.5348047581,114.4211906717,0.008314148974295601
1426,DATA13,DATA13,2021-11-18 05:02:45.000000,1321246965.0,30.534804714,114.421190739,12.6373,19.5,25,0.005303772242470448,0.0114,30.5348047582,114.4211906716,0.008114576090525403
1427,DATA13,DATA13,2021-11-18 05:02:46.000000,1321246966.0,30.53480473,114.421190746,12.6319,22.0,24,0.005303772242470448,0.0114,30.5348047581,114.4211906716,0.0077898106519470696
1428,DATA13,DATA13,2021-11-18 05:02:47.000000,1321246967.0,30.534804729,114.421190745,12.637,24.2,24,0.005303772242470448,0.0114,30.534804758,114.4211906717,0.007734115350635879
1429,DATA13,DATA13,2021-11-18 05:02:48.000000,1321246968.0,30.534804728,114.421190746,12.633,44.2,25,0.005303772242470448,0.0114,30.534804758,114.4211906717,0.007867715343678687
1430,DATA13,DATA13,2021-11-18 05:02:49.000000,1321246969.0,30.534804704,114.421190747,12.6392,28.0,25,0.005303772242470448,0.0114,30.534804758,114.4211906717,0.009383812915404846
1431,DATA13,DATA13,2021-11-18 05:02:50.000000,1321246970.0,30.534804747,114.421190762,12.6232,19.6,25,0.0050931326312987375,0.0107,30.5348047581,114.4211906717,0.00875256888542887
1432,DATA13,DATA13,2021-11-18 05:02:51.000000,1321246971.0,30.534804746,114.421190747,12.6336,38.0,25,0.0050931326312987375,0.0107,30.5348047581,114.4211906718,0.007340175590713922
1433,DATA13,DATA13,2021-11-18 05:02:52.000000,1321246972.0,30.534804753,114.421190748,12.6298,23.1,25,0.0050931326312987375,0.0107,30.5348047581,114.4211906719,0.007324784626211015
1434,DATA13,DATA13,2021-11-18 05:02:53.000000,1321246973.0,30.534804768,114.421190743,12.6236,18.9,25,0.0050931326312987375,0.0107,30.5348047582,114.4211906723,0.006871155212512262
1435,DATA13,DATA13,2021-11-18 05:02:54.000000,1321246974.0,30.53480475,114.421190748,12.6267,14.4,25,0.0050931326312987375,0.0107,30.5348047567,114.4211906748,0.007063794187667079
1436,DATA13,DATA13,2021-11-18 05:02:55.000000,1321246975.0,30.534804686,114.421190762,12.6197,27.6,24,0.005303772242470448,0.0114,30.5348047135,114.4211907024,0.0064813066940251594
1437,DATA13,DATA13,2021-11-18 05:02:56.000000,1321246976.0,30.534804638,114.421190689,12.6197,21.4,25,0.0050931326312987375,0.0107,30.5348046752,114.4211906229,0.007566047003860893
1438,DATA13,DATA13,2021-11-18 05:02:57.000000,1321246977.0,30.534804658,114.421190711,12.6088,23.6,25,0.0050931326312987375,0.0107,30.5348046696,114.4211906393,0.006999830209971522
1439,DATA13,DATA13,2021-11-18 05:02:58.000000,1321246978.0,30.534804617,114.42119075,12.6091,21.8,25,0.0050931326312987375,0.0107,30.5348046532,114.4211906894,0.0070657958497337674
1440,DATA13,DATA13,2021-11-18 05:02:59.000000,1321246979.0,30.534804621,114.421190742,12.6052,30.9,24,0.005303772242470448,0.0114,30.5348046562,114.4211906961,0.005884757764759917
1441,DATA13,DATA13,2021-11-18 05:03:00.000000,1321246980.0,30.534804632,114.42119071,12.6137,26.7,25,0.005303772242470448,0.0114,30.5348046655,114.4211906729,0.005144759259831318
1442,DATA13,DATA13,2021-11-18 05:03:01.000000,1321246981.0,30.534804638,114.421190732,12.6115,24.8,25,0.005303772242470448,0.0114,30.5348046665,114.4211906799,0.005914435088285522
1443,DATA13,DATA13,2021-11-18 05:03:02.000000,1321246982.0,30.534804634,114.421190712,12.6101,17.3,25,0.0050931326312987375,0.0107,30.5348046687,114.4211906692,0.005627481240615707
1444,DATA13,DATA13,2021-11-18 05:03:03.000000,1321246983.0,30.534804644,114.421190729,12.6087,38.6,24,0.005303772242470448,0.0114,30.5348046686,114.4211906693,0.006345097949745553
1445,DATA13,DATA13,2021-11-18 05:03:04.000000,1321246984.0,30.534804646,114.421190714,12.6119,36.4,24,0.005303772242470448,0.0114,30.5348046695,114.4211906693,0.005018791609851554
1446,DATA13,DATA13,2021-11-18 05:03:05.000000,1321246985.0,30.534804628,114.421190712,12.6125,21.8,24,0.005303772242470448,0.0114,30.534804668,114.4211906707,0.005947492848922817
1447,DATA13,DATA13,2021-11-18 05:03:06.000000,1321246986.0,30.534804639,114.421190704,12.6143,20.9,25,0.005303772242470448,0.0114,30.5348046647,114.421190665,0.004703714162136459
1448,DATA13,DATA13,2021-11-18 05:03:07.000000,1321246987.0,30.534804628,114.421190732,12.6091,17.6,25,0.005303772242470448,0.0114,30.5348046592,114.4211906659,0.007225033078457513
1449,DATA13,DATA13,2021-11-18 05:03:08.000000,1321246988.0,30.534804633,114.421190699,12.6145,20.4,25,0.005303772242470448,0.0114,30.5348046581,114.4211906614,0.004556612327776082
1450,DATA13,DATA13,2021-11-18 05:03:09.000000,1321246989.0,30.534804642,114.421190706,12.6094,17.0,24,0.005303772242470448,0.0114,30.5348046558,114.4211906613,0.00455428414954155
1451,DATA13,DATA13,2021-11-18 05:03:10.000000,1321246990.0,30.534804648,114.421190715,12.6073,22.3,24,0.005303772242470448,0.0114,30.5348046586,114.4211906611,0.005304317860871364
1452,DATA13,DATA13,2021-11-18 05:03:11.000000,1321246991.0,30.534804644,114.421190727,12.611,18.3,25,0.005303772242470448,0.0114,30.5348046595,114.4211906627,0.006405339231643622
1453,DATA13,DATA13,2021-11-18 05:03:12.000000,1321246992.0,30.53480464,114.421190714,12.6102,20.3,25,0.005303772242470448,0.0114,30.5348046596,114.4211906668,0.00502376576916558
1454,DATA13,DATA13,2021-11-18 05:03:13.000000,1321246993.0,30.534804639,114.421190701,12.6123,20.4,25,0.005303772242470448,0.0114,30.5348046696,114.4211906653,0.004821336204191212
1455,DATA13,DATA13,2021-11-18 05:03:14.000000,1321246994.0,30.534804658,114.421190711,12.6079,18.2,25,0.005303772242470448,0.0114,30.5348046683,114.4211906683,0.004253827031031364
1456,DATA13,DATA13,2021-11-18 05:03:15.000000,1321246995.0,30.534804652,114.421190745,12.6049,18.9,25,0.005303772242470448,0.0114,30.5348046685,114.4211906685,0.007565775898083634
1457,DATA13,DATA13,2021-11-18 05:03:16.000000,1321246996.0,30.534804642,114.42119074,12.6156,21.6,25,0.005303772242470448,0.0114,30.5348046681,114.4211906739,0.006972051768184063
1458,DATA13,DATA13,2021-11-18 05:03:17.000000,1321246997.0,30.53480464,114.421190708,12.6148,11.6,25,0.005303772242470448,0.0114,30.5348046742,114.4211906712,0.005181390969227969
1459,DATA13,DATA13,2021-11-18 05:03:18.000000,1321246998.0,30.534804648,114.421190735,12.6046,13.9,25,0.005303772242470448,0.0114,30.5348046742,114.4211906716,0.006741940438387333
1460,DATA13,DATA13,2021-11-18 05:03:19.000000,1321246999.0,30.534804662,114.421190741,12.6078,11.5,25,0.0050931326312987375,0.0107,30.5348046731,114.4211906826,0.005737861215665376
1461,DATA13,DATA13,2021-11-18 05:03:20.000000,1321247000.0,30.534804665,114.421190737,12.6073,11.4,25,0.0050931326312987375,0.0107,30.5348046815,114.4211906835,0.005450253885786514
1462,DATA13,DATA13,2021-11-18 05:03:21.000000,1321247001.0,30.534804661,114.421190734,12.6111,13.4,25,0.0050931326312987375,0.0107,30.534804684,114.4211906875,0.005139486700064862
1463,DATA13,DATA13,2021-11-18 05:03:22.000000,1321247002.0,30.53480467,114.421190723,12.6032,15.9,25,0.0050931326312987375,0.0107,30.5348046841,114.42119069,0.003531617604777325
1464,DATA13,DATA13,2021-11-18 05:03:23.000000,1321247003.0,30.534804663,114.421190746,12.6053,16.2,26,0.0050931326312987375,0.0107,30.5348046841,114.4211906903,0.005834675608878871
1465,DATA13,DATA13,2021-11-18 05:03:24.000000,1321247004.0,30.534804664,114.421190733,12.6076,15.8,25,0.0050931326312987375,0.0107,30.5348046841,114.4211906903,0.004664395348560416
1466,DATA13,DATA13,2021-11-18 05:03:25.000000,1321247005.0,30.534804642,114.421190731,12.6173,13.7,26,0.0050931326312987375,0.0107,30.5348046843,114.4211906902,0.006109094598585906
1467,DATA13,DATA13,2021-11-18 05:03:26.000000,1321247006.0,30.534804657,114.421190735,12.6012,10.7,25,0.005374011537017762,0.0115,30.5348046842,114.4211906903,0.005243454745063473
1468,DATA13,DATA13,2021-11-18 05:03:27.000000,1321247007.0,30.534804659,114.421190733,12.6054,10.8,26,0.00523450093132096,0.0109,30.5348046842,114.4211906904,0.004951510591655961
1469,DATA13,DATA13,2021-11-18 05:03:28.000000,1321247008.0,30.53480466,114.421190722,12.6139,13.1,26,0.005303772242470448,0.0114,30.5348046842,114.4211906904,0.0040489151884712474
1470,DATA13,DATA13,2021-11-18 05:03:29.000000,1321247009.0,30.534804649,114.421190729,12.6136,13.6,26,0.005303772242470448,0.0114,30.5348046842,114.4211906905,0.005373884048708253
1471,DATA13,DATA13,2021-11-18 05:03:30.000000,1321247010.0,30.534804656,114.421190721,12.6137,16.1,26,0.005303772242470448,0.0114,30.5348046843,114.4211906905,0.004290701305819686
1472,DATA13,DATA13,2021-11-18 05:03:31.000000,1321247011.0,30.534804625,114.421190734,12.6156,12.4,26,0.0050931326312987375,0.0107,30.5348046841,114.4211906906,0.007763631605870617
1473,DATA13,DATA13,2021-11-18 05:03:32.000000,1321247012.0,30.534804668,114.421190731,12.612,13.2,24,0.005303772242470448,0.0114,30.5348046841,114.4211906906,0.0042681105320173445
1474,DATA13,DATA13,2021-11-18 05:03:33.000000,1321247013.0,30.534804649,114.421190724,12.6159,16.1,25,0.005303772242470448,0.0114,30.5348046841,114.4211906906,0.005041357942250732
1475,DATA13,DATA13,2021-11-18 05:03:34.000000,1321247014.0,30.534804638,114.421190734,12.6083,15.2,25,0.005303772242470448,0.0114,30.5348046841,114.4211906905,0.006598921110325522
1476,DATA13,DATA13,2021-11-18 05:03:35.000000,1321247015.0,30.534804639,114.421190752,12.6106,14.2,25,0.005303772242470448,0.0114,30.5348046842,114.4211906906,0.007734867589212072
1477,DATA13,DATA13,2021-11-18 05:03:36.000000,1321247016.0,30.534804669,114.421190737,12.6046,14.6,26,0.005303772242470448,0.0114,30.5348046841,114.4211906907,0.004748066709992631
1478,DATA13,DATA13,2021-11-18 05:03:37.000000,1321247017.0,30.534804634,114.421190744,12.611,16.9,25,0.00523450093132096,0.0109,30.534804684,114.4211906907,0.007542434701463846
1479,DATA13,DATA13,2021-11-18 05:03:38.000000,1321247018.0,30.534804646,114.421190715,12.6074,12.2,25,0.00523450093132096,0.0109,30.534804684,114.4211906908,0.004810460855451152
1480,DATA13,DATA13,2021-11-18 05:03:39.000000,1321247019.0,30.534804651,114.421190709,12.6077,7.3,26,0.00523450093132096,0.0109,30.5348046839,114.4211906906,0.004052290799384646
1481,DATA13,DATA13,2021-11-18 05:03:40.000000,1321247020.0,30.534804665,114.421190722,12.6066,18.2,25,0.00523450093132096,0.0109,30.534804684,114.4211906904,0.0036922643265889492
1482,DATA13,DATA13,2021-11-18 05:03:41.000000,1321247021.0,30.534804656,114.421190726,12.6033,14.1,25,0.00523450093132096,0.0109,30.5348046838,114.4211906906,0.004586844655980368
1483,DATA13,DATA13,2021-11-18 05:03:42.000000,1321247022.0,30.534804653,114.421190731,12.6061,14.3,25,0.00523450093132096,0.0109,30.5348046837,114.4211906908,0.005144515849384722
1484,DATA13,DATA13,2021-11-18 05:03:43.000000,1321247023.0,30.534804659,114.42119074,12.6036,9.7,26,0.00523450093132096,0.0109,30.5348046835,114.421190691,0.005430350439366043
1485,DATA13,DATA13,2021-11-18 05:03:44.000000,1321247024.0,30.53480466,114.421190729,12.6064,13.1,25,0.00523450093132096,0.0109,30.5348046837,114.421190691,0.004494611446860292
1486,DATA13,DATA13,2021-11-18 05:03:45.000000,1321247025.0,30.53480465,114.421190743,12.6172,11.3,25,0.00523450093132096,0.0109,30.5348046836,114.4211906913,0.006204081105499549
1487,DATA13,DATA13,2021-11-18 05:03:46.000000,1321247026.0,30.534804663,114.421190722,12.6112,18.2,26,0.00523450093132096,0.0109,30.5348046842,114.4211906903,0.003844224642024502
1488,DATA13,DATA13,2021-11-18 05:03:47.000000,1321247027.0,30.534804646,114.421190719,12.6076,12.4,26,0.00523450093132096,0.0109,30.5348046785,114.4211906861,0.004790600002346474
1489,DATA13,DATA13,2021-11-18 05:03:48.000000,1321247028.0,30.534804662,114.42119071,12.6066,11.6,26,0.00523450093132096,0.0109,30.5348046824,114.4211906682,0.004604948311199085
1490,DATA13,DATA13,2021-11-18 05:03:49.000000,1321247029.0,30.534804686,114.421190726,12.6026,15.1,26,0.004949747468305833,0.0103,30.5348046797,114.4211906656,0.005838209084974671
1491,DATA13,DATA13,2021-11-18 05:03:50.000000,1321247030.0,30.534804663,114.4211907,12.6076,13.3,25,0.00523450093132096,0.0109,30.5348046779,114.421190662,0.0040033424952245576
1492,DATA13,DATA13,2021-11-18 05:03:51.000000,1321247031.0,30.534804659,114.421190694,12.607,13.5,26,0.00523450093132096,0.0109,30.5348046803,114.4211906594,0.004074428572024858
1493,DATA13,DATA13,2021-11-18 05:03:52.000000,1321247032.0,30.534804672,114.421190693,12.6103,14.9,26,0.00523450093132096,0.0109,30.5348046806,114.4211906591,0.003390039663577982
1494,DATA13,DATA13,2021-11-18 05:03:53.000000,1321247033.0,30.534804664,114.421190694,12.6118,11.4,26,0.00523450093132096,0.0109,30.5348046808,114.4211906592,0.003823821415916529
1495,DATA13,DATA13,2021-11-18 05:03:54.000000,1321247034.0,30.534804674,114.421190684,12.6039,16.6,26,0.00523450093132096,0.0109,30.534804681,114.4211906589,0.0025306415654013925
1496,DATA13,DATA13,2021-11-18 05:03:55.000000,1321247035.0,30.534804673,114.421190689,12.6042,12.4,26,0.00523450093132096,0.0109,30.5348046809,114.4211906588,0.003027582722364774
1497,DATA13,DATA13,2021-11-18 05:03:56.000000,1321247036.0,30.53480466,114.421190681,12.6114,14.6,26,0.004949747468305833,0.0103,30.534804681,114.4211906588,0.003155746087903688
1498,DATA13,DATA13,2021-11-18 05:03:57.000000,1321247037.0,30.534804689,114.421190698,12.6048,12.4,26,0.004949747468305833,0.0103,30.5348046808,114.4211906587,0.003879435961448374
1499,DATA13,DATA13,2021-11-18 05:03:58.000000,1321247038.0,30.534804681,114.421190701,12.6013,12.0,26,0.004949747468305833,0.0103,30.5348046809,114.4211906587,0.00405933144472281
1500,DATA13,DATA13,2021-11-18 05:03:59.000000,1321247039.0,30.534804678,114.421190675,12.607,9.3,26,0.00523450093132096,0.011,30.5348046812,114.4211906591,0.0015665398765626298
1501,DATA13,DATA13,2021-11-18 05:04:00.000000,1321247040.0,30.534804673,114.421190698,12.6089,19.1,26,0.00523450093132096,0.011,30.534804681,114.4211906589,0.0038556185933315812
1502,DATA13,DATA13,2021-11-18 05:04:01.000000,1321247041.0,30.534804678,114.421190673,12.6066,12.8,25,0.00523450093132096,0.011,30.534804681,114.421190659,0.0013840618367886419
1503,DATA13,DATA13,2021-11-18 05:04:03.000000,1321247043.0,30.53480467,114.421190705,12.6047,12.8,26,0.00523450093132096,0.011,30.5348046812,114.421190659,0.004585684501790804
1504,DATA13,DATA13,2021-11-18 05:04:04.000000,1321247044.0,30.534804673,114.42119068,12.6043,9.6,26,0.00523450093132096,0.011,30.5348046812,114.4211906588,0.00222832125706332
1505,DATA13,DATA13,2021-11-18 05:04:05.000000,1321247045.0,30.534804671,114.421190689,12.6061,14.1,26,0.00523450093132096,0.011,30.5348046811,114.421190659,0.0030890249138793573
1506,DATA13,DATA13,2021-11-18 05:04:06.000000,1321247046.0,30.534804679,114.421190732,12.6024,31.5,25,0.005374011537017762,0.0115,30.534804681,114.4211906592,0.006989763301537497
1507,DATA13,DATA13,2021-11-18 05:04:07.000000,1321247047.0,30.534804664,114.4211907,12.6036,27.4,25,0.0050931326312987375,0.0107,30.5348046827,114.421190656,0.004703929193032397
1508,DATA13,DATA13,2021-11-18 05:04:08.000000,1321247048.0,30.534804683,114.421190686,12.5986,18.5,26,0.004949747468305833,0.0103,30.534804673,114.4211906557,0.0031119069274383932
1509,DATA13,DATA13,2021-11-18 05:04:09.000000,1321247049.0,30.534804689,114.421190689,12.6023,18.6,26,0.004949747468305833,0.0103,30.5348046718,114.4211906563,0.0036719682428047267
1510,DATA13,DATA13,2021-11-18 05:04:10.000000,1321247050.0,30.534804684,114.421190679,12.6009,14.8,26,0.004949747468305833,0.0103,30.5348046715,114.4211906564,0.002573729905600121
1511,DATA13,DATA13,2021-11-18 05:04:11.000000,1321247051.0,30.534804694,114.421190679,12.6018,22.1,26,0.004949747468305833,0.0103,30.5348046716,114.4211906564,0.0032970469325521354
1512,DATA13,DATA13,2021-11-18 05:04:12.000000,1321247052.0,30.534804682,114.421190691,12.6024,17.5,26,0.004949747468305833,0.0103,30.5348046715,114.4211906564,0.0035185188111729305
1513,DATA13,DATA13,2021-11-18 05:04:13.000000,1321247053.0,30.534804682,114.421190686,12.6105,13.6,26,0.004949747468305833,0.0103,30.5348046716,114.4211906563,0.003074529365014933
1514,DATA13,DATA13,2021-11-18 05:04:14.000000,1321247054.0,30.534804673,114.421190696,12.6044,16.2,26,0.004949747468305833,0.0103,30.5348046717,114.4211906562,0.0038221225318704325
1515,DATA13,DATA13,2021-11-18 05:04:15.000000,1321247055.0,30.534804683,114.421190692,12.6023,18.8,25,0.00523450093132096,0.011,30.5348046715,114.4211906563,0.0036554768910848517
1516,DATA13,DATA13,2021-11-18 05:04:16.000000,1321247056.0,30.534804681,114.421190696,12.6074,21.6,25,0.00523450093132096,0.011,30.5348046715,114.4211906563,0.0039527001071426905
1517,DATA13,DATA13,2021-11-18 05:04:17.000000,1321247057.0,30.534804665,114.421190678,12.6038,15.0,26,0.00523450093132096,0.011,30.5348046718,114.4211906561,0.00223274775162603
1518,DATA13,DATA13,2021-11-18 05:04:18.000000,1321247058.0,30.534804674,114.421190687,12.6037,13.9,26,0.00523450093132096,0.011,30.5348046717,114.4211906566,0.00292845465398061
1519,DATA13,DATA13,2021-11-18 05:04:19.000000,1321247059.0,30.534804699,114.421190707,12.5955,14.8,26,0.004949747468305833,0.0103,30.5348046727,114.4211906529,0.005954398580110328
1520,DATA13,DATA13,2021-11-18 05:04:20.000000,1321247060.0,30.534804664,114.4211907,12.6101,29.0,24,0.005303772242470448,0.0119,30.5348046691,114.4211906526,0.00458374094908437
1521,DATA13,DATA13,2021-11-18 05:04:21.000000,1321247061.0,30.534804679,114.4211907,12.6086,31.1,26,0.005303772242470448,0.0119,30.5348046692,114.4211906525,0.004686017723593752
1522,DATA13,DATA13,2021-11-18 05:04:22.000000,1321247062.0,30.534804662,114.421190698,12.6053,22.4,26,0.005303772242470448,0.0119,30.5348046693,114.4211906524,0.004450206340039996
1523,DATA13,DATA13,2021-11-18 05:04:23.000000,1321247063.0,30.53480468,114.421190692,12.603,31.2,26,0.005303772242470448,0.0119,30.5348046694,114.4211906525,0.003968587046104207
1524,DATA13,DATA13,2021-11-18 05:04:24.000000,1321247064.0,30.53480467,114.421190691,12.6049,26.2,26,0.005303772242470448,0.0119,30.5348046684,114.4211906557,0.003392203331775795
1525,DATA13,DATA13,2021-11-18 05:04:25.000000,1321247065.0,30.534804681,114.421190712,12.5993,12.8,26,0.0050931326312987375,0.0107,30.5348046627,114.4211906696,0.004546642035808966
1526,DATA13,DATA13,2021-11-18 05:04:26.000000,1321247066.0,30.534804675,114.421190709,12.5989,14.3,26,0.0050931326312987375,0.0107,30.5348046723,114.4211906794,0.002856289862329256
1527,DATA13,DATA13,2021-11-18 05:04:27.000000,1321247067.0,30.534804675,114.421190715,12.6032,26.4,26,0.0050931326312987375,0.0107,30.5348046719,114.4211906797,0.00340494792275585
1528,DATA13,DATA13,2021-11-18 05:04:28.000000,1321247068.0,30.53480466,114.42119072,12.5972,18.3,26,0.0050931326312987375,0.0107,30.5348046729,114.4211906788,0.0042044515478133464
1529,DATA13,DATA13,2021-11-18 05:04:29.000000,1321247069.0,30.53480467,114.421190693,12.5996,15.2,26,0.0050931326312987375,0.0107,30.5348046805,114.421190673,0.0022447086606728578
1530,DATA13,DATA13,2021-11-18 05:04:30.000000,1321247070.0,30.53480469,114.421190707,12.5982,15.0,26,0.0050931326312987375,0.0107,30.5348046829,114.4211906803,0.0026804373229636913
1531,DATA13,DATA13,2021-11-18 05:04:31.000000,1321247071.0,30.53480456,114.421190692,12.5954,22.2,26,0.0050931326312987375,0.0107,30.5348045633,114.421190659,0.0031879026171290382
1532,DATA13,DATA13,2021-11-18 05:04:32.000000,1321247072.0,30.534804559,114.421190678,12.5994,18.7,26,0.0050931326312987375,0.0107,30.5348045705,114.4211906609,0.0020780476134067286
1533,DATA13,DATA13,2021-11-18 05:04:33.000000,1321247073.0,30.534804581,114.421190681,12.5923,12.4,26,0.0050931326312987375,0.0107,30.5348045706,114.4211906622,0.002141085434005976
1534,DATA13,DATA13,2021-11-18 05:04:34.000000,1321247074.0,30.534804477,114.421190637,12.6038,30.9,26,0.0050931326312987375,0.0111,30.5348044868,114.4211906303,0.0012624435945824916
1535,DATA13,DATA13,2021-11-18 05:04:35.000000,1321247075.0,30.534804955,114.421190746,12.6023,27.7,25,0.005303772242470448,0.0119,30.5348049726,114.4211907537,0.0020864018141378083
1536,DATA13,DATA13,2021-11-18 05:04:36.000000,1321247076.0,30.534807176,114.421191216,12.6067,30.7,26,0.005303772242470448,0.0119,30.5348072019,114.4211912125,0.0028908966167268796
1537,DATA13,DATA13,2021-11-18 05:04:37.000000,1321247077.0,30.534810682,114.421191936,12.6232,15.8,26,0.004949747468305833,0.0103,30.5348107109,114.4211919592,0.003901512361209386
1538,DATA13,DATA13,2021-11-18 05:04:38.000000,1321247078.0,30.534815742,114.421193587,12.6357,8.3,26,0.004949747468305833,0.0103,30.5348157562,114.4211936221,0.0037180807244325442
1539,DATA13,DATA13,2021-11-18 05:04:41.000000,1321247081.0,30.53483058,114.421204877,12.6894,10.3,26,0.00523450093132096,0.011,30.5348306011,114.4212049294,0.005546007921224412
1540,DATA13,DATA13,2021-11-18 05:04:42.000000,1321247082.0,30.534830651,114.421205023,12.6831,15.5,26,0.00523450093132096,0.011,30.5348306807,114.4212050852,0.00681691444852387
1541,DATA13,DATA13,2021-11-18 05:04:43.000000,1321247083.0,30.534830636,114.421204988,12.6878,8.6,26,0.004949747468305833,0.0103,30.5348306649,114.4212050716,0.008638759061281802
1542,DATA13,DATA13,2021-11-18 05:04:44.000000,1321247084.0,30.534830633,114.421204948,12.6784,12.4,25,0.0050931326312987375,0.0107,30.5348306381,114.4212050263,0.007535293887508187
1543,DATA13,DATA13,2021-11-18 05:04:46.000000,1321247086.0,30.53483063,114.421204942,12.6819,13.1,25,0.005374011537017762,0.0115,30.5348306306,114.4212050263,0.008090114754034188
1544,DATA13,DATA13,2021-11-18 05:04:47.000000,1321247087.0,30.534830618,114.421204929,12.6837,15.2,26,0.00523450093132096,0.011,30.5348306348,114.4212050294,0.00981323906846138
1545,DATA13,DATA13,2021-11-18 05:04:48.000000,1321247088.0,30.534830586,114.421204888,12.6784,15.1,26,0.00523450093132096,0.0113,30.5348306091,114.421205,0.011048944489645475
1546,DATA13,DATA13,2021-11-18 05:04:49.000000,1321247089.0,30.534828297,114.421198493,12.6745,11.6,26,0.005020956084253277,0.0106,30.534828325,114.4211986025,0.010957050641095943
1547,DATA13,DATA13,2021-11-18 05:04:50.000000,1321247090.0,30.534826107,114.421185588,12.6673,11.0,25,0.00523450093132096,0.0113,30.5348261388,114.4211856777,0.009301989285972825
1548,DATA13,DATA13,2021-11-18 05:04:51.000000,1321247091.0,30.534827216,114.42116903,12.6648,11.7,26,0.00523450093132096,0.0113,30.5348272485,114.4211690979,0.007445812646133151
1549,DATA13,DATA13,2021-11-18 05:04:52.000000,1321247092.0,30.534831902,114.421152537,12.6725,15.6,26,0.00523450093132096,0.0113,30.534831986,114.4211526316,0.013005215998180641
1550,DATA13,DATA13,2021-11-18 05:04:53.000000,1321247093.0,30.534839389,114.421136355,12.6744,9.6,26,0.00523450093132096,0.0113,30.5348394399,114.4211363978,0.006979382487533847
1551,DATA13,DATA13,2021-11-18 05:04:54.000000,1321247094.0,30.534848285,114.421119001,12.6972,13.4,26,0.00523450093132096,0.0113,30.5348483389,114.4211190089,0.006023347009824902
1552,DATA13,DATA13,2021-11-18 05:04:55.000000,1321247095.0,30.534856609,114.421100266,12.7093,18.6,25,0.005020956084253277,0.0106,30.5348566054,114.421100298,0.0030967026108426315
1553,DATA13,DATA13,2021-11-18 05:04:56.000000,1321247096.0,30.534863976,114.421081005,12.7318,12.8,26,0.005020956084253277,0.0106,30.5348640052,114.421081073,0.007284422146461513
1554,DATA13,DATA13,2021-11-18 05:04:57.000000,1321247097.0,30.534870918,114.421061086,12.7369,15.3,25,0.00523450093132096,0.0113,30.5348709332,114.4210611569,0.007009473206897515
1555,DATA13,DATA13,2021-11-18 05:04:58.000000,1321247098.0,30.534878158,114.421038909,12.7498,14.1,25,0.00523450093132096,0.0113,30.5348781845,114.4210389511,0.004995341629152892
1556,DATA13,DATA13,2021-11-18 05:04:59.000000,1321247099.0,30.534885636,114.421015024,12.7541,11.7,24,0.00523450093132096,0.0113,30.5348856276,114.4210150559,0.0031997871203554976
1557,DATA13,DATA13,2021-11-18 05:05:01.000000,1321247101.0,30.534898451,114.420970117,12.7738,8.0,24,0.00523450093132096,0.0113,30.5348984285,114.4209701694,0.005613230373521505
1558,DATA13,DATA13,2021-11-18 05:05:02.000000,1321247102.0,30.534904146,114.420950112,12.7807,10.9,24,0.00523450093132096,0.0113,30.5349041237,114.4209501758,0.006602843805029452
1559,DATA13,DATA13,2021-11-18 05:05:03.000000,1321247103.0,30.53491035,114.420930959,12.7786,13.4,24,0.00523450093132096,0.0113,30.534910345,114.4209309994,0.003916404591004513
1560,DATA13,DATA13,2021-11-18 05:05:04.000000,1321247104.0,30.534918566,114.420912873,12.7565,5.7,24,0.00523450093132096,0.0113,30.5349185608,114.4209127934,0.007660520488037812
1561,DATA13,DATA13,2021-11-18 05:05:05.000000,1321247105.0,30.534929436,114.420893061,12.7732,15.6,23,0.005586591089385368,0.0121,30.5349294064,114.4208930759,0.0035795014579211044
1562,DATA13,DATA13,2021-11-18 05:05:06.000000,1321247106.0,30.534945086,114.420874092,12.7964,3.4,24,0.005728001396647875,0.0132,30.5349451316,114.4208739511,0.014435556909318062
1563,DATA13,DATA13,2021-11-18 05:05:07.000000,1321247107.0,30.534967257,114.42085829,12.7776,3.5,23,0.00587962583843564,0.0125,30.5349673453,114.4208582587,0.010239556059186777
1564,DATA13,DATA13,2021-11-18 05:05:09.000000,1321247109.0,30.535025894,114.420841859,12.8685,5.3,18,0.008209750300709516,0.0169,30.5350256991,114.4208416728,0.028038336844372663
1565,DATA13,DATA13,2021-11-18 05:05:10.000000,1321247110.0,30.535058453,114.420835087,12.9225,9.5,20,0.007224956747275377,0.015,30.5350583781,114.4208350143,0.010845378090920565
1566,DATA13,DATA13,2021-11-18 05:05:11.000000,1321247111.0,30.53509433,114.420827404,12.9485,8.9,22,0.00954148835350125,0.0188,30.5350942601,114.4208273621,0.00873031713877868
1567,DATA13,DATA13,2021-11-18 05:05:16.000000,1321247116.0,30.535287041,114.420777403,12.8522,7.7,15,0.01349518432626987,0.0197,30.5352869383,114.420777554,0.018428456401130344
1568,DATA13,DATA13,2021-11-18 05:05:18.000000,1321247118.0,30.535360269,114.420755709,12.9072,4.5,20,0.011340634902861479,0.03,30.5353601911,114.4207558494,0.016003598541659326
1569,DATA13,DATA13,2021-11-18 05:05:19.000000,1321247119.0,30.535396584,114.420744588,13.0234,5.0,22,0.010716809226630845,0.0192,30.5353965713,114.4207446439,0.005546094183312196
1570,DATA13,DATA13,2021-11-18 05:05:20.000000,1321247120.0,30.535432442,114.420733937,12.9718,5.0,20,0.010489041900955492,0.0179,30.5354325254,114.4207339948,0.01078204085981558
1571,DATA13,DATA13,2021-11-18 05:05:28.000000,1321247128.0,30.535668023,114.420682746,12.4934,4.2,20,0.008704596486914256,0.0179,30.5356678789,114.4206825167,0.027192039199028066
1572,DATA13,DATA13,2021-11-18 05:05:29.000000,1321247129.0,30.535690155,114.420679307,12.446,5.3,22,0.010465180361560904,0.0309,30.5356901292,114.4206791908,0.011512004433304157
1573,DATA13,DATA13,2021-11-18 05:05:30.000000,1321247130.0,30.535708355,114.420676408,12.4291,6.7,21,0.00840238061504,0.0206,30.5357082699,114.4206764022,0.009450738371072282
1574,DATA13,DATA13,2021-11-18 05:05:32.000000,1321247132.0,30.535729075,114.420672679,12.4989,3.1,20,0.008072174428244226,0.0178,30.5357291732,114.4206727401,0.012365194067282368
1575,DATA13,DATA13,2021-11-18 05:05:33.000000,1321247133.0,30.535732982,114.420671941,12.4821,4.5,20,0.008005623023850173,0.0178,30.5357331454,114.4206720478,0.0208131538978063
1576,DATA13,DATA13,2021-11-18 05:05:34.000000,1321247134.0,30.535734306,114.420671631,12.4805,4.6,22,0.007076722405181653,0.0172,30.5357344407,114.4206718107,0.022811785262277208
1577,DATA13,DATA13,2021-11-18 05:05:35.000000,1321247135.0,30.53573655,114.420671269,12.4666,9.1,21,0.007355270219373317,0.0173,30.535736724,114.4206714148,0.023829927114567065
1578,DATA13,DATA13,2021-11-18 05:05:36.000000,1321247136.0,30.535737386,114.420671167,12.4878,3.4,23,0.007076722405181653,0.0172,30.5357375101,114.4206712723,0.01707021299785523
1579,DATA13,DATA13,2021-11-18 05:06:26.000000,1321247186.0,30.536564745,114.420578244,11.1055,5.0,21,0.009426027795418386,0.0188,30.5365647608,114.4205780091,0.022609699977163965
1580,DATA13,DATA13,2021-11-18 05:06:28.000000,1321247188.0,30.536608125,114.420583324,11.0393,3.6,22,0.007234638899074369,0.0175,30.5366081143,114.4205832985,0.0027194157096959368
1581,DATA13,DATA13,2021-11-18 05:06:29.000000,1321247189.0,30.536627346,114.420596373,11.0726,3.5,21,0.007733692520394123,0.0203,30.5366274254,114.420596439,0.010844200331731498
1582,DATA13,DATA13,2021-11-18 05:06:47.000000,1321247207.0,30.536957745,114.420841489,10.4971,9.8,23,0.005586591089385368,0.0134,30.5369578744,114.4208415322,0.014932498227485946
1583,DATA13,DATA13,2021-11-18 05:06:48.000000,1321247208.0,30.536993999,114.420849162,10.4142,4.0,22,0.005586591089385368,0.0134,30.5369941574,114.4208492687,0.020327635852239144
1584,DATA13,DATA13,2021-11-18 05:06:49.000000,1321247209.0,30.537032178,114.420856503,10.3665,3.3,17,0.006747592163134935,0.0196,30.5370321939,114.4208566804,0.017114796052464683
1585,DATA13,DATA13,2021-11-18 05:06:51.000000,1321247211.0,30.537113723,114.420872934,10.1888,3.9,18,0.0072622310621461225,0.0201,30.5371138589,114.4208729719,0.015498879219533124
1586,DATA13,DATA13,2021-11-18 05:07:40.000000,1321247260.0,30.538106386,114.420230148,9.9114,5.3,21,0.007851751396981441,0.0243,30.5381049875,114.4202286354,0.21238272307878334
1587,DATA13,DATA13,2021-11-18 05:07:41.000000,1321247261.0,30.538110461,114.420192351,9.8602,4.4,23,0.007707788269017254,0.0226,30.5381083862,114.4201901908,0.30964348177513173
1588,DATA13,DATA13,2021-11-18 05:07:49.000000,1321247269.0,30.538141852,114.419935238,10.0523,6.5,24,0.005869412236331676,0.014,30.5381413758,114.4199348107,0.06684604192788879
1589,DATA13,DATA13,2021-11-18 05:08:56.000000,1321247336.0,30.536333249,114.419402571,10.7391,3.1,24,0.006014149981501958,0.0127,30.5363332932,114.4194029382,0.035576821745501835
1590,DATA13,DATA13,2021-11-18 05:08:59.000000,1321247339.0,30.536313743,114.419456947,10.7598,3.5,24,0.00551543289325507,0.0125,30.5363139736,114.4194571238,0.030682419315195563
1591,DATA13,DATA13,2021-11-18 05:09:03.000000,1321247343.0,30.536322199,114.419533558,10.6947,23.4,23,0.005889821729050888,0.0126,30.5363221637,114.4195336933,0.013560793819572196
1592,DATA13,DATA13,2021-11-18 05:09:04.000000,1321247344.0,30.536324419,114.419552795,10.6963,28.0,24,0.005738466694161429,0.0126,30.5363244208,114.4195529281,0.012774286991467218
1593,DATA13,DATA13,2021-11-18 05:09:05.000000,1321247345.0,30.53632658,114.419571655,10.6865,16.9,24,0.005738466694161429,0.0126,30.5363265503,114.4195718234,0.016492253905753106
1594,DATA13,DATA13,2021-11-18 05:09:06.000000,1321247346.0,30.536328559,114.419589739,10.6971,25.7,24,0.005738466694161429,0.0126,30.5363285199,114.4195898896,0.015088153806601234
1595,DATA13,DATA13,2021-11-18 05:09:07.000000,1321247347.0,30.536330272,114.419607458,10.7172,23.0,24,0.00608276253029822,0.0138,30.5363302544,114.4196076083,0.01455467493981106
1596,DATA13,DATA13,2021-11-18 05:09:08.000000,1321247348.0,30.53633211,114.419624588,10.7152,15.3,25,0.00608276253029822,0.0138,30.5363320901,114.4196247232,0.013160480640489044
1597,DATA13,DATA13,2021-11-18 05:09:10.000000,1321247350.0,30.536335628,114.419657999,10.6979,16.0,25,0.00587281874401041,0.0133,30.5363355827,114.4196581301,0.01354612082485268
1598,DATA13,DATA13,2021-11-18 05:09:11.000000,1321247351.0,30.536336962,114.419670783,10.7065,18.6,25,0.00587281874401041,0.0133,30.5363368786,114.4196709034,0.014797999765568979
1599,DATA13,DATA13,2021-11-18 05:09:12.000000,1321247352.0,30.536338003,114.419681417,10.7133,6.7,25,0.00587281874401041,0.0133,30.5363380576,114.419681563,0.015262300301724872
1600,DATA13,DATA13,2021-11-18 05:09:16.000000,1321247356.0,30.536341818,114.419714917,10.7266,3.9,26,0.0055172456896534884,0.0116,30.5363417271,114.4197150113,0.013544123183037653
1601,DATA13,DATA13,2021-11-18 05:09:17.000000,1321247357.0,30.53634268,114.419722647,10.7291,3.2,26,0.0055172456896534884,0.0116,30.5363426035,114.4197227727,0.014745584863956105
1602,DATA13,DATA13,2021-11-18 05:09:20.000000,1321247360.0,30.536345773,114.419749282,10.7429,4.2,26,0.004949747468305833,0.0103,30.5363457157,114.4197494243,0.015060802732527452
1603,DATA13,DATA13,2021-11-18 05:09:21.000000,1321247361.0,30.536347043,114.419759762,10.7431,5.1,26,0.004949747468305833,0.0103,30.5363469768,114.4197599082,0.015833451507363615
1604,DATA13,DATA13,2021-11-18 05:09:23.000000,1321247363.0,30.536350044,114.419784526,10.7563,3.9,25,0.00523450093132096,0.011,30.5363499674,114.4197846483,0.014486386810021018
1605,DATA13,DATA13,2021-11-18 05:09:25.000000,1321247365.0,30.536353465,114.419812987,10.7602,3.2,26,0.004949747468305833,0.0103,30.5363533485,114.4198130995,0.01683325162877887
1606,DATA13,DATA13,2021-11-18 05:09:26.000000,1321247366.0,30.536355039,114.419826444,10.7815,4.9,26,0.00523450093132096,0.011,30.5363549557,114.4198265541,0.01403254743497619
1607,DATA13,DATA13,2021-11-18 05:09:27.000000,1321247367.0,30.536356509,114.419838434,10.7744,6.5,26,0.00523450093132096,0.011,30.536356402,114.4198385452,0.015955714125651912
1608,DATA13,DATA13,2021-11-18 05:09:28.000000,1321247368.0,30.536358161,114.419851955,10.7801,15.0,26,0.00523450093132096,0.0113,30.5363580643,114.4198520837,0.016354201095016316
1609,DATA13,DATA13,2021-11-18 05:09:29.000000,1321247369.0,30.536359749,114.419864651,10.7681,13.4,25,0.005374011537017762,0.0119,30.5363596377,114.4198647549,0.015863840216037893
1610,DATA13,DATA13,2021-11-18 05:09:30.000000,1321247370.0,30.536360974,114.419874586,10.774,20.4,25,0.005374011537017762,0.0119,30.5363608624,114.419874695,0.016201304401814318
1611,DATA13,DATA13,2021-11-18 05:09:31.000000,1321247371.0,30.536362129,114.419884244,10.7883,16.3,25,0.0050931326312987375,0.011,30.5363620707,114.4198843817,0.014710109755718369
1612,DATA13,DATA13,2021-11-18 05:09:33.000000,1321247373.0,30.536364953,114.419907148,10.7924,4.4,26,0.004949747468305833,0.0103,30.5363648871,114.4199072285,0.01063254165505962
1613,DATA13,DATA13,2021-11-18 05:09:34.000000,1321247374.0,30.536366041,114.419915833,10.7963,4.1,26,0.004949747468305833,0.0103,30.5363659574,114.4199159514,0.014662638868545947
1614,DATA13,DATA13,2021-11-18 05:09:35.000000,1321247375.0,30.536366993,114.419923175,10.7832,3.2,26,0.004949747468305833,0.0103,30.5363668725,114.419923295,0.01763711064902277
1615,DATA13,DATA13,2021-11-18 05:09:36.000000,1321247376.0,30.536367916,114.419931197,10.7966,3.8,26,0.004949747468305833,0.0103,30.5363678403,114.4199313075,0.013523067360558283
1616,DATA13,DATA13,2021-11-18 05:09:37.000000,1321247377.0,30.536368501,114.419936367,10.8005,3.9,26,0.004949747468305833,0.0103,30.5363684334,114.4199364718,0.012542178810307577
1617,DATA13,DATA13,2021-11-18 05:09:38.000000,1321247378.0,30.536368818,114.419939065,10.8001,3.2,26,0.004949747468305833,0.0103,30.5363687476,114.4199391793,0.01346191750630031
1618,DATA13,DATA13,2021-11-18 05:09:40.000000,1321247380.0,30.536369619,114.419946103,10.7868,14.4,26,0.005020956084253277,0.0106,30.5363695539,114.4199462267,0.013892416938197653
1619,DATA13,DATA13,2021-11-18 05:09:41.000000,1321247381.0,30.536369711,114.41994719,10.7979,11.1,26,0.005020956084253277,0.0106,30.5363696774,114.4199473054,0.01168385877543684
1620,DATA13,DATA13,2021-11-18 05:09:42.000000,1321247382.0,30.536370102,114.41995059,10.7932,13.9,26,0.00523450093132096,0.0113,30.5363700608,114.4199507077,0.012183452396190389
1621,DATA13,DATA13,2021-11-18 05:09:43.000000,1321247383.0,30.536371062,114.419959293,10.801,4.4,26,0.00523450093132096,0.011,30.5363709957,114.4199593959,0.012309861895660325
1622,DATA13,DATA13,2021-11-18 05:09:45.000000,1321247385.0,30.536374074,114.419989299,10.8131,3.6,26,0.00523450093132096,0.011,30.5363740224,114.4199894023,0.01144515607785465
1623,DATA13,DATA13,2021-11-18 05:09:46.000000,1321247386.0,30.536376647,114.420013419,10.8139,3.4,25,0.00523450093132096,0.011,30.5363765751,114.4200135503,0.014909589452110872
1624,DATA13,DATA13,2021-11-18 05:09:51.000000,1321247391.0,30.536388929,114.420138544,10.8726,5.4,24,0.005303772242470448,0.011,30.536388873,114.4201385979,0.008080620206737558
1625,DATA13,DATA13,2021-11-18 05:09:53.000000,1321247393.0,30.536400317,114.420195592,10.9049,22.6,24,0.005374011537017762,0.0119,30.5364002415,114.4201956214,0.008832764886563496
1626,DATA13,DATA13,2021-11-18 05:09:54.000000,1321247394.0,30.536411944,114.420223125,10.9247,6.2,23,0.005374011537017762,0.0119,30.5364118665,114.4202232043,0.011477332337195754
1627,DATA13,DATA13,2021-11-18 05:09:55.000000,1321247395.0,30.536426284,114.420249397,10.9307,4.0,24,0.005374011537017762,0.0119,30.5364261933,114.4202495169,0.015280518576639892
1628,DATA13,DATA13,2021-11-18 05:09:56.000000,1321247396.0,30.536441191,114.420274989,10.9394,3.6,23,0.005590169943749474,0.0122,30.5364411098,114.4202749568,0.009517547941221218
1629,DATA13,DATA13,2021-11-18 05:09:57.000000,1321247397.0,30.536457374,114.420302443,10.9263,5.6,21,0.00551543289325507,0.0122,30.5364573279,114.420302448,0.0051332004768547225
1630,DATA13,DATA13,2021-11-18 05:09:58.000000,1321247398.0,30.536474076,114.420330763,10.9269,12.3,24,0.00551543289325507,0.0122,30.5364740256,114.4203307461,0.005818036513161074
1631,DATA13,DATA13,2021-11-18 05:09:59.000000,1321247399.0,30.536489874,114.420357526,10.9294,17.0,24,0.00551543289325507,0.0122,30.5364898852,114.4203575336,0.0014400010649868017
1632,DATA13,DATA13,2021-11-18 05:10:00.000000,1321247400.0,30.536505456,114.420383906,10.9261,7.1,23,0.00551543289325507,0.0122,30.5365054493,114.4203838539,0.005054557046857468
1633,DATA13,DATA13,2021-11-18 05:10:01.000000,1321247401.0,30.536519331,114.420406974,10.9375,17.2,23,0.0054451813560247924,0.012,30.5365192582,114.4204069905,0.00822458996915239
1634,DATA13,DATA13,2021-11-18 05:10:02.000000,1321247402.0,30.536530982,114.420426545,10.9458,16.3,24,0.0054451813560247924,0.012,30.5365309181,114.4204265455,0.007084227016379904
1635,DATA13,DATA13,2021-11-18 05:10:03.000000,1321247403.0,30.536540999,114.420444453,10.9524,10.3,24,0.0054451813560247924,0.012,30.5365409051,114.4204444568,0.010416300343580195
1636,DATA13,DATA13,2021-11-18 05:10:04.000000,1321247404.0,30.536550294,114.420462137,10.9629,5.7,24,0.0054451813560247924,0.012,30.5365501838,114.4204621749,0.0127468423404582
1637,DATA13,DATA13,2021-11-18 05:10:05.000000,1321247405.0,30.536559343,114.420482185,10.9474,12.3,24,0.0054451813560247924,0.012,30.5365592734,114.42048219,0.0077308805968084445
1638,DATA13,DATA13,2021-11-18 05:10:06.000000,1321247406.0,30.536567319,114.420505151,10.9733,6.4,23,0.0054451813560247924,0.012,30.5365672478,114.4205052266,0.010720885250983437
1639,DATA13,DATA13,2021-11-18 05:10:07.000000,1321247407.0,30.536572419,114.420530189,10.9936,5.6,23,0.00551543289325507,0.0122,30.5365723449,114.4205302137,0.00854997620144228
1640,DATA13,DATA13,2021-11-18 05:10:08.000000,1321247408.0,30.536572688,114.420554198,11.0405,5.2,23,0.0054488530903301115,0.0114,30.5365726042,114.4205542843,0.012445612456843518
1641,DATA13,DATA13,2021-11-18 05:10:09.000000,1321247409.0,30.536567251,114.420576723,11.1247,3.2,21,0.006171709649683789,0.0134,30.5365672043,114.4205768672,0.014774673991508072
1642,DATA13,DATA13,2021-11-18 05:10:13.000000,1321247413.0,30.536498175,114.420605479,11.2911,3.2,18,0.008904493247793497,0.0223,30.5364981856,114.4206057841,0.029301956364314798
1643,DATA13,DATA13,2021-11-18 05:11:14.000000,1321247474.0,30.534964152,114.420375662,12.2365,10.1,24,0.005738466694161429,0.0127,30.5349641813,114.4203757553,0.009524520129284654
1644,DATA13,DATA13,2021-11-18 05:11:15.000000,1321247475.0,30.535005262,114.42030565,12.2117,36.6,24,0.005738466694161429,0.0127,30.5350053705,114.4203057336,0.014458480050342582
1645,DATA13,DATA13,2021-11-18 05:11:16.000000,1321247476.0,30.53504963,114.420233724,12.1748,21.5,24,0.006014149981501958,0.0139,30.5350497481,114.4202338109,0.015523048952169367
1646,DATA13,DATA13,2021-11-18 05:11:17.000000,1321247477.0,30.535095095,114.420158904,12.1436,20.0,24,0.006014149981501958,0.0139,30.5350952099,114.4201589553,0.013656234187913901
1647,DATA13,DATA13,2021-11-18 05:11:20.000000,1321247480.0,30.535235713,114.419917024,11.9973,13.1,23,0.006717886572427373,0.0163,30.5352358497,114.4199170697,0.01577660254261652
1648,DATA13,DATA13,2021-11-18 05:11:21.000000,1321247481.0,30.535283112,114.419831802,11.9575,32.9,24,0.006224146527838174,0.0143,30.5352832598,114.4198318309,0.016618414167296862
1649,DATA13,DATA13,2021-11-18 05:11:22.000000,1321247482.0,30.535329917,114.419746088,11.9427,10.7,24,0.0054451813560247924,0.0125,30.5353302208,114.4197461798,0.03481287419995903
1650,DATA13,DATA13,2021-11-18 05:11:23.000000,1321247483.0,30.535375073,114.419662153,11.8933,14.9,23,0.006224146527838174,0.0143,30.5353752598,114.4196621698,0.02077162996561653
1651,DATA13,DATA13,2021-11-18 05:11:24.000000,1321247484.0,30.535418749,114.419580415,11.8471,25.1,24,0.006224146527838174,0.0143,30.5354189508,114.4195804401,0.02250119060988868
1652,DATA13,DATA13,2021-11-18 05:11:25.000000,1321247485.0,30.535463688,114.419500396,11.8113,14.0,24,0.005738466694161429,0.0127,30.5354638987,114.4195003519,0.023738840729793764
1653,DATA13,DATA13,2021-11-18 05:11:26.000000,1321247486.0,30.535508162,114.41942056,11.7682,12.0,24,0.006014149981501958,0.0139,30.5355083852,114.4194205679,0.024755947102054286
1654,DATA13,DATA13,2021-11-18 05:11:27.000000,1321247487.0,30.535550724,114.419342107,11.7434,11.2,24,0.005738466694161429,0.0127,30.5355508293,114.4193421414,0.012131525069800754
1655,DATA13,DATA13,2021-11-18 05:11:28.000000,1321247488.0,30.535592257,114.419264733,11.685,14.3,23,0.006224146527838174,0.0143,30.5355923494,114.4192648146,0.01289384543160228
1656,DATA13,DATA13,2021-11-18 05:11:29.000000,1321247489.0,30.535633219,114.419187635,11.6388,26.5,24,0.006224146527838174,0.0147,30.5356333092,114.419187792,0.018082860295665755
1657,DATA13,DATA13,2021-11-18 05:11:30.000000,1321247490.0,30.535673816,114.419111832,11.5693,17.7,24,0.006224146527838174,0.0147,30.5356738656,114.4191119139,0.009592038261466181
1658,DATA13,DATA13,2021-11-18 05:11:31.000000,1321247491.0,30.535714284,114.419036345,11.5454,14.6,24,0.00587962583843564,0.013,30.5357143225,114.41903647,0.012732217735204035
1659,DATA13,DATA13,2021-11-18 05:11:32.000000,1321247492.0,30.535753551,114.418962708,11.526,17.5,24,0.00587962583843564,0.013,30.5357535806,114.4189628342,0.012547359201844672
1660,DATA13,DATA13,2021-11-18 05:11:33.000000,1321247493.0,30.535791658,114.418891593,11.4843,21.3,24,0.005303772242470448,0.0117,30.535791664,114.4188916533,0.005824730310565749
1661,DATA13,DATA13,2021-11-18 05:11:34.000000,1321247494.0,30.535828931,114.418821814,11.439,15.9,23,0.00587962583843564,0.013,30.5358289992,114.4188220065,0.01996042997947639
1662,DATA13,DATA13,2021-11-18 05:11:35.000000,1321247495.0,30.535866287,114.418752025,11.372,10.5,24,0.006155485358604957,0.0142,30.5358663283,114.4187521971,0.01713829841924996
1663,DATA13,DATA13,2021-11-18 05:11:36.000000,1321247496.0,30.535903566,114.418682053,11.3366,23.2,24,0.00587962583843564,0.013,30.5359036086,114.4186822057,0.015395914240462548
1664,DATA13,DATA13,2021-11-18 05:11:38.000000,1321247498.0,30.535977647,114.418543384,11.2658,10.1,24,0.00587962583843564,0.013,30.5359777047,114.4185435554,0.017648253490640455
1665,DATA13,DATA13,2021-11-18 05:11:39.000000,1321247499.0,30.536015345,114.418474688,11.2211,16.7,25,0.005738466694161429,0.0127,30.5360154125,114.4184748258,0.01519429633181553
1666,DATA13,DATA13,2021-11-18 05:11:41.000000,1321247501.0,30.536091719,114.418336892,11.1372,24.0,23,0.006014149981501958,0.0139,30.5360918168,114.4183370104,0.015705162594534697
1667,DATA13,DATA13,2021-11-18 05:11:43.000000,1321247503.0,30.536171938,114.418198908,11.0796,24.4,24,0.005738466694161429,0.0127,30.5361719761,114.4181990047,0.010195741921515952
1668,DATA13,DATA13,2021-11-18 05:11:55.000000,1321247515.0,30.536684882,114.417231432,10.5616,14.9,22,0.00615223536610881,0.0124,30.5366848305,114.4172314749,0.007038833638691846
1669,DATA13,DATA13,2021-11-18 05:11:56.000000,1321247516.0,30.536729108,114.417147406,10.5578,11.2,23,0.005805170109479997,0.0116,30.5367290543,114.417147446,0.0070834813074919555
1670,DATA13,DATA13,2021-11-18 05:11:57.000000,1321247517.0,30.536772272,114.417065125,10.5105,7.7,24,0.005381449618829484,0.0115,30.5367721496,114.4170651208,0.01357545887902262
1671,DATA13,DATA13,2021-11-18 05:11:58.000000,1321247518.0,30.536815367,114.416983466,10.4739,14.1,24,0.005381449618829484,0.0115,30.5368152156,114.4169834304,0.01712860766781151
1672,DATA13,DATA13,2021-11-18 05:11:59.000000,1321247519.0,30.536858546,114.416901844,10.4533,14.6,24,0.0055172456896534884,0.0122,30.5368583606,114.4169017923,0.021144065515658863
1673,DATA13,DATA13,2021-11-18 05:12:00.000000,1321247520.0,30.536901877,114.416819846,10.4308,7.2,21,0.006155485358604957,0.013,30.5369017369,114.4168198782,0.01583611969903248
1674,DATA13,DATA13,2021-11-18 05:12:01.000000,1321247521.0,30.536945695,114.416738148,10.4026,10.5,22,0.006435060217278467,0.013,30.5369455104,114.4167380694,0.021810804183155702
1675,DATA13,DATA13,2021-11-18 05:12:02.000000,1321247522.0,30.536989569,114.416656576,10.3724,7.2,24,0.005381449618829484,0.0115,30.5369893262,114.4166564963,0.027982717363458864
1676,DATA13,DATA13,2021-11-18 05:12:03.000000,1321247523.0,30.537032808,114.416574827,10.3843,8.3,24,0.00523450093132096,0.0115,30.5370326077,114.416574804,0.022315024390485168
1677,DATA13,DATA13,2021-11-18 05:12:04.000000,1321247524.0,30.537075549,114.416494813,10.3657,15.1,24,0.00523450093132096,0.0115,30.5370753292,114.4164947354,0.025479873022411108
1678,DATA13,DATA13,2021-11-18 05:12:05.000000,1321247525.0,30.537118132,114.416415568,10.3755,6.7,23,0.0054451813560247924,0.0121,30.5371179609,114.4164155509,0.0190392891281148
1679,DATA13,DATA13,2021-11-18 05:12:06.000000,1321247526.0,30.53716022,114.416336662,10.3795,7.1,24,0.00523450093132096,0.0115,30.5371600519,114.4163365769,0.020346632896343055
1680,DATA13,DATA13,2021-11-18 05:12:07.000000,1321247527.0,30.537202395,114.416257724,10.3653,10.0,24,0.0054451813560247924,0.0117,30.5372022269,114.4162577003,0.018774121613797552
1681,DATA13,DATA13,2021-11-18 05:12:08.000000,1321247528.0,30.537244809,114.416178835,10.3836,7.8,22,0.00551543289325507,0.0128,30.5372445729,114.4161787453,0.027553527362713548
1682,DATA13,DATA13,2021-11-18 05:12:09.000000,1321247529.0,30.537286159,114.416101473,10.4424,13.7,24,0.0058,0.0131,30.5372860147,114.4161014031,0.017346739250152975
1683,DATA13,DATA13,2021-11-18 05:12:10.000000,1321247530.0,30.537326954,114.416024903,10.4729,15.8,24,0.00551543289325507,0.0128,30.5373268618,114.4160249121,0.010258686191920571
1684,DATA13,DATA13,2021-11-18 05:12:11.000000,1321247531.0,30.537367176,114.415948735,10.4913,15.8,24,0.00551543289325507,0.0128,30.5373670858,114.4159487671,0.010463430258901821
1685,DATA13,DATA13,2021-11-18 05:12:13.000000,1321247533.0,30.537445409,114.415800087,10.5381,14.2,23,0.00551543289325507,0.0128,30.5374453233,114.415800087,0.009500850429573087
1686,DATA13,DATA13,2021-11-18 05:12:14.000000,1321247534.0,30.537485248,114.415726579,10.5788,14.5,25,0.0058,0.0131,30.5374851983,114.4157265862,0.005552980319839591
1687,DATA13,DATA13,2021-11-18 05:12:17.000000,1321247537.0,30.537606792,114.415500731,10.7368,14.2,24,0.0054451813560247924,0.0122,30.5376068019,114.4155007876,0.005541235703640415
1688,DATA13,DATA13,2021-11-18 05:12:19.000000,1321247539.0,30.537688989,114.415350208,10.8076,10.8,24,0.00523450093132096,0.0114,30.5376890161,114.4153502871,0.008163535410705356
1689,DATA13,DATA13,2021-11-18 05:12:21.000000,1321247541.0,30.537765164,114.415210622,10.8499,12.6,24,0.00523450093132096,0.0114,30.5377651937,114.4152106923,0.007506757377570072
1690,DATA13,DATA13,2021-11-18 05:12:22.000000,1321247542.0,30.537801536,114.415143966,10.8582,15.6,25,0.00523450093132096,0.0114,30.5378015445,114.4151440476,0.007886990647136532
1691,DATA13,DATA13,2021-11-18 05:12:24.000000,1321247544.0,30.537876415,114.415008504,10.9591,13.1,24,0.005374011537017762,0.0119,30.5378764225,114.415008602,0.009440948821442979
1692,DATA13,DATA13,2021-11-18 05:12:33.000000,1321247553.0,30.538241748,114.414282032,11.5542,13.8,23,0.005375872022286244,0.0115,30.5382417032,114.414282187,0.015681331973833687
1693,DATA13,DATA13,2021-11-18 05:12:34.000000,1321247554.0,30.538285096,114.414187783,11.6695,15.3,24,0.005375872022286244,0.0115,30.5382851083,114.4141879398,0.015108421624663398
1694,DATA13,DATA13,2021-11-18 05:12:35.000000,1321247555.0,30.538330521,114.414094461,11.7655,15.7,24,0.005375872022286244,0.0115,30.5383305162,114.4140946034,0.013675266081958131
1695,DATA13,DATA13,2021-11-18 05:12:36.000000,1321247556.0,30.538377164,114.414003443,11.8636,15.6,24,0.005375872022286244,0.0115,30.5383771629,114.4140035697,0.012158919784198367
1696,DATA13,DATA13,2021-11-18 05:12:37.000000,1321247557.0,30.538423776,114.413915206,11.959,14.6,24,0.005375872022286244,0.0115,30.5384237897,114.4139153256,0.011577037622071977
1697,DATA13,DATA13,2021-11-18 05:12:38.000000,1321247558.0,30.538469422,114.413829529,12.0521,13.4,23,0.00551543289325507,0.0121,30.5384694314,114.4138296202,0.00881349704483291
1698,DATA13,DATA13,2021-11-18 05:12:39.000000,1321247559.0,30.538513872,114.413746635,12.1307,8.5,23,0.0054451813560247924,0.0119,30.5385138921,114.4137467247,0.008891478153920033
1699,DATA13,DATA13,2021-11-18 05:12:40.000000,1321247560.0,30.538556915,114.413666618,12.212,9.8,23,0.0054451813560247924,0.0119,30.5385569288,114.4136666977,0.007799625275933793
1700,DATA13,DATA13,2021-11-18 05:12:41.000000,1321247561.0,30.538598421,114.413589388,12.3016,10.6,24,0.005303772242470448,0.0114,30.5385984419,114.4135894946,0.010488587199380365
1701,DATA13,DATA13,2021-11-18 05:12:42.000000,1321247562.0,30.538638089,114.413515304,12.3815,13.7,24,0.005303772242470448,0.0114,30.5386381279,114.4135154214,0.012063043275372578
1702,DATA13,DATA13,2021-11-18 05:12:43.000000,1321247563.0,30.538676449,114.413443624,12.4662,16.8,24,0.005303772242470448,0.0114,30.5386764687,114.4134437282,0.010234876999711867
1703,DATA13,DATA13,2021-11-18 05:12:44.000000,1321247564.0,30.538713244,114.413375039,12.5382,12.1,24,0.005303772242470448,0.0114,30.5387132314,114.4133751088,0.006842187390012068
1704,DATA13,DATA13,2021-11-18 05:12:45.000000,1321247565.0,30.538748815,114.413307965,12.6309,10.8,24,0.00523450093132096,0.0114,30.5387488079,114.41330805,0.008194578436090626
1705,DATA13,DATA13,2021-11-18 05:12:46.000000,1321247566.0,30.538784231,114.413241382,12.7148,10.9,24,0.00523450093132096,0.0114,30.5387842503,114.4132414645,0.008200824383501962
1706,DATA13,DATA13,2021-11-18 05:12:47.000000,1321247567.0,30.538820143,114.413174123,12.762,10.7,24,0.00523450093132096,0.0114,30.5388201331,114.413174175,0.005109244544146222
1707,DATA13,DATA13,2021-11-18 05:12:48.000000,1321247568.0,30.538857278,114.413105633,12.8372,16.5,24,0.00523450093132096,0.0114,30.5388572943,114.4131057258,0.009086668209189791
1708,DATA13,DATA13,2021-11-18 05:12:49.000000,1321247569.0,30.538895241,114.413036651,12.9241,15.6,24,0.00523450093132096,0.0114,30.5388952356,114.4130367096,0.005655084312149171
1709,DATA13,DATA13,2021-11-18 05:12:50.000000,1321247570.0,30.538932471,114.412968526,13.0464,18.2,24,0.00523450093132096,0.0114,30.5389324931,114.4129686043,0.007903097183212889
1710,DATA13,DATA13,2021-11-18 05:12:51.000000,1321247571.0,30.538969184,114.412901854,13.1556,10.5,24,0.00523450093132096,0.0114,30.5389692075,114.4129019366,0.008343536008597153
1711,DATA13,DATA13,2021-11-18 05:12:52.000000,1321247572.0,30.539005445,114.412836225,13.2294,11.1,24,0.00523450093132096,0.0114,30.5390054807,114.4128363186,0.009815243120616286
1712,DATA13,DATA13,2021-11-18 05:12:53.000000,1321247573.0,30.53903973,114.41277356,13.3177,10.0,24,0.00523450093132096,0.0114,30.5390397818,114.4127736462,0.010069802378138733
1713,DATA13,DATA13,2021-11-18 05:12:54.000000,1321247574.0,30.539071374,114.41271472,13.4658,13.7,24,0.00523450093132096,0.0114,30.5390714403,114.4127147982,0.010504118117085376
1714,DATA13,DATA13,2021-11-18 05:12:55.000000,1321247575.0,30.53909958,114.412660538,13.5754,10.4,25,0.00523450093132096,0.0114,30.5390996094,114.4126606106,0.007691479971746315
1715,DATA13,DATA13,2021-11-18 05:12:56.000000,1321247576.0,30.539122628,114.412612636,13.6669,10.5,24,0.00523450093132096,0.0114,30.5391226792,114.412612754,0.012666368014688763
1716,DATA13,DATA13,2021-11-18 05:12:57.000000,1321247577.0,30.539138209,114.412568951,13.7339,6.8,24,0.00523450093132096,0.0114,30.5391382542,114.4125690776,0.0131414870280453
1717,DATA13,DATA13,2021-11-18 05:12:58.000000,1321247578.0,30.539143075,114.412526587,13.8315,13.3,24,0.00523450093132096,0.0114,30.5391431267,114.412526712,0.013294088487539782
1718,DATA13,DATA13,2021-11-18 05:12:59.000000,1321247579.0,30.539134589,114.412488797,13.9083,18.6,24,0.00523450093132096,0.0114,30.5391346366,114.41248895,0.015601526956985017
1719,DATA13,DATA13,2021-11-18 05:13:00.000000,1321247580.0,30.539115819,114.412457614,13.9456,15.1,24,0.00523450093132096,0.0114,30.5391158176,114.4124577486,0.01291724304404369
1720,DATA13,DATA13,2021-11-18 05:13:01.000000,1321247581.0,30.539088241,114.412429682,13.9862,18.7,24,0.00523450093132096,0.0114,30.5390882741,114.4124298268,0.014371485450795134
1721,DATA13,DATA13,2021-11-18 05:13:02.000000,1321247582.0,30.539056725,114.412404575,14.0,14.2,24,0.00523450093132096,0.0114,30.5390567419,114.4124046958,0.011742491788155531
1722,DATA13,DATA13,2021-11-18 05:13:03.000000,1321247583.0,30.539023195,114.412382403,14.0255,15.7,24,0.00523450093132096,0.0114,30.539023182,114.4123824991,0.00933377100452937
1723,DATA13,DATA13,2021-11-18 05:13:04.000000,1321247584.0,30.538987875,114.412365945,14.0256,10.8,24,0.00523450093132096,0.0114,30.5389878739,114.4123660037,0.005634220275901856
1724,DATA13,DATA13,2021-11-18 05:13:05.000000,1321247585.0,30.53894929,114.412361108,13.9179,5.7,23,0.005374011537017762,0.0122,30.5389492448,114.4123612014,0.010268420416341035
1725,DATA13,DATA13,2021-11-18 05:13:15.000000,1321247595.0,30.53859004,114.412938979,12.8276,25.2,20,0.006293647591023825,0.0142,30.5385902008,114.4129391637,0.02513818150772249
1726,DATA13,DATA13,2021-11-18 05:13:16.000000,1321247596.0,30.538543941,114.413022853,12.7375,25.3,23,0.00615223536610881,0.0137,30.5385441484,114.4130230346,0.028850493990088783
1727,DATA13,DATA13,2021-11-18 05:13:17.000000,1321247597.0,30.5384968,114.413107355,12.6194,28.3,24,0.00615223536610881,0.0137,30.5384970287,114.4131075618,0.032196985267792494
1728,DATA13,DATA13,2021-11-18 05:13:18.000000,1321247598.0,30.538448044,114.413193068,12.5556,37.6,22,0.006293647591023825,0.0142,30.5384482506,114.4131932219,0.027252566971443477
1729,DATA13,DATA13,2021-11-18 05:13:19.000000,1321247599.0,30.538396509,114.413281499,12.4526,19.1,21,0.007299999999999999,0.0156,30.5383967013,114.4132816603,0.026345284559924544
1730,DATA13,DATA13,2021-11-18 05:13:28.000000,1321247608.0,30.53794874,114.414089123,11.5499,16.9,24,0.006014149981501958,0.0128,30.5379485722,114.4140889301,0.02624338384660487
1731,DATA13,DATA13,2021-11-18 05:13:31.000000,1321247611.0,30.537801095,114.414360627,11.2583,16.0,24,0.005586591089385368,0.0115,30.5378010093,114.4143604901,0.016212709967567695
1732,DATA13,DATA13,2021-11-18 05:13:35.000000,1321247615.0,30.537603443,114.414720975,11.0302,6.4,21,0.005946427498927403,0.0127,30.5376032054,114.4147206538,0.04054497406603337
1733,DATA13,DATA13,2021-11-18 05:13:36.000000,1321247616.0,30.537551806,114.414811452,10.972,18.0,21,0.0068014704292527805,0.0143,30.5375516954,114.4148112823,0.020384648068930252
1734,DATA13,DATA13,2021-11-18 05:13:37.000000,1321247617.0,30.5374992,114.414902861,10.8948,22.4,24,0.0054451813560247924,0.0118,30.537499215,114.4149028221,0.004086575906893879
1735,DATA13,DATA13,2021-11-18 05:13:38.000000,1321247618.0,30.537446029,114.414994095,10.8093,23.9,23,0.0055172456896534884,0.0123,30.537446048,114.4149940271,0.006847844397034829
1736,DATA13,DATA13,2021-11-18 05:13:39.000000,1321247619.0,30.537393429,114.415085109,10.7953,3.8,18,0.006747592163134935,0.0152,30.5373934027,114.4150850211,0.008924788051966398
1737,DATA13,DATA13,2021-11-18 05:13:40.000000,1321247620.0,30.537342149,114.415176362,10.7063,4.7,22,0.008105553651663778,0.0179,30.5373421365,114.4151763519,0.0016910800388827058
1738,DATA13,DATA13,2021-11-18 05:13:42.000000,1321247622.0,30.537243915,114.415361743,10.6102,9.0,24,0.007359347797189639,0.0163,30.5372439619,114.4153618157,0.008700865897005512
1739,DATA13,DATA13,2021-11-18 05:13:45.000000,1321247625.0,30.537100498,114.415645164,10.4669,15.5,22,0.006585590330410783,0.0141,30.5371005439,114.415645243,0.0091304801910986
1740,DATA13,DATA13,2021-11-18 05:13:47.000000,1321247627.0,30.53700642,114.415837027,10.4008,10.3,22,0.007715568676384133,0.0156,30.5370064438,114.4158371219,0.009481385732918953
1741,DATA13,DATA13,2021-11-18 05:13:49.000000,1321247629.0,30.536912752,114.416026371,10.3709,3.1,23,0.006224146527838174,0.0134,30.5369127423,114.4160262809,0.008712865854331906
1742,DATA13,DATA13,2021-11-18 05:13:50.000000,1321247630.0,30.536864049,114.416119262,10.3149,12.5,23,0.006081118318204309,0.0128,30.5368640637,114.4161193275,0.0064933947610384376
1743,DATA13,DATA13,2021-11-18 05:13:51.000000,1321247631.0,30.536815094,114.416211233,10.3059,13.8,23,0.00573149195236284,0.013,30.5368150914,114.4162112118,0.0020547309089814104
1744,DATA13,DATA13,2021-11-18 05:13:52.000000,1321247632.0,30.536766909,114.416302447,10.2873,17.0,23,0.00573149195236284,0.013,30.536766907,114.4163025089,0.005944242959559615
1745,DATA13,DATA13,2021-11-18 05:13:53.000000,1321247633.0,30.536720335,114.416391848,10.3149,12.1,23,0.00573149195236284,0.013,30.5367203509,114.4163919091,0.006122569948122761
1746,DATA13,DATA13,2021-11-18 05:13:54.000000,1321247634.0,30.536674912,114.416478846,10.3253,19.5,24,0.00573149195236284,0.013,30.5366748862,114.4164788698,0.0036602213695976823
1747,DATA13,DATA13,2021-11-18 05:13:55.000000,1321247635.0,30.536629833,114.416565022,10.3751,7.5,23,0.0055172456896534884,0.0125,30.536629799,114.416565011,0.003914317572085597
1748,DATA13,DATA13,2021-11-18 05:13:56.000000,1321247636.0,30.536585508,114.416649571,10.4322,7.8,19,0.006859300255857006,0.017,30.536585495,114.4166494582,0.01092016165678187
1749,DATA13,DATA13,2021-11-18 05:13:57.000000,1321247637.0,30.536542044,114.416730995,10.4547,6.4,23,0.006717886572427373,0.017,30.5365420781,114.4167309646,0.004775125378943379
1750,DATA13,DATA13,2021-11-18 05:14:00.000000,1321247640.0,30.536422062,114.416959835,10.5091,21.3,23,0.006224146527838174,0.0149,30.5364219826,114.416959742,0.012535184320288347
1751,DATA13,DATA13,2021-11-18 05:14:02.000000,1321247642.0,30.53634559,114.417098458,10.5939,8.5,23,0.00615223536610881,0.0144,30.5363456089,114.4170984084,0.005200553811051943
1752,DATA13,DATA13,2021-11-18 05:14:05.000000,1321247645.0,30.536241477,114.417295577,10.6721,11.9,21,0.0058,0.0135,30.536241381,114.4172954706,0.01474863439860567
1753,DATA13,DATA13,2021-11-18 05:14:06.000000,1321247646.0,30.536207246,114.41736153,10.7267,20.9,21,0.006236986451805071,0.0142,30.5362072079,114.4173614056,0.012663065151710146
1754,DATA13,DATA13,2021-11-18 05:14:07.000000,1321247647.0,30.536173271,114.417426878,10.7591,27.7,23,0.006236986451805071,0.0142,30.5361731572,114.4174267656,0.016598474852529882
1755,DATA13,DATA13,2021-11-18 05:14:08.000000,1321247648.0,30.536138664,114.417492247,10.8126,20.7,22,0.005586591089385368,0.0135,30.5361385517,114.4174921279,0.01690043838716661
1756,DATA13,DATA13,2021-11-18 05:14:09.000000,1321247649.0,30.53610461,114.417556095,10.8433,17.6,22,0.005586591089385368,0.0135,30.5361045052,114.4175559833,0.015807749252138435
1757,DATA13,DATA13,2021-11-18 05:14:11.000000,1321247651.0,30.53604227,114.417671625,10.8713,36.6,22,0.005586591089385368,0.0135,30.5360421905,114.4176715546,0.011104921158033108
1758,DATA13,DATA13,2021-11-18 05:14:12.000000,1321247652.0,30.536013961,114.417721147,10.9111,30.5,22,0.005586591089385368,0.0135,30.5360139138,114.41772112,0.0058390284895116695
1759,DATA13,DATA13,2021-11-18 05:14:13.000000,1321247653.0,30.535987527,114.417765741,10.94,19.7,23,0.00551543289325507,0.0128,30.5359875596,114.4177657608,0.004083133380832384
1760,DATA13,DATA13,2021-11-18 05:14:14.000000,1321247654.0,30.535961957,114.417808847,10.9841,13.6,24,0.00551543289325507,0.0128,30.5359619829,114.417808823,0.0036808804163815777
1761,DATA13,DATA13,2021-11-18 05:14:15.000000,1321247655.0,30.535937558,114.417850783,10.9831,17.2,24,0.00551543289325507,0.0128,30.5359375658,114.4178507771,0.0010335913310943847
1762,DATA13,DATA13,2021-11-18 05:14:16.000000,1321247656.0,30.535913829,114.417893265,11.0082,33.5,24,0.005374011537017762,0.0121,30.5359138652,114.417893281,0.004296889276775961
1763,DATA13,DATA13,2021-11-18 05:14:19.000000,1321247659.0,30.535830545,114.418045597,11.0839,15.6,23,0.005374011537017762,0.012,30.5358306604,114.4180456306,0.013193514570944186
1764,DATA13,DATA13,2021-11-18 05:14:22.000000,1321247662.0,30.535736759,114.418217721,11.0403,16.2,24,0.0054451813560247924,0.0115,30.5357369055,114.4182177853,0.017373910810000025
1765,DATA13,DATA13,2021-11-18 05:14:24.000000,1321247664.0,30.535669151,114.418340329,10.7832,23.7,24,0.0054451813560247924,0.0115,30.5356693496,114.4183403872,0.02271448171401125
1766,DATA13,DATA13,2021-11-18 05:14:25.000000,1321247665.0,30.535634916,114.418402416,10.5661,15.2,24,0.0054451813560247924,0.0115,30.5356351123,114.4184024784,0.022570983177470517
1767,DATA13,DATA13,2021-11-18 05:14:26.000000,1321247666.0,30.535600323,114.418465391,10.3193,24.8,24,0.0054451813560247924,0.0115,30.5356005496,114.4184654129,0.02520901766512929
1768,DATA13,DATA13,2021-11-18 05:14:27.000000,1321247667.0,30.535564665,114.418530241,9.998,16.0,24,0.0053075418038862395,0.0114,30.5355648785,114.4185302604,0.023742075955924098
1769,DATA13,DATA13,2021-11-18 05:14:28.000000,1321247668.0,30.53552843,114.418596503,9.6873,20.4,24,0.0053075418038862395,0.0114,30.5355286548,114.4185965199,0.024974421148487164
1770,DATA13,DATA13,2021-11-18 05:14:30.000000,1321247670.0,30.535454418,114.418731818,9.0621,7.8,24,0.0053075418038862395,0.0114,30.5354546072,114.4187317958,0.021082941226118975
1771,DATA13,DATA13,2021-11-18 05:14:31.000000,1321247671.0,30.53541666,114.418800765,8.7105,12.9,24,0.0053075418038862395,0.0114,30.5354167686,114.4188007626,0.012041780421593994
1772,DATA13,DATA13,2021-11-18 05:14:32.000000,1321247672.0,30.535378137,114.418870589,8.4104,11.4,24,0.0053075418038862395,0.0114,30.5353782984,114.4188706455,0.018696521169407888
1773,DATA13,DATA13,2021-11-18 05:14:33.000000,1321247673.0,30.535338868,114.418941099,8.0442,23.9,23,0.0054451813560247924,0.0122,30.5353389693,114.4189410941,0.011240125987909485
1774,DATA13,DATA13,2021-11-18 05:14:34.000000,1321247674.0,30.535298939,114.419012093,7.6919,24.0,23,0.005374011537017762,0.0121,30.5352990459,114.4190121396,0.012666768433970648
1775,DATA13,DATA13,2021-11-18 05:14:35.000000,1321247675.0,30.535258903,114.419083923,7.3299,18.7,22,0.0054451813560247924,0.0127,30.5352589064,114.4190838941,0.0027988690903653062
1776,DATA13,DATA13,2021-11-18 05:14:36.000000,1321247676.0,30.535218696,114.419156421,6.9891,34.3,23,0.005374011537017762,0.0121,30.5352187078,114.4191564459,0.0027241654797457763
1777,DATA13,DATA13,2021-11-18 05:14:37.000000,1321247677.0,30.535178456,114.419229765,6.6508,29.2,22,0.005805170109479997,0.0136,30.5351784708,114.4192297563,0.0018409536381028015
1778,DATA13,DATA13,2021-11-18 05:14:38.000000,1321247678.0,30.535138543,114.419304009,6.2812,23.0,22,0.005805170109479997,0.0136,30.5351384953,114.4193040403,0.006081623096567883
1779,DATA13,DATA13,2021-11-18 05:14:39.000000,1321247679.0,30.535098565,114.419378649,5.9778,26.9,22,0.005805170109479997,0.0136,30.5350985354,114.4193786848,0.004750908102804067
1780,DATA13,DATA13,2021-11-18 05:14:40.000000,1321247680.0,30.535058683,114.419453162,5.7317,14.2,22,0.005805170109479997,0.0136,30.5350586884,114.4194532221,0.005798458169409679
1781,DATA13,DATA13,2021-11-18 05:14:41.000000,1321247681.0,30.535018846,114.41952716,5.467,25.8,21,0.00608276253029822,0.0148,30.5350187235,114.4195271234,0.014027384142977318
1782,DATA13,DATA13,2021-11-18 05:15:28.000000,1321247728.0,30.534372674,114.422771203,11.1,17.1,23,0.007083784299369934,0.0165,30.5343720445,114.4227707138,0.08410847112182515
1783,DATA13,DATA13,2021-11-18 05:15:30.000000,1321247730.0,30.534364847,114.422895325,10.9822,23.4,23,0.007083784299369934,0.0165,30.534364338,114.4228948949,0.06991270825938732
1784,DATA13,DATA13,2021-11-18 05:15:32.000000,1321247732.0,30.53435393,114.423030425,11.0099,12.0,23,0.007083784299369934,0.0165,30.5343535382,114.4230301058,0.05315054082771067
1785,DATA13,DATA13,2021-11-18 05:15:34.000000,1321247734.0,30.534338752,114.423178193,10.9769,12.7,23,0.005798275605729691,0.0138,30.5343384341,114.4231779668,0.041391711677796615
1786,DATA13,DATA13,2021-11-18 05:15:35.000000,1321247735.0,30.534329977,114.423254251,10.9351,21.2,22,0.005798275605729691,0.0138,30.534329734,114.4232540995,0.03061218666658149
1787,DATA13,DATA13,2021-11-18 05:15:36.000000,1321247736.0,30.53432157,114.42332906,10.9277,11.2,22,0.005798275605729691,0.0138,30.5343213714,114.4233290023,0.022702744643145065
1788,DATA13,DATA13,2021-11-18 05:15:37.000000,1321247737.0,30.534313761,114.423401247,10.9067,14.2,22,0.005728001396647875,0.0143,30.5343136479,114.4234012265,0.012691852889653778
1789,DATA13,DATA13,2021-11-18 05:15:39.000000,1321247739.0,30.534301638,114.423534112,10.8627,3.6,20,0.006365532185135819,0.0146,30.5343014043,114.4235341417,0.02606467850117528
1790,DATA13,DATA13,2021-11-18 05:15:40.000000,1321247740.0,30.534296372,114.423593987,10.8535,5.3,16,0.008521150157109074,0.0153,30.5342962423,114.4235940316,0.015002253883177415
1791,DATA13,DATA13,2021-11-18 05:15:42.000000,1321247742.0,30.534285203,114.423709983,10.8072,5.7,18,0.008852683209061532,0.0186,30.5342851732,114.4237100742,0.009354817032070853
1792,DATA13,DATA13,2021-11-18 05:15:43.000000,1321247743.0,30.534278386,114.423765816,10.7675,9.2,18,0.014612323566086265,0.0228,30.5342786172,114.4237660498,0.034064138093025054
1793,DATA13,DATA13,2021-11-18 05:15:44.000000,1321247744.0,30.534271229,114.423820714,10.7743,9.4,18,0.009762171889492625,0.017,30.5342713642,114.423820939,0.026284577832839124
1794,DATA13,DATA13,2021-11-18 05:15:45.000000,1321247745.0,30.534262972,114.423875205,10.7517,7.0,17,0.013507405376311173,0.0227,30.5342630924,114.4238753023,0.016289568076697406
1795,DATA13,DATA13,2021-11-18 05:15:46.000000,1321247746.0,30.534253081,114.423928417,10.7532,20.1,17,0.013507405376311173,0.0227,30.5342532212,114.4239287115,0.03225382717802763
1796,DATA13,DATA13,2021-11-18 05:15:47.000000,1321247747.0,30.534241968,114.423980651,10.7219,6.9,17,0.013507405376311173,0.0227,30.5342421233,114.4239808487,0.02561971120353214
1797,DATA13,DATA13,2021-11-18 05:15:48.000000,1321247748.0,30.534229735,114.424032804,10.7178,3.8,15,0.013507405376311173,0.0228,30.5342297397,114.4240329437,0.013416494334448395
1798,DATA13,DATA13,2021-11-18 05:15:49.000000,1321247749.0,30.534214346,114.424086351,10.7097,7.0,16,0.013507405376311173,0.0228,30.5342145709,114.4240865098,0.029221240728128622
1799,DATA13,DATA13,2021-11-18 05:15:52.000000,1321247752.0,30.534157681,114.424241884,10.6604,5.0,19,0.009762171889492625,0.017,30.5341578148,114.424241984,0.017666929972809536
1800,DATA13,DATA13,2021-11-18 05:15:53.000000,1321247753.0,30.534133753,114.424293085,10.6588,7.7,18,0.009617692030835673,0.0155,30.5341337594,114.4242931206,0.0034892717517952293
1801,DATA13,DATA13,2021-11-18 05:15:54.000000,1321247754.0,30.534106814,114.424343572,10.6199,19.1,17,0.009617692030835673,0.0155,30.5341068931,114.4243436833,0.013819595776026039
1802,DATA13,DATA13,2021-11-18 05:15:55.000000,1321247755.0,30.534078211,114.424392548,10.6239,11.6,19,0.009404786015641186,0.0151,30.5340780512,114.4243925576,0.01773963465253664
1803,DATA13,DATA13,2021-11-18 05:16:29.000000,1321247789.0,30.532699483,114.425142424,10.1549,3.9,19,0.010324727599312246,0.0203,30.5326989667,114.4251421453,0.063178490120349
1804,DATA13,DATA13,2021-11-18 05:16:31.000000,1321247791.0,30.532632368,114.425135234,10.1924,4.5,22,0.010324727599312246,0.0203,30.532631367,114.4251348147,0.11804267086334977
1805,DATA13,DATA13,2021-11-18 05:16:32.000000,1321247792.0,30.532600495,114.42512642,10.182,4.5,22,0.006788225099390856,0.0144,30.5325997731,114.4251260639,0.08702193781031246
1806,DATA13,DATA13,2021-11-18 05:16:33.000000,1321247793.0,30.532569776,114.425113224,10.1453,3.7,22,0.006788225099390856,0.0144,30.5325691728,114.4251128777,0.07467455306873493
1807,DATA13,DATA13,2021-11-18 05:16:34.000000,1321247794.0,30.532539568,114.425095388,10.177,4.8,22,0.006435060217278467,0.0141,30.5325390538,114.425094958,0.07037362815332456
1808,DATA13,DATA13,2021-11-18 05:16:35.000000,1321247795.0,30.532509337,114.425073196,10.221,3.2,22,0.006435060217278467,0.0141,30.5325088539,114.4250726016,0.07824493031672063
1809,DATA13,DATA13,2021-11-18 05:16:36.000000,1321247796.0,30.532479634,114.425046403,10.2062,12.9,21,0.007823681997627459,0.0166,30.5324791346,114.4250459782,0.06875421797584005
1810,DATA13,DATA13,2021-11-18 05:16:38.000000,1321247798.0,30.532419311,114.424980444,10.1916,3.1,16,0.008697700845625813,0.0145,30.5324187598,114.4249797795,0.08832156587122582
1811,DATA13,DATA13,2021-11-18 05:16:41.000000,1321247801.0,30.532322623,114.424859673,10.3691,3.5,21,0.008481155581640983,0.019,30.5323220904,114.4248587682,0.10500459599690148
1812,DATA13,DATA13,2021-11-18 05:16:42.000000,1321247802.0,30.532289567,114.424816099,10.3736,4.2,21,0.00909065454189081,0.0228,30.5322889363,114.4248150678,0.12117035126220738
1813,DATA13,DATA13,2021-11-18 05:16:43.000000,1321247803.0,30.532256733,114.42477117,10.4186,8.0,23,0.007621679604916491,0.0161,30.5322562039,114.4247701637,0.11299017581482441
1814,DATA13,DATA13,2021-11-18 05:16:44.000000,1321247804.0,30.532224807,114.424726423,10.491,4.6,23,0.00736002717386288,0.0147,30.5322244318,114.4247253083,0.11477715282256275
1815,DATA13,DATA13,2021-11-18 05:16:46.000000,1321247806.0,30.5321597,114.424637531,10.5708,3.9,22,0.007267048919609665,0.0145,30.5321596102,114.4246363373,0.11498815766599421
1816,DATA13,DATA13,2021-11-18 05:16:47.000000,1321247807.0,30.532124362,114.424592616,10.6587,5.5,22,0.008077747210701756,0.0147,30.5321244398,114.4245913817,0.1187663142606174
1817,DATA13,DATA13,2021-11-18 05:16:48.000000,1321247808.0,30.532089135,114.42454844,10.692,3.6,22,0.00816333265278342,0.0148,30.5320892942,114.4245471495,0.12509739785348564
1818,DATA13,DATA13,2021-11-18 05:16:49.000000,1321247809.0,30.532054399,114.424505514,10.7308,6.0,23,0.008405950273467005,0.0161,30.5320544463,114.4245041683,0.12925000794790165
1819,DATA13,DATA13,2021-11-18 05:16:50.000000,1321247810.0,30.532019135,114.424463609,10.7644,6.5,23,0.008405950273467005,0.0161,30.5320191435,114.4244622097,0.13429081144753768
1820,DATA13,DATA13,2021-11-18 05:16:54.000000,1321247814.0,30.531864653,114.424313901,10.9606,3.9,23,0.006717886572427373,0.0143,30.5318648303,114.424312936,0.09467185394639899
1821,DATA13,DATA13,2021-11-18 05:16:55.000000,1321247815.0,30.531822085,114.424283342,11.0285,4.7,22,0.006717886572427373,0.0143,30.5318223627,114.4242822844,0.10606199512246167
1822,DATA13,DATA13,2021-11-18 05:16:56.000000,1321247816.0,30.531778082,114.424255915,11.0661,6.2,22,0.006648308055437865,0.0138,30.531778375,114.4242550133,0.0924298843138678
1823,DATA13,DATA13,2021-11-18 05:16:58.000000,1321247818.0,30.531685753,114.424212499,11.1482,7.5,23,0.006435060217278467,0.0143,30.5316860394,114.4242117936,0.07477187557851409
1824,DATA13,DATA13,2021-11-18 05:16:59.000000,1321247819.0,30.531637826,114.424196208,11.2022,6.8,22,0.006648308055437865,0.0162,30.5316381328,114.4241955489,0.0718172753812465
1825,DATA13,DATA13,2021-11-18 05:17:00.000000,1321247820.0,30.531589011,114.424183976,11.2316,10.6,22,0.006648308055437865,0.0162,30.5315893095,114.4241833255,0.07065586978889972
1826,DATA13,DATA13,2021-11-18 05:17:01.000000,1321247821.0,30.531539172,114.424175817,11.3118,7.8,21,0.0059413803110051795,0.0134,30.531539583,114.4241752519,0.07083187766310621
1827,DATA13,DATA13,2021-11-18 05:17:02.000000,1321247822.0,30.531488805,114.424171678,11.2972,6.7,23,0.0059413803110051795,0.0134,30.5314890967,114.4241710752,0.06627477187483509
1828,DATA13,DATA13,2021-11-18 05:17:03.000000,1321247823.0,30.531437866,114.424171048,11.3382,15.4,24,0.0054451813560247924,0.0126,30.5314381775,114.4241705146,0.06174880704173245
1829,DATA13,DATA13,2021-11-18 05:17:04.000000,1321247824.0,30.53138723,114.424174146,11.4091,11.3,23,0.0054451813560247924,0.0126,30.531387568,114.4241735952,0.06479352622062018
1830,DATA13,DATA13,2021-11-18 05:17:05.000000,1321247825.0,30.53133741,114.42418079,11.4257,16.0,23,0.0054451813560247924,0.0126,30.5313376868,114.4241802384,0.06118737012669253
1831,DATA13,DATA13,2021-11-18 05:17:06.000000,1321247826.0,30.531288464,114.424191348,11.4455,11.0,23,0.0054451813560247924,0.0126,30.5312886925,114.4241908234,0.05635888261186553
1832,DATA13,DATA13,2021-11-18 05:17:11.000000,1321247831.0,30.531063133,114.424299486,11.6937,9.4,21,0.006030754513325841,0.0135,30.5310635506,114.4242984885,0.10633569461988081
1833,DATA13,DATA13,2021-11-18 05:17:13.000000,1321247833.0,30.530983997,114.424367524,11.7825,5.9,20,0.006236986451805071,0.0143,30.5309842784,114.4243663474,0.11714694802483289
1834,DATA13,DATA13,2021-11-18 05:17:15.000000,1321247835.0,30.530910004,114.42444216,11.8757,8.7,19,0.006312685640834652,0.0151,30.5309102762,114.4244409555,0.1194683047390589
1835,DATA13,DATA13,2021-11-18 05:17:20.000000,1321247840.0,30.530737025,114.424629993,12.0827,21.2,22,0.00793095202355934,0.016,30.5307372245,114.4246288933,0.10782957761898238
1836,DATA13,DATA13,2021-11-18 05:17:21.000000,1321247841.0,30.530701408,114.424668089,12.1046,24.1,23,0.006576473218982953,0.0145,30.5307016298,114.4246670242,0.10510450590775916
1837,DATA13,DATA13,2021-11-18 05:17:24.000000,1321247844.0,30.530586745,114.424773028,12.1737,10.2,21,0.006576473218982953,0.0145,30.530586998,114.4247719444,0.10770812897778452
1838,DATA13,DATA13,2021-11-18 05:17:25.000000,1321247845.0,30.530545594,114.424799973,12.2373,11.5,22,0.006576473218982953,0.0137,30.5305458306,114.424798757,0.11960990120185021
1839,DATA13,DATA13,2021-11-18 05:17:33.000000,1321247853.0,30.530164358,114.424807157,12.1484,4.7,23,0.008823831367382311,0.0164,30.5301643351,114.4248065324,0.059996271885398036
1840,DATA13,DATA13,2021-11-18 05:17:44.000000,1321247864.0,30.529743371,114.424457368,11.5639,11.8,24,0.006700746227100382,0.0132,30.5297436889,114.4244574136,0.03551357573220468
1841,DATA13,DATA13,2021-11-18 05:17:45.000000,1321247865.0,30.529708223,114.424428034,11.531,12.2,24,0.006640030120413611,0.0126,30.5297085028,114.4244280719,0.03123160259944752
1842,DATA13,DATA13,2021-11-18 05:17:46.000000,1321247866.0,30.529671691,114.424397279,11.4682,13.8,23,0.006543699259593155,0.013,30.5296719681,114.424397223,0.031186320635532318
1843,DATA13,DATA13,2021-11-18 05:17:47.000000,1321247867.0,30.529633269,114.424364577,11.3926,7.5,24,0.006543699259593155,0.013,30.5296335816,114.4243645453,0.03478861774838369
1844,DATA13,DATA13,2021-11-18 05:17:51.000000,1321247871.0,30.529464349,114.42422843,11.2652,10.8,22,0.00912688336728371,0.0156,30.5294647463,114.4242284056,0.044107522034128314
1845,DATA13,DATA13,2021-11-18 05:17:52.000000,1321247872.0,30.529419217,114.424195126,11.1772,16.1,24,0.008798295289429652,0.0153,30.5294196074,114.4241950857,0.043452834963817376
1846,DATA13,DATA13,2021-11-18 05:17:53.000000,1321247873.0,30.529372909,114.42416097,11.0982,24.5,23,0.009291393867445293,0.0178,30.529373263,114.4241609146,0.03960351628650295
1847,DATA13,DATA13,2021-11-18 05:17:54.000000,1321247874.0,30.529325572,114.424125915,10.9429,9.5,24,0.008798295289429652,0.0153,30.529325961,114.424125889,0.043197290838681915
1848,DATA13,DATA13,2021-11-18 05:17:56.000000,1321247876.0,30.5292275,114.424052623,10.3873,21.5,24,0.008490583018850943,0.0136,30.5292278441,114.4240524809,0.04051182631841424
1849,DATA13,DATA13,2021-11-18 05:17:57.000000,1321247877.0,30.529175905,114.424013707,10.1008,18.3,24,0.00618465843842649,0.0132,30.5291762129,114.4240135774,0.036329701254321986
1850,DATA13,DATA13,2021-11-18 05:17:58.000000,1321247878.0,30.529122866,114.423973699,9.7911,15.4,23,0.006236986451805071,0.0143,30.5291231554,114.4239735121,0.036756936229369
1851,DATA13,DATA13,2021-11-18 05:17:59.000000,1321247879.0,30.529068666,114.423932732,9.5234,26.3,24,0.006236986451805071,0.0143,30.529068975,114.4239325565,0.038172892045625406
1852,DATA13,DATA13,2021-11-18 05:18:00.000000,1321247880.0,30.529013802,114.42389105,9.2349,20.9,24,0.006236986451805071,0.0143,30.5290141177,114.4238909077,0.037569039807866224
1853,DATA13,DATA13,2021-11-18 05:18:01.000000,1321247881.0,30.528958022,114.423848785,8.9314,19.0,24,0.006236986451805071,0.0143,30.5289583414,114.4238486418,0.03798262780713389
1854,DATA13,DATA13,2021-11-18 05:18:02.000000,1321247882.0,30.528901328,114.423805398,8.5784,19.3,24,0.005966573556070519,0.013,30.5289016481,114.4238052262,0.03913001400903068
1855,DATA13,DATA13,2021-11-18 05:18:03.000000,1321247883.0,30.528843923,114.423760255,8.2316,14.3,24,0.005162363799656123,0.0115,30.5288442145,114.4237600754,0.03662546249614499
1856,DATA13,DATA13,2021-11-18 05:18:04.000000,1321247884.0,30.528786647,114.423712777,7.9211,28.9,24,0.005374011537017762,0.012,30.5287869806,114.4237125741,0.04179652686736063
1857,DATA13,DATA13,2021-11-18 05:18:06.000000,1321247886.0,30.528673667,114.423609758,7.2228,13.1,24,0.005162363799656123,0.0115,30.5286740213,114.4236095028,0.04628851363294204
1858,DATA13,DATA13,2021-11-18 05:18:07.000000,1321247887.0,30.528618234,114.423553894,6.8672,20.1,24,0.005162363799656123,0.0115,30.5286188115,114.423553076,0.1013005167093424
1859,DATA13,DATA13,2021-11-18 05:18:47.000000,1321247927.0,30.526287585,114.42239909,10.0374,8.6,13,0.007920858539325141,0.0172,30.5262874997,114.4223993469,0.026406821965539878
1860,DATA13,DATA13,2021-11-18 05:18:48.000000,1321247928.0,30.526223964,114.422392512,10.385,5.5,13,0.007920858539325141,0.0172,30.526223879,114.4223927563,0.025269060485597735
1861,DATA13,DATA13,2021-11-18 05:18:49.000000,1321247929.0,30.526160416,114.422385849,10.7595,11.3,13,0.007920858539325141,0.0172,30.5261603434,114.4223860688,0.022578220658174265
1862,DATA13,DATA13,2021-11-18 05:18:50.000000,1321247930.0,30.526097449,114.42237919,11.1183,19.3,13,0.007920858539325141,0.0172,30.5260974036,114.4223793961,0.020410431995507013
1863,DATA13,DATA13,2021-11-18 05:18:51.000000,1321247931.0,30.526035964,114.422372645,11.4408,23.8,21,0.006859300255857006,0.0163,30.5260358987,114.4223728386,0.019940935392326893
1864,DATA13,DATA13,2021-11-18 05:18:52.000000,1321247932.0,30.525977259,114.422366249,11.7348,24.2,25,0.005869412236331676,0.0137,30.5259771963,114.4223663923,0.01540980384276765
1865,DATA13,DATA13,2021-11-18 05:18:53.000000,1321247933.0,30.52592135,114.422360276,11.9961,13.8,24,0.005869412236331676,0.0137,30.5259212851,114.4223604018,0.014054743307024652
1866,DATA13,DATA13,2021-11-18 05:18:54.000000,1321247934.0,30.525867693,114.42235461,12.2329,17.3,24,0.005869412236331676,0.0137,30.5258676381,114.4223547251,0.01261228928513172
1867,DATA13,DATA13,2021-11-18 05:18:55.000000,1321247935.0,30.525816118,114.42234931,12.4515,18.6,24,0.005162363799656123,0.0115,30.5258160804,114.4223494011,0.009686032683357692
1868,DATA13,DATA13,2021-11-18 05:18:56.000000,1321247936.0,30.525766631,114.422344282,12.6109,14.3,24,0.005162363799656123,0.0115,30.5257666041,114.4223443875,0.010555273053473315
1869,DATA13,DATA13,2021-11-18 05:19:00.000000,1321247940.0,30.525576866,114.422325457,12.9631,18.4,24,0.005162363799656123,0.0115,30.5255768722,114.4223255395,0.007947632181428355
1870,DATA13,DATA13,2021-11-18 05:19:01.000000,1321247941.0,30.525529322,114.422322221,12.9998,15.7,24,0.005162363799656123,0.0115,30.5255293426,114.4223222913,0.007123003983332819
1871,DATA13,DATA13,2021-11-18 05:19:02.000000,1321247942.0,30.525480172,114.422320431,13.0503,12.6,24,0.005162363799656123,0.0115,30.5254801936,114.4223205373,0.010479308719631434
1872,DATA13,DATA13,2021-11-18 05:19:03.000000,1321247943.0,30.525428682,114.422320365,13.1737,12.5,23,0.005954829972383762,0.013,30.5254287139,114.4223204623,0.00998550172519839
1873,DATA13,DATA13,2021-11-18 05:19:27.000000,1321247967.0,30.524166478,114.422221943,14.3366,11.0,23,0.00630317380372777,0.0146,30.5241664249,114.4222220235,0.0097131466237201
1874,DATA13,DATA13,2021-11-18 05:19:40.000000,1321247980.0,30.523551307,114.422120324,15.0781,3.7,20,0.006670832032063167,0.0151,30.5235513081,114.4221203299,0.0005792405452778559
1875,DATA13,DATA13,2021-11-18 05:19:42.000000,1321247982.0,30.523467083,114.422095098,15.3756,6.5,24,0.006652818951391959,0.0144,30.5234670692,114.4220953461,0.02386076785064951
1876,DATA13,DATA13,2021-11-18 05:19:45.000000,1321247985.0,30.523369498,114.422025592,16.1078,30.1,23,0.006529931086925803,0.0122,30.523369534,114.4220259229,0.032008317841219755
1877,DATA13,DATA13,2021-11-18 05:19:46.000000,1321247986.0,30.523345811,114.421997027,16.3183,31.8,25,0.006717886572427373,0.0161,30.5233458171,114.4219973031,0.02650766660462906
1878,DATA13,DATA13,2021-11-18 05:19:47.000000,1321247987.0,30.523325373,114.42196552,16.4944,29.8,25,0.006505382386916237,0.0151,30.5233254129,114.4219658113,0.028305645586974015
1879,DATA13,DATA13,2021-11-18 05:19:48.000000,1321247988.0,30.523308471,114.42193077,16.663,33.9,25,0.006505382386916237,0.0151,30.5233084943,114.4219310854,0.030380928140714476
1880,DATA13,DATA13,2021-11-18 05:19:49.000000,1321247989.0,30.523295443,114.421892478,16.8481,31.7,25,0.005232590180780452,0.0105,30.5232955051,114.4218927411,0.02617303402170445
1881,DATA13,DATA13,2021-11-18 05:19:50.000000,1321247990.0,30.523286643,114.42185022,17.0261,35.2,25,0.005232590180780452,0.0105,30.5232867131,114.4218504682,0.025056935127880757
1882,DATA13,DATA13,2021-11-18 05:19:51.000000,1321247991.0,30.523281841,114.421804737,17.229,24.0,25,0.005091168824543142,0.0105,30.5232819271,114.4218049947,0.026511064779004157
1883,DATA13,DATA13,2021-11-18 05:19:52.000000,1321247992.0,30.523280559,114.421755947,17.4386,30.2,25,0.004949747468305833,0.0105,30.5232806541,114.4217561885,0.02546343094707941
1884,DATA13,DATA13,2021-11-18 05:19:53.000000,1321247993.0,30.523282759,114.421703377,17.6393,17.2,25,0.004949747468305833,0.0105,30.5232828838,114.4217036168,0.026853635344190472
1885,DATA13,DATA13,2021-11-18 05:19:54.000000,1321247994.0,30.523286553,114.421647238,17.8342,18.5,25,0.005162363799656123,0.0115,30.5232866694,114.421647482,0.026738247344096903
1886,DATA13,DATA13,2021-11-18 05:19:55.000000,1321247995.0,30.523291055,114.421587807,18.0643,12.5,24,0.005162363799656123,0.0115,30.5232911322,114.4215880194,0.022109083283875133
1887,DATA13,DATA13,2021-11-18 05:19:56.000000,1321247996.0,30.523295295,114.421524993,18.3296,20.9,24,0.005162363799656123,0.0115,30.5232953768,114.4215252142,0.02308567941022522
1888,DATA13,DATA13,2021-11-18 05:19:57.000000,1321247997.0,30.523298385,114.42145963,18.618,14.5,24,0.005162363799656123,0.0115,30.5232984831,114.421459876,0.02599456520960548
1889,DATA13,DATA13,2021-11-18 05:19:58.000000,1321247998.0,30.523300598,114.421392626,18.8982,18.5,24,0.005162363799656123,0.0115,30.5233007036,114.421392893,0.028173195851744343
1890,DATA13,DATA13,2021-11-18 05:19:59.000000,1321247999.0,30.523302596,114.421325716,19.1607,15.7,24,0.005162363799656123,0.0115,30.5233026777,114.4213259785,0.02677243329495598
1891,DATA13,DATA13,2021-11-18 05:20:00.000000,1321248000.0,30.523304118,114.421259568,19.4173,15.3,24,0.005162363799656123,0.0115,30.5233042064,114.4212597952,0.023906844738648354
1892,DATA13,DATA13,2021-11-18 05:20:01.000000,1321248001.0,30.523305917,114.421194151,19.6726,18.9,24,0.005162363799656123,0.0115,30.5233060358,114.4211943942,0.026800775119996394
1893,DATA13,DATA13,2021-11-18 05:20:02.000000,1321248002.0,30.523308564,114.421132235,19.8901,27.4,24,0.005162363799656123,0.0115,30.5233086177,114.4211324239,0.019082340370659555
1894,DATA13,DATA13,2021-11-18 05:20:03.000000,1321248003.0,30.523313504,114.421073891,20.1019,16.8,24,0.005162363799656123,0.0115,30.5233135718,114.4210740857,0.020141629399531152
1895,DATA13,DATA13,2021-11-18 05:20:04.000000,1321248004.0,30.523320785,114.421017443,20.2437,6.2,24,0.005162363799656123,0.0115,30.5233209265,114.4210176096,0.02239974818769265
1896,DATA13,DATA13,2021-11-18 05:20:05.000000,1321248005.0,30.523329548,114.420961307,20.313,9.3,24,0.005162363799656123,0.0115,30.5233295977,114.4209614335,0.013332746402200897
1897,DATA13,DATA13,2021-11-18 05:20:06.000000,1321248006.0,30.523339312,114.420905857,20.3733,22.2,24,0.005162363799656123,0.0115,30.5233393505,114.4209059952,0.013933737097627656
1898,DATA13,DATA13,2021-11-18 05:20:07.000000,1321248007.0,30.523350059,114.420851225,20.4316,17.1,23,0.005374011537017762,0.012,30.5233500946,114.4208513912,0.016432253529591438
1899,DATA13,DATA13,2021-11-18 05:20:08.000000,1321248008.0,30.523362231,114.420796301,20.5116,16.2,23,0.005374011537017762,0.012,30.5233622864,114.4207964017,0.011451180601154588
1900,DATA13,DATA13,2021-11-18 05:20:09.000000,1321248009.0,30.52337649,114.420740316,20.5392,14.4,23,0.005374011537017762,0.012,30.5233764957,114.4207403676,0.00499252746884345
1901,DATA13,DATA13,2021-11-18 05:20:10.000000,1321248010.0,30.523391963,114.420683111,20.5029,22.5,25,0.005162363799656123,0.0115,30.523392006,114.4206832324,0.012588987961914598
1902,DATA13,DATA13,2021-11-18 05:20:11.000000,1321248011.0,30.523408215,114.420624984,20.4457,12.3,24,0.005162363799656123,0.0115,30.523408262,114.4206250542,0.008517255217401626
1903,DATA13,DATA13,2021-11-18 05:20:12.000000,1321248012.0,30.523425426,114.420565712,20.3248,19.1,24,0.005162363799656123,0.0115,30.5234254521,114.4205657707,0.006333404746143567
1904,DATA13,DATA13,2021-11-18 05:20:13.000000,1321248013.0,30.523443171,114.420506883,20.2243,13.9,24,0.005162363799656123,0.0115,30.5234432027,114.4205069427,0.006721665019890651
1905,DATA13,DATA13,2021-11-18 05:20:14.000000,1321248014.0,30.523462358,114.420447301,20.0717,14.3,24,0.005162363799656123,0.0115,30.5234623778,114.4204473701,0.006985781638735258
1906,DATA13,DATA13,2021-11-18 05:20:15.000000,1321248015.0,30.523483197,114.420385783,19.8856,16.3,24,0.005162363799656123,0.0115,30.5234832824,114.4203858323,0.010584114463601375
1907,DATA13,DATA13,2021-11-18 05:20:16.000000,1321248016.0,30.523507192,114.420321375,19.6276,10.4,24,0.005162363799656123,0.0115,30.5235072172,114.4203214281,0.005811836638237364
1908,DATA13,DATA13,2021-11-18 05:20:17.000000,1321248017.0,30.523534036,114.420254674,19.3522,29.1,23,0.005303772242470448,0.0122,30.5235340862,114.4202547423,0.008598969532723053
1909,DATA13,DATA13,2021-11-18 05:20:18.000000,1321248018.0,30.523563688,114.420186834,19.0569,21.8,23,0.005303772242470448,0.0122,30.5235637308,114.4201868964,0.0076407372615811976
1910,DATA13,DATA13,2021-11-18 05:20:19.000000,1321248019.0,30.523595824,114.420118772,18.8108,20.0,23,0.0054451813560247924,0.0128,30.5235958931,114.4201188712,0.012220063465143096
1911,DATA13,DATA13,2021-11-18 05:20:20.000000,1321248020.0,30.523629684,114.420051001,18.5595,27.9,22,0.0054451813560247924,0.0128,30.523629724,114.4200511027,0.010720861625707869
1912,DATA13,DATA13,2021-11-18 05:20:21.000000,1321248021.0,30.523665227,114.419983991,18.2962,24.5,23,0.0054451813560247924,0.0128,30.523665281,114.4199841145,0.013279038629964813
1913,DATA13,DATA13,2021-11-18 05:20:22.000000,1321248022.0,30.523701503,114.419916944,18.0357,21.6,23,0.005303772242470448,0.0122,30.5237016271,114.4199170933,0.019864709501037452
1914,DATA13,DATA13,2021-11-18 05:20:23.000000,1321248023.0,30.52373875,114.419849681,17.7797,14.0,23,0.005303772242470448,0.0122,30.5237388205,114.4198498104,0.014673932716661585
1915,DATA13,DATA13,2021-11-18 05:20:24.000000,1321248024.0,30.523777115,114.419783032,17.512,12.7,23,0.0054451813560247924,0.0128,30.5237771993,114.4197831428,0.014157169196692956
1916,DATA13,DATA13,2021-11-18 05:20:25.000000,1321248025.0,30.52381711,114.419716813,17.2812,13.0,21,0.005738466694161429,0.0137,30.5238172246,114.4197169524,0.018450169862585037
1917,DATA13,DATA13,2021-11-18 05:20:26.000000,1321248026.0,30.523858255,114.419651236,17.0434,28.8,21,0.00615223536610881,0.0146,30.523858344,114.4196513586,0.015355941469745374
1918,DATA13,DATA13,2021-11-18 05:20:27.000000,1321248027.0,30.5239014,114.419587072,16.7743,19.5,20,0.006506919393998976,0.015,30.5239014536,114.4195871796,0.011914535394543457
1919,DATA13,DATA13,2021-11-18 05:20:28.000000,1321248028.0,30.523946275,114.41952457,16.5891,15.8,20,0.006720863039818622,0.0157,30.5239463544,114.4195246573,0.012152558233524954
1920,DATA13,DATA13,2021-11-18 05:20:29.000000,1321248029.0,30.523993188,114.419463242,16.4529,11.0,20,0.006293647591023825,0.0151,30.5239932622,114.4194633137,0.01072475284742117
1921,DATA13,DATA13,2021-11-18 05:20:30.000000,1321248030.0,30.524040847,114.419403154,16.3484,7.1,20,0.006293647591023825,0.0151,30.5240409023,114.4194032176,0.008651255323098446
1922,DATA13,DATA13,2021-11-18 05:20:31.000000,1321248031.0,30.524087905,114.419344959,16.2826,17.5,19,0.006720863039818622,0.0157,30.5240879466,114.4193450286,0.008117272346471496
1923,DATA13,DATA13,2021-11-18 05:20:32.000000,1321248032.0,30.52413397,114.41928871,16.2771,9.7,21,0.006293647591023825,0.0151,30.5241340042,114.4192887863,0.008246239958312996
1924,DATA13,DATA13,2021-11-18 05:20:33.000000,1321248033.0,30.524179629,114.419233839,16.353,15.7,22,0.006014149981501958,0.0145,30.5241796741,114.4192338902,0.007010380221986476
1925,DATA13,DATA13,2021-11-18 05:20:34.000000,1321248034.0,30.524224575,114.419180609,16.4498,25.3,22,0.006014149981501958,0.0145,30.5242246197,114.4191806743,0.007989668886189872
1926,DATA13,DATA13,2021-11-18 05:20:35.000000,1321248035.0,30.524268623,114.419129348,16.5893,16.1,23,0.006014149981501958,0.0145,30.5242687005,114.4191294061,0.01024266833432867
1927,DATA13,DATA13,2021-11-18 05:20:36.000000,1321248036.0,30.524310908,114.419080339,16.6869,18.4,23,0.006014149981501958,0.0145,30.5243109392,114.4190803704,0.004587569940831974
1928,DATA13,DATA13,2021-11-18 05:20:37.000000,1321248037.0,30.524351148,114.419032847,16.8311,20.3,23,0.006014149981501958,0.0145,30.5243511959,114.4190328931,0.0069119327576360355
1929,DATA13,DATA13,2021-11-18 05:20:38.000000,1321248038.0,30.524389924,114.418986222,16.9242,13.2,23,0.006014149981501958,0.0145,30.5243899593,114.4189863046,0.008840865620304469
1930,DATA13,DATA13,2021-11-18 05:20:39.000000,1321248039.0,30.524428024,114.418940349,17.0514,16.0,23,0.0062289646009589745,0.015,30.5244280594,114.4189404247,0.008257518364533506
1931,DATA13,DATA13,2021-11-18 05:20:40.000000,1321248040.0,30.524466099,114.418894935,17.1707,9.9,23,0.006717886572427373,0.0172,30.5244661402,114.418895012,0.008687659273956844
1932,DATA13,DATA13,2021-11-18 05:20:42.000000,1321248042.0,30.524543468,114.418801599,17.4364,17.0,22,0.006648308055437865,0.0154,30.5245434794,114.4188016487,0.0049345488094394785
1933,DATA13,DATA13,2021-11-18 05:20:43.000000,1321248043.0,30.524583245,114.418753245,17.5918,4.3,23,0.006222539674441618,0.0144,30.5245832228,114.4187531795,0.006750966781748514
1934,DATA13,DATA13,2021-11-18 05:20:45.000000,1321248045.0,30.524665197,114.418652263,17.8284,26.5,18,0.0071449282711585,0.0166,30.5246652076,114.4186523241,0.005980655937765614
1935,DATA13,DATA13,2021-11-18 05:20:46.000000,1321248046.0,30.524707726,114.418600279,17.9541,11.4,20,0.006646803743153547,0.0162,30.524707768,114.4186003582,0.008913952778515182
1936,DATA13,DATA13,2021-11-18 05:20:47.000000,1321248047.0,30.524751232,114.418547673,18.0947,11.6,21,0.006646803743153547,0.0162,30.5247512836,114.4185477053,0.006506428137735897
1937,DATA13,DATA13,2021-11-18 05:20:48.000000,1321248048.0,30.52479567,114.418494042,18.2475,18.0,21,0.006646803743153547,0.0162,30.5247957379,114.4184941164,0.010375474963742203
1938,DATA13,DATA13,2021-11-18 05:20:49.000000,1321248049.0,30.524841156,114.418439281,18.3887,18.3,20,0.006646803743153547,0.0162,30.5248412257,114.4184393509,0.010232949731166967
1939,DATA13,DATA13,2021-11-18 05:20:50.000000,1321248050.0,30.524887647,114.418383166,18.5169,17.4,21,0.006646803743153547,0.0162,30.5248876812,114.4183832475,0.008692412094011425
1940,DATA13,DATA13,2021-11-18 05:20:51.000000,1321248051.0,30.524934756,114.418326027,18.6892,27.7,22,0.006646803743153547,0.0162,30.5249348367,114.4183261401,0.014066480546690687
1941,DATA13,DATA13,2021-11-18 05:20:52.000000,1321248052.0,30.524982298,114.418268892,18.8413,7.2,22,0.006646803743153547,0.0162,30.5249823332,114.418268894,0.0039070487985075715
1942,DATA13,DATA13,2021-11-18 05:20:53.000000,1321248053.0,30.525029451,114.418212266,18.9669,24.7,21,0.006646803743153547,0.0162,30.5250295396,114.4182123628,0.013519944586203054
1943,DATA13,DATA13,2021-11-18 05:20:54.000000,1321248054.0,30.52507655,114.418156278,19.1217,15.0,21,0.006646803743153547,0.0162,30.5250766299,114.4181563816,0.013316307852721396
1944,DATA13,DATA13,2021-11-18 05:20:55.000000,1321248055.0,30.525123626,114.418100829,19.2486,9.6,22,0.006293647591023825,0.0151,30.5251237007,114.4181008741,0.009344332231546557
1945,DATA13,DATA13,2021-11-18 05:20:56.000000,1321248056.0,30.525169861,114.418045359,19.3986,10.2,20,0.006720863039818622,0.0157,30.5251699763,114.4180454762,0.01702676642915545
1946,DATA13,DATA13,2021-11-18 05:20:57.000000,1321248057.0,30.525215256,114.417991241,19.5674,18.9,20,0.006030754513325841,0.0135,30.5252152881,114.4179912665,0.0043189798122173825
1947,DATA13,DATA13,2021-11-18 05:20:58.000000,1321248058.0,30.525259384,114.41793811,19.7147,12.1,19,0.006312685640834652,0.0151,30.5252594743,114.4179382052,0.01355347806636551
1948,DATA13,DATA13,2021-11-18 05:20:59.000000,1321248059.0,30.525302812,114.4178861,19.8622,11.8,19,0.006862215385719105,0.0174,30.5253028866,114.4178861476,0.009448155883086076
1949,DATA13,DATA13,2021-11-18 05:21:00.000000,1321248060.0,30.525345642,114.417834971,19.991,18.5,22,0.006720863039818622,0.0157,30.5253456456,114.4178349624,0.0009168065127490129
1950,DATA13,DATA13,2021-11-18 05:21:01.000000,1321248061.0,30.52538756,114.417784187,20.1474,11.2,19,0.006720863039818622,0.0157,30.5253876489,114.4177843221,0.016286602494890657
1951,DATA13,DATA13,2021-11-18 05:21:03.000000,1321248063.0,30.525469488,114.417684698,20.3976,7.5,19,0.0071449282711585,0.0166,30.525469621,114.417684822,0.018948153323190966
1952,DATA13,DATA13,2021-11-18 05:21:04.000000,1321248064.0,30.525509322,114.417636615,20.5183,6.2,20,0.0071449282711585,0.0166,30.5255093839,114.4176366529,0.0077667588185068226
1953,DATA13,DATA13,2021-11-18 05:21:05.000000,1321248065.0,30.525548216,114.417589836,20.6407,14.6,19,0.007574298647399639,0.0192,30.5255482193,114.4175898038,0.0031119472672433016
1954,DATA13,DATA13,2021-11-18 05:21:06.000000,1321248066.0,30.525586582,114.417543893,20.7814,4.3,19,0.007574298647399639,0.0192,30.525586563,114.4175438332,0.006113575861803433
1955,DATA13,DATA13,2021-11-18 05:21:07.000000,1321248067.0,30.525624977,114.417497583,20.9096,20.2,20,0.006720863039818622,0.0157,30.5256251053,114.4174976929,0.017707636638529384
1956,DATA13,DATA13,2021-11-18 05:21:08.000000,1321248068.0,30.525663929,114.417451343,21.0607,5.1,21,0.006293647591023825,0.0152,30.5256640446,114.4174514306,0.015327200609843715
1957,DATA13,DATA13,2021-11-18 05:21:09.000000,1321248069.0,30.525703095,114.417405186,21.1591,13.4,21,0.0058,0.0136,30.5257031487,114.4174052401,0.007899387949041782
1958,DATA13,DATA13,2021-11-18 05:21:10.000000,1321248070.0,30.525741398,114.417359194,21.2373,3.7,20,0.0058,0.0136,30.5257413438,114.417359175,0.006279309318457932
1959,DATA13,DATA13,2021-11-18 05:21:11.000000,1321248071.0,30.525778788,114.417312371,21.3936,12.9,21,0.006293647591023825,0.0152,30.5257788439,114.4173124834,0.012440837277249988
1960,DATA13,DATA13,2021-11-18 05:21:12.000000,1321248072.0,30.525815789,114.417263787,21.4831,13.3,22,0.006293647591023825,0.0152,30.5258158362,114.4172638756,0.009984325972783308
1961,DATA13,DATA13,2021-11-18 05:21:13.000000,1321248073.0,30.525852936,114.417212642,21.5386,12.6,22,0.005946427498927403,0.0145,30.525852966,114.4172127493,0.010821737510442101
1962,DATA13,DATA13,2021-11-18 05:21:14.000000,1321248074.0,30.525889913,114.417158805,21.5891,8.4,22,0.005946427498927403,0.0145,30.5258900128,114.417158925,0.015970288231896362
1963,DATA13,DATA13,2021-11-18 05:21:16.000000,1321248076.0,30.525963861,114.417041742,21.6745,34.3,20,0.006444377394287209,0.016,30.5259639388,114.4170419087,0.018175635777511974
1964,DATA13,DATA13,2021-11-18 05:21:17.000000,1321248077.0,30.526001054,114.416977515,21.711,15.2,21,0.0071449282711585,0.0182,30.5260011116,114.4169776149,0.011519624125353832
1965,DATA13,DATA13,2021-11-18 05:21:18.000000,1321248078.0,30.526038549,114.416908751,21.7543,21.1,21,0.0071449282711585,0.0182,30.5260386136,114.4169088308,0.01048547314672738
1966,DATA13,DATA13,2021-11-18 05:21:19.000000,1321248079.0,30.526076003,114.416835371,21.7553,21.3,21,0.006444377394287209,0.016,30.5260760071,114.4168354134,0.004094587828477124
1967,DATA13,DATA13,2021-11-18 05:21:20.000000,1321248080.0,30.526112102,114.416758363,21.815,3.6,23,0.006236986451805071,0.0145,30.5261121018,114.4167584103,0.004539605302736215
1968,DATA13,DATA13,2021-11-18 05:21:21.000000,1321248081.0,30.526145465,114.416679003,21.7576,4.6,22,0.006161980201201559,0.0142,30.5261454543,114.4166790776,0.007257229033091222
1969,DATA13,DATA13,2021-11-18 05:21:22.000000,1321248082.0,30.526175088,114.416596455,21.8352,14.8,21,0.006236986451805071,0.0145,30.5261751437,114.4165965224,0.008942796315885387
1970,DATA13,DATA13,2021-11-18 05:21:23.000000,1321248083.0,30.526200627,114.41651103,21.8357,8.3,22,0.006236986451805071,0.0145,30.5262006693,114.4165111508,0.012506100036551301
1971,DATA13,DATA13,2021-11-18 05:21:24.000000,1321248084.0,30.526222948,114.416423915,21.8449,7.5,21,0.006236986451805071,0.0145,30.5262229421,114.4164240189,0.0099930754077618
1972,DATA13,DATA13,2021-11-18 05:21:25.000000,1321248085.0,30.52624258,114.416335918,21.8569,12.3,22,0.006236986451805071,0.0145,30.5262426013,114.4163360154,0.009641456000369251
1973,DATA13,DATA13,2021-11-18 05:21:26.000000,1321248086.0,30.526259152,114.416247981,21.9061,9.5,21,0.006236986451805071,0.0145,30.5262591921,114.4162480622,0.008971873757485984
1974,DATA13,DATA13,2021-11-18 05:21:27.000000,1321248087.0,30.526272586,114.416160049,21.9408,3.1,22,0.005946427498927403,0.0145,30.5262726464,114.4161601027,0.008449761393034124
1975,DATA13,DATA13,2021-11-18 05:21:28.000000,1321248088.0,30.526282766,114.416072056,21.9457,5.9,23,0.005946427498927403,0.0145,30.5262828289,114.4160721349,0.010293946381844686
1976,DATA13,DATA13,2021-11-18 05:21:29.000000,1321248089.0,30.52628959,114.415982981,21.958,12.5,21,0.005946427498927403,0.0145,30.5262896045,114.4159830354,0.005462821285446286
1977,DATA13,DATA13,2021-11-18 05:21:30.000000,1321248090.0,30.526292916,114.415891649,21.9931,6.9,23,0.005946427498927403,0.0145,30.5262929517,114.4158917278,0.00853571416444201
1978,DATA13,DATA13,2021-11-18 05:21:31.000000,1321248091.0,30.526293593,114.415798421,22.0351,11.8,24,0.0058137767414994535,0.0135,30.5262936419,114.4157984772,0.007647275888543907
1979,DATA13,DATA13,2021-11-18 05:21:32.000000,1321248092.0,30.526292086,114.415703182,22.0305,15.1,23,0.0058137767414994535,0.0135,30.5262921017,114.4157032403,0.005859715849242999
1980,DATA13,DATA13,2021-11-18 05:21:33.000000,1321248093.0,30.526288919,114.41560517,22.0692,13.8,23,0.0058137767414994535,0.0135,30.5262889733,114.4156052179,0.007574396841875015
1981,DATA13,DATA13,2021-11-18 05:21:34.000000,1321248094.0,30.526284438,114.415503577,22.104,16.1,24,0.0058137767414994535,0.0135,30.5262844854,114.4155036682,0.010209043196080134
1982,DATA13,DATA13,2021-11-18 05:21:35.000000,1321248095.0,30.526279041,114.415399215,22.2474,13.9,24,0.0058137767414994535,0.0135,30.5262791104,114.4153992803,0.009923243250607236
1983,DATA13,DATA13,2021-11-18 05:21:36.000000,1321248096.0,30.526273694,114.415293132,22.3748,26.3,24,0.0058137767414994535,0.0135,30.5262737223,114.4152932242,0.009388484357472344
1984,DATA13,DATA13,2021-11-18 05:21:37.000000,1321248097.0,30.526268243,114.415185923,22.5393,15.3,24,0.0058137767414994535,0.0135,30.5262682925,114.41518604,0.012498098499740432
1985,DATA13,DATA13,2021-11-18 05:21:38.000000,1321248098.0,30.526262768,114.415079728,22.7583,7.4,24,0.0058137767414994535,0.0135,30.5262628517,114.4150798005,0.011598148353157058
1986,DATA13,DATA13,2021-11-18 05:21:39.000000,1321248099.0,30.526257851,114.414974747,22.992,8.6,24,0.0058137767414994535,0.0133,30.5262579638,114.4149748443,0.015607130121048763
1987,DATA13,DATA13,2021-11-18 05:21:41.000000,1321248101.0,30.526248136,114.414766859,23.496,12.3,24,0.00523450093132096,0.0116,30.5262482066,114.4147669829,0.014235802772438647
1988,DATA13,DATA13,2021-11-18 05:21:42.000000,1321248102.0,30.52624272,114.414663322,23.7763,10.2,24,0.00523450093132096,0.0116,30.5262428155,114.4146634338,0.015073829281293036
1989,DATA13,DATA13,2021-11-18 05:21:43.000000,1321248103.0,30.526237169,114.41456,24.0395,14.5,24,0.00523450093132096,0.0116,30.5262372144,114.4145601352,0.013917581033858926
1990,DATA13,DATA13,2021-11-18 05:21:44.000000,1321248104.0,30.526231615,114.414457822,24.3639,7.1,24,0.00523450093132096,0.0116,30.5262317536,114.4144579335,0.018724563131884305
1991,DATA13,DATA13,2021-11-18 05:21:45.000000,1321248105.0,30.526226605,114.414359164,24.6006,5.4,24,0.00523450093132096,0.0116,30.5262267681,114.4143592996,0.02227795368487495
1992,DATA13,DATA13,2021-11-18 05:21:47.000000,1321248107.0,30.52621838,114.414175627,25.1208,11.4,24,0.00618465843842649,0.0143,30.5262184454,114.4141757194,0.011454623126861508
1993,DATA13,DATA13,2021-11-18 05:21:49.000000,1321248109.0,30.5262111,114.414010468,25.5757,6.8,22,0.00618465843842649,0.0143,30.5262112431,114.4140106551,0.023960762602320704
1994,DATA13,DATA13,2021-11-18 05:21:50.000000,1321248110.0,30.526207488,114.413930952,25.7694,7.2,20,0.006606814663663573,0.0156,30.5262077429,114.4139310714,0.0304937200442802
1995,DATA13,DATA13,2021-11-18 05:21:51.000000,1321248111.0,30.526203916,114.41385214,25.9942,14.3,22,0.006606814663663573,0.0156,30.5262039277,114.4138522645,0.012018906485860384
1996,DATA13,DATA13,2021-11-18 05:21:52.000000,1321248112.0,30.52619981,114.41377388,26.2342,8.1,22,0.006325345840347388,0.0142,30.5261998879,114.4137740328,0.01701875963427858
1997,DATA13,DATA13,2021-11-18 05:21:53.000000,1321248113.0,30.526195226,114.4136955,26.4325,8.4,21,0.0065604877867426895,0.0142,30.5261953952,114.4136956401,0.023079168332398505
1998,DATA13,DATA13,2021-11-18 05:21:54.000000,1321248114.0,30.526190539,114.413615687,26.6135,9.6,23,0.0065604877867426895,0.0142,30.5261905746,114.4136158675,0.017767125496059046
1999,DATA13,DATA13,2021-11-18 05:21:55.000000,1321248115.0,30.526185375,114.413534425,26.7951,6.6,23,0.005966573556070519,0.0132,30.5261855028,114.4135345466,0.018355769969522415
2000,DATA13,DATA13,2021-11-18 05:21:56.000000,1321248116.0,30.52618014,114.413451139,26.9214,9.2,23,0.0065604877867426895,0.0142,30.5261801714,114.4134512989,0.0157360436591651
2001,DATA13,DATA13,2021-11-18 05:21:57.000000,1321248117.0,30.526174549,114.413365984,27.0176,17.1,24,0.0063411355449950755,0.0142,30.5261746003,114.4133661315,0.015255812734003941
2002,DATA13,DATA13,2021-11-18 05:21:58.000000,1321248118.0,30.526169155,114.413279299,27.0996,9.9,24,0.0063411355449950755,0.0142,30.5261692022,114.4132794591,0.016231936371404885
2003,DATA13,DATA13,2021-11-18 05:21:59.000000,1321248119.0,30.526164309,114.413192782,27.1571,13.2,23,0.0063411355449950755,0.0142,30.5261643801,114.4131929428,0.017328999037810693
2004,DATA13,DATA13,2021-11-18 05:22:00.000000,1321248120.0,30.526159891,114.41310688,27.1719,4.4,23,0.0063411355449950755,0.0142,30.5261598931,114.4131070158,0.013035297899548604
2005,DATA13,DATA13,2021-11-18 05:22:01.000000,1321248121.0,30.526155118,114.413020881,27.1635,10.5,23,0.005889821729050888,0.0132,30.5261552522,114.4130210192,0.019931549965754143
2006,DATA13,DATA13,2021-11-18 05:22:02.000000,1321248122.0,30.526150552,114.412933908,27.0582,13.4,23,0.005889821729050888,0.0132,30.526150642,114.4129340568,0.017421115167524065
2007,DATA13,DATA13,2021-11-18 05:22:03.000000,1321248123.0,30.526145981,114.412846688,26.9775,13.2,23,0.005889821729050888,0.0132,30.5261460995,114.4128468241,0.018525664805006795
2008,DATA13,DATA13,2021-11-18 05:22:04.000000,1321248124.0,30.526141525,114.412759488,26.8533,20.2,23,0.005738466694161429,0.0132,30.526141624,114.4127596373,0.01804921230894587
2009,DATA13,DATA13,2021-11-18 05:22:05.000000,1321248125.0,30.526137189,114.412673653,26.7055,9.0,23,0.005738466694161429,0.0132,30.5261372697,114.4126738028,0.016933242065444547
2010,DATA13,DATA13,2021-11-18 05:22:06.000000,1321248126.0,30.52613291,114.412589307,26.5599,15.0,23,0.005738466694161429,0.0132,30.5261330208,114.4125894582,0.019012088665664787
2011,DATA13,DATA13,2021-11-18 05:22:07.000000,1321248127.0,30.526128916,114.412506353,26.389,16.6,23,0.005738466694161429,0.0132,30.5261290014,114.4125064873,0.015992764845136447
2012,DATA13,DATA13,2021-11-18 05:22:08.000000,1321248128.0,30.526125073,114.412424746,26.2401,21.4,23,0.005738466694161429,0.0132,30.52612514,114.4124248676,0.013833636388300617
2013,DATA13,DATA13,2021-11-18 05:22:09.000000,1321248129.0,30.526121657,114.412345115,26.1038,16.7,23,0.005738466694161429,0.0132,30.5261217488,114.4123452189,0.014248077766878284
2014,DATA13,DATA13,2021-11-18 05:22:10.000000,1321248130.0,30.526118598,114.412270388,25.9616,17.3,23,0.005738466694161429,0.0132,30.5261186671,114.412270497,0.01296608080633118
2015,DATA13,DATA13,2021-11-18 05:22:11.000000,1321248131.0,30.526115694,114.412204338,25.8595,9.9,23,0.005738466694161429,0.0132,30.5261158257,114.4122044204,0.01660465984867854
2016,DATA13,DATA13,2021-11-18 05:22:12.000000,1321248132.0,30.526113223,114.412146828,25.7459,24.3,24,0.005738466694161429,0.0132,30.5261133219,114.4121468955,0.012735059668340196
2017,DATA13,DATA13,2021-11-18 05:22:13.000000,1321248133.0,30.526110761,114.412096991,25.6587,27.6,24,0.005738466694161429,0.0132,30.5261108467,114.4120970419,0.010683167228979652
2018,DATA13,DATA13,2021-11-18 05:22:14.000000,1321248134.0,30.52610368,114.412057419,25.5868,21.2,24,0.005738466694161429,0.0132,30.5261037273,114.412057502,0.009536835407741702
2019,DATA13,DATA13,2021-11-18 05:22:15.000000,1321248135.0,30.526089198,114.412031368,25.5486,13.7,24,0.005738466694161429,0.0132,30.5260892306,114.4120314525,0.008878634371285535
2020,DATA13,DATA13,2021-11-18 05:22:16.000000,1321248136.0,30.526068693,114.41201966,25.5414,20.5,24,0.005738466694161429,0.0132,30.5260687393,114.4120197556,0.010513271916362721
2021,DATA13,DATA13,2021-11-18 05:22:17.000000,1321248137.0,30.52604734,114.412022209,25.5294,10.2,24,0.005738466694161429,0.0132,30.5260473511,114.4120222997,0.008791366378517435
2022,DATA13,DATA13,2021-11-18 05:22:18.000000,1321248138.0,30.52603078,114.412036914,25.5517,5.5,24,0.005738466694161429,0.0132,30.5260308438,114.412036989,0.010091517648786906
2023,DATA13,DATA13,2021-11-18 05:22:19.000000,1321248139.0,30.526022267,114.412061284,25.5976,3.5,23,0.005805170109479997,0.014,30.5260223586,114.412061392,0.014510666459159608
2024,DATA13,DATA13,2021-11-18 05:22:20.000000,1321248140.0,30.526021105,114.412094762,25.629,10.8,23,0.005805170109479997,0.014,30.5260212044,114.4120948229,0.012473760286195325
2025,DATA13,DATA13,2021-11-18 05:22:21.000000,1321248141.0,30.526023987,114.412137234,25.7127,14.6,23,0.005303772242470448,0.0123,30.5260240752,114.412137342,0.014249426144861953
2026,DATA13,DATA13,2021-11-18 05:22:23.000000,1321248143.0,30.526031195,114.412248704,25.9068,19.1,22,0.005374011537017762,0.0125,30.5260312465,114.4122487689,0.008449479771510778
2027,DATA13,DATA13,2021-11-18 05:22:24.000000,1321248144.0,30.526035406,114.412314882,26.0243,21.3,22,0.005374011537017762,0.0125,30.526035427,114.41231493,0.005161596746621053
2028,DATA13,DATA13,2021-11-18 05:22:25.000000,1321248145.0,30.526039865,114.412385492,26.1438,9.4,22,0.005374011537017762,0.0125,30.526039879,114.4123855535,0.006103037387645685
2029,DATA13,DATA13,2021-11-18 05:22:26.000000,1321248146.0,30.526044467,114.412460013,26.2959,7.1,22,0.005374011537017762,0.0125,30.5260444885,114.412460094,0.00813107026778376
2030,DATA13,DATA13,2021-11-18 05:22:27.000000,1321248147.0,30.526049044,114.412539056,26.4501,13.3,22,0.005374011537017762,0.0125,30.5260490764,114.4125391687,0.01139705925563819
2031,DATA13,DATA13,2021-11-18 05:22:28.000000,1321248148.0,30.526053234,114.412622524,26.591,6.0,22,0.0054451813560247924,0.0131,30.526053276,114.4126225777,0.006945625760884706
2032,DATA13,DATA13,2021-11-18 05:22:29.000000,1321248149.0,30.526057373,114.412709393,26.7337,17.1,21,0.0054451813560247924,0.0131,30.5260574247,114.4127094847,0.010502601523009433
2033,DATA13,DATA13,2021-11-18 05:22:30.000000,1321248150.0,30.526061721,114.41279909,26.8736,28.9,20,0.005586591089385368,0.0135,30.5260617982,114.4127991941,0.013155449934677668
2034,DATA13,DATA13,2021-11-18 05:22:31.000000,1321248151.0,30.526066653,114.412891096,27.0214,7.5,21,0.005586591089385368,0.0135,30.5260667058,114.4128911913,0.010859017809030659
2035,DATA13,DATA13,2021-11-18 05:22:32.000000,1321248152.0,30.526071389,114.412982334,27.1372,3.6,20,0.005586591089385368,0.0135,30.5260715707,114.4129825436,0.028467902717689494
2036,DATA13,DATA13,2021-11-18 05:22:33.000000,1321248153.0,30.526076329,114.413071115,27.1656,5.7,20,0.005586591089385368,0.0135,30.5260763976,114.4130712037,0.011415201580983206
2037,DATA13,DATA13,2021-11-18 05:22:34.000000,1321248154.0,30.526081054,114.413158438,27.172,6.4,20,0.005586591089385368,0.0135,30.5260811751,114.4131585975,0.020360979564638275
2038,DATA13,DATA13,2021-11-18 05:22:35.000000,1321248155.0,30.526085897,114.413245804,27.1613,16.4,21,0.005586591089385368,0.0135,30.5260859683,114.4132459426,0.015473277605792132
2039,DATA13,DATA13,2021-11-18 05:22:37.000000,1321248157.0,30.526096062,114.413419544,26.9994,6.6,21,0.005586591089385368,0.0135,30.5260961053,114.4134196703,0.013037378678826685
2040,DATA13,DATA13,2021-11-18 05:22:39.000000,1321248159.0,30.526105858,114.413595914,26.6828,8.6,19,0.005798275605729691,0.0136,30.5261058706,114.4135960808,0.016069238663407252
2041,DATA13,DATA13,2021-11-18 05:22:40.000000,1321248160.0,30.526110103,114.413683288,26.4777,30.5,17,0.007427651041883968,0.0157,30.5261101949,114.4136833964,0.014561359644893567
2042,DATA13,DATA13,2021-11-18 05:22:41.000000,1321248161.0,30.526114294,114.413769915,26.2712,6.3,21,0.006876772498781677,0.0147,30.5261144963,114.4137701516,0.03191567735641496
2043,DATA13,DATA13,2021-11-18 05:22:43.000000,1321248163.0,30.526123348,114.413942468,25.7927,8.7,23,0.006438167441127949,0.016,30.5261234592,114.4139426016,0.0177871076052256
2044,DATA13,DATA13,2021-11-18 05:22:44.000000,1321248164.0,30.526127425,114.414027947,25.5483,10.9,23,0.006236986451805071,0.0146,30.5261276086,114.4140282612,0.036381503338207076
2045,DATA13,DATA13,2021-11-18 05:22:45.000000,1321248165.0,30.526131365,114.414113331,25.3006,13.7,24,0.006236986451805071,0.0146,30.5261315449,114.4141135752,0.03077412076951535
2046,DATA13,DATA13,2021-11-18 05:22:46.000000,1321248166.0,30.526135535,114.414198259,25.0707,15.2,24,0.006236986451805071,0.0146,30.526135741,114.4141984815,0.03126582313207596
2047,DATA13,DATA13,2021-11-18 05:22:47.000000,1321248167.0,30.526139744,114.414282888,24.8403,8.2,23,0.006438167441127949,0.0161,30.5261398946,114.4142831703,0.031824502143705094
2048,DATA13,DATA13,2021-11-18 05:22:48.000000,1321248168.0,30.526143777,114.414367392,24.5963,13.5,23,0.006438167441127949,0.0161,30.5261439613,114.4143676431,0.031594621409267915
2049,DATA13,DATA13,2021-11-18 05:22:49.000000,1321248169.0,30.526147767,114.414451493,24.3844,3.7,21,0.006438167441127949,0.0161,30.5261479428,114.4144518661,0.040768072669917915
2050,DATA13,DATA13,2021-11-18 05:22:50.000000,1321248170.0,30.526151796,114.414536761,24.1492,12.6,20,0.006438167441127949,0.0161,30.5261519018,114.4145369788,0.023968960163180675
2051,DATA13,DATA13,2021-11-18 05:22:51.000000,1321248171.0,30.526156086,114.414624292,23.9059,11.0,15,0.011900420160649792,0.0205,30.5261561842,114.4146244533,0.01892526693860754
2052,DATA13,DATA13,2021-11-18 05:22:52.000000,1321248172.0,30.52616066,114.414713274,23.6644,29.9,18,0.010040916292848976,0.0174,30.5261608073,114.4147134433,0.023036386618535715
2053,DATA13,DATA13,2021-11-18 05:22:53.000000,1321248173.0,30.526165344,114.414801967,23.4089,18.5,22,0.006646803743153547,0.0134,30.5261655314,114.4148022595,0.03492382474264501
2054,DATA13,DATA13,2021-11-18 05:22:54.000000,1321248174.0,30.526169881,114.41489044,23.1882,25.8,22,0.00608276253029822,0.013,30.5261700705,114.4148907392,0.03557972484778795
2055,DATA13,DATA13,2021-11-18 05:22:55.000000,1321248175.0,30.526174376,114.414978232,22.9683,20.7,23,0.0059413803110051795,0.0129,30.5261745237,114.4149785379,0.03361588273228238
2056,DATA13,DATA13,2021-11-18 05:22:56.000000,1321248176.0,30.526178805,114.415065234,22.7605,19.1,23,0.0059413803110051795,0.0129,30.5261790105,114.4150655606,0.03874958413065553
2057,DATA13,DATA13,2021-11-18 05:22:57.000000,1321248177.0,30.526183416,114.415152841,22.5857,28.1,22,0.006010823570859487,0.0136,30.5261835656,114.4151531031,0.030129996679453187
2058,DATA13,DATA13,2021-11-18 05:22:58.000000,1321248178.0,30.52618801,114.41524157,22.4425,27.6,22,0.006010823570859487,0.0136,30.5261882237,114.4152418232,0.0339379599123278
2059,DATA13,DATA13,2021-11-18 05:22:59.000000,1321248179.0,30.526192571,114.415329432,22.3256,33.9,23,0.006010823570859487,0.0136,30.5261927481,114.4153296879,0.03144287038420979
2060,DATA13,DATA13,2021-11-18 05:23:00.000000,1321248180.0,30.526197185,114.415417733,22.2161,8.3,21,0.006010823570859487,0.0136,30.5261973425,114.4154180278,0.033247112341884856
2061,DATA13,DATA13,2021-11-18 05:23:03.000000,1321248183.0,30.526209687,114.415684842,21.9254,3.2,17,0.006365532185135819,0.0141,30.5262098382,114.415685101,0.029980856918487217
2062,DATA13,DATA13,2021-11-18 05:23:04.000000,1321248184.0,30.526211915,114.415772421,21.8979,4.8,16,0.006365532185135819,0.0141,30.5262120487,114.4157725473,0.019147522964798335
2063,DATA13,DATA13,2021-11-18 05:23:05.000000,1321248185.0,30.526212882,114.415860057,21.8816,3.6,16,0.007076722405181653,0.0146,30.5262128984,114.4158600936,0.003955272695647184
2064,DATA13,DATA13,2021-11-18 05:23:06.000000,1321248186.0,30.526211263,114.415946427,21.8331,13.7,18,0.008495881355103778,0.0168,30.5262112267,114.4159464293,0.004030331326409296
2065,DATA13,DATA13,2021-11-18 05:23:07.000000,1321248187.0,30.526205785,114.416032552,21.7977,19.4,15,0.011173182178770736,0.0165,30.5262058481,114.4160326432,0.011204753757500328
2066,DATA13,DATA13,2021-11-18 05:23:08.000000,1321248188.0,30.526196523,114.416117448,21.7793,37.1,18,0.011173182178770736,0.0165,30.5261965895,114.4161175553,0.01266486755994088
2067,DATA13,DATA13,2021-11-18 05:23:09.000000,1321248189.0,30.526184022,114.416199799,21.7513,13.0,18,0.008772684879784524,0.0164,30.5261841049,114.4161999041,0.013645807053396861
2068,DATA13,DATA13,2021-11-18 05:23:10.000000,1321248190.0,30.526168295,114.41628107,21.7389,16.1,18,0.008772684879784524,0.0164,30.5261683732,114.4162811579,0.01209651406757972
2069,DATA13,DATA13,2021-11-18 05:23:11.000000,1321248191.0,30.526150058,114.416359776,21.7256,13.5,18,0.008772684879784524,0.0164,30.5261499792,114.4163597824,0.00875747106908043
2070,DATA13,DATA13,2021-11-18 05:23:13.000000,1321248193.0,30.526106826,114.416511221,21.6792,22.6,16,0.011173182178770736,0.0165,30.5261068273,114.4165112315,0.001017976457204152
2071,DATA13,DATA13,2021-11-18 05:23:14.000000,1321248194.0,30.526083218,114.416581977,21.6415,9.6,16,0.011173182178770736,0.0165,30.5260832207,114.4165820174,0.0038888702879903113
2072,DATA13,DATA13,2021-11-18 05:23:15.000000,1321248195.0,30.526058479,114.416648769,21.6424,23.1,19,0.009762171889492625,0.0157,30.5260585184,114.4166487903,0.004822645698664511
2073,DATA13,DATA13,2021-11-18 05:23:16.000000,1321248196.0,30.526033428,114.416710897,21.6062,30.6,17,0.009762171889492625,0.0157,30.5260334278,114.4167108574,0.0038006213047214895
2074,DATA13,DATA13,2021-11-18 05:23:17.000000,1321248197.0,30.526008236,114.41676858,21.5871,16.0,20,0.008080841540334768,0.0153,30.5260082617,114.416768599,0.003382719526243981
2075,DATA13,DATA13,2021-11-18 05:23:18.000000,1321248198.0,30.525982108,114.416824067,21.5702,19.7,18,0.008080841540334768,0.0153,30.5259820571,114.4168240143,0.007577821243693892
2076,DATA13,DATA13,2021-11-18 05:23:19.000000,1321248199.0,30.525954361,114.41687833,21.5609,9.5,18,0.008080841540334768,0.0153,30.5259543733,114.4168783015,0.0030563051007936643
2077,DATA13,DATA13,2021-11-18 05:23:20.000000,1321248200.0,30.525924305,114.416933369,21.5431,13.1,19,0.008080841540334768,0.0153,30.5259243225,114.4169333739,0.0019962624736454705
2078,DATA13,DATA13,2021-11-18 05:23:21.000000,1321248201.0,30.525891421,114.416989855,21.5186,29.8,18,0.008772684879784524,0.0164,30.5258914081,114.4169898284,0.0029261828736935748
2079,DATA13,DATA13,2021-11-18 05:23:22.000000,1321248202.0,30.525855117,114.417048582,21.471,42.3,18,0.008772684879784524,0.0164,30.5258550357,114.4170484994,0.012003313410281711
2080,DATA13,DATA13,2021-11-18 05:23:23.000000,1321248203.0,30.525813969,114.417109727,21.3964,49.3,19,0.008772684879784524,0.0164,30.5258139026,114.4171097346,0.0073972668363538755
2081,DATA13,DATA13,2021-11-18 05:23:24.000000,1321248204.0,30.525768014,114.417172779,21.3459,26.9,18,0.008772684879784524,0.0164,30.5257679427,114.417172744,0.008588577743793718
2082,DATA13,DATA13,2021-11-18 05:23:25.000000,1321248205.0,30.525717462,114.417237867,21.2521,20.8,18,0.008772684879784524,0.0164,30.5257173934,114.4172378378,0.008105025375981472
2083,DATA13,DATA13,2021-11-18 05:23:26.000000,1321248206.0,30.525664076,114.417304206,21.1532,9.3,18,0.008772684879784524,0.0164,30.5256639933,114.4173041489,0.010681234444294554
2084,DATA13,DATA13,2021-11-18 05:23:27.000000,1321248207.0,30.52560871,114.417371896,20.9946,51.9,19,0.008772684879784524,0.0164,30.5256085434,114.4173717747,0.0218323813841671
2085,DATA13,DATA13,2021-11-18 05:23:28.000000,1321248208.0,30.525552417,114.417440474,20.835,6.3,18,0.008772684879784524,0.0164,30.5255521309,114.4174402542,0.038092072018357445
2086,DATA13,DATA13,2021-11-18 05:23:29.000000,1321248209.0,30.525496012,114.417508131,20.6276,17.4,18,0.011173182178770736,0.0165,30.5254959175,114.4175080781,0.01164181862947475
2087,DATA13,DATA13,2021-11-18 05:23:30.000000,1321248210.0,30.525440807,114.417575265,20.4609,19.6,18,0.011173182178770736,0.0165,30.5254406338,114.4175751296,0.023185246778878173
2088,DATA13,DATA13,2021-11-18 05:23:31.000000,1321248211.0,30.525386627,114.417641466,20.3002,15.5,16,0.011173182178770736,0.0165,30.5253864607,114.4176413449,0.021794021695010046
2089,DATA13,DATA13,2021-11-18 05:23:32.000000,1321248212.0,30.525332221,114.417708139,20.1292,12.1,16,0.011173182178770736,0.0165,30.5253320904,114.4177080454,0.017038951670875126
2090,DATA13,DATA13,2021-11-18 05:23:33.000000,1321248213.0,30.525277718,114.417774727,19.9518,32.6,18,0.011173182178770736,0.0165,30.5252775872,114.4177746256,0.017463634593437895
2091,DATA13,DATA13,2021-11-18 05:23:34.000000,1321248214.0,30.525223274,114.417841505,19.7753,24.8,17,0.008080841540334768,0.0153,30.5252231286,114.4178414029,0.01886403238672805
2092,DATA13,DATA13,2021-11-18 05:23:35.000000,1321248215.0,30.525167647,114.417909511,19.5837,18.4,16,0.009762171889492625,0.0157,30.525167574,114.4179094627,0.00932649873250052
2093,DATA13,DATA13,2021-11-18 05:23:36.000000,1321248216.0,30.525111068,114.417978856,19.3989,8.4,16,0.009762171889492625,0.0157,30.5251110068,114.4179788559,0.006784741188925139
2094,DATA13,DATA13,2021-11-18 05:23:37.000000,1321248217.0,30.525053251,114.418049381,19.2145,32.5,17,0.009762171889492625,0.0157,30.5250531464,114.4180492826,0.014955184863204811
2095,DATA13,DATA13,2021-11-18 05:23:38.000000,1321248218.0,30.52499428,114.418120534,19.0378,29.8,17,0.008080841540334768,0.0153,30.524994129,114.4181204317,0.019406919442527107
2096,DATA13,DATA13,2021-11-18 05:23:39.000000,1321248219.0,30.524934452,114.41819244,18.8523,16.8,19,0.008080841540334768,0.0153,30.5249343708,114.4181923546,0.012174308562078585
2097,DATA13,DATA13,2021-11-18 05:23:40.000000,1321248220.0,30.524873835,114.41826543,18.655,29.0,18,0.008080841540334768,0.0153,30.5248737219,114.418265371,0.013757792705903866
2098,DATA13,DATA13,2021-11-18 05:23:41.000000,1321248221.0,30.524812705,114.418339085,18.4587,21.5,18,0.008080841540334768,0.0153,30.5248126364,114.4183390767,0.007646714776943891
2099,DATA13,DATA13,2021-11-18 05:23:42.000000,1321248222.0,30.524752292,114.418412294,18.2702,15.8,18,0.008080841540334768,0.0153,30.5247522223,114.4184122756,0.007926282135456911
2100,DATA13,DATA13,2021-11-18 05:23:44.000000,1321248224.0,30.524631785,114.41855959,17.8984,19.8,19,0.008772684879784524,0.0164,30.5246316972,114.4185595332,0.011156232797264456
2101,DATA13,DATA13,2021-11-18 05:23:45.000000,1321248225.0,30.524570726,114.418634504,17.711,31.0,16,0.008772684879784524,0.0164,30.5245706741,114.4186344837,0.006074629965653108
2102,DATA13,DATA13,2021-11-18 05:23:46.000000,1321248226.0,30.524509955,114.41870927,17.5011,11.4,17,0.008772684879784524,0.0164,30.5245097503,114.4187091324,0.026256283052356694
2103,DATA13,DATA13,2021-11-18 05:23:47.000000,1321248227.0,30.524449192,114.418782364,17.2924,22.8,16,0.008772684879784524,0.0165,30.524449137,114.418782362,0.006100409847123153
2104,DATA13,DATA13,2021-11-18 05:23:48.000000,1321248228.0,30.524389176,114.418854198,17.0994,31.5,17,0.008772684879784524,0.0165,30.5243891051,114.4188541729,0.008220959433248581
2105,DATA13,DATA13,2021-11-18 05:23:49.000000,1321248229.0,30.524329889,114.418924742,16.9083,23.8,17,0.008772684879784524,0.0165,30.5243298637,114.4189247539,0.0030284164491099184
2106,DATA13,DATA13,2021-11-18 05:23:50.000000,1321248230.0,30.524271483,114.418994044,16.7172,30.4,17,0.008772684879784524,0.0165,30.5242714381,114.4189940262,0.00526268636067929
2107,DATA13,DATA13,2021-11-18 05:23:51.000000,1321248231.0,30.524213935,114.419061988,16.5549,18.9,18,0.008772684879784524,0.0165,30.5242139313,114.419062043,0.005294559651180681
2108,DATA13,DATA13,2021-11-18 05:23:52.000000,1321248232.0,30.524157706,114.419128838,16.4076,21.5,19,0.008772684879784524,0.0165,30.5241577016,114.419128895,0.0054923037901716005
2109,DATA13,DATA13,2021-11-18 05:23:53.000000,1321248233.0,30.524102456,114.419195526,16.3081,15.4,19,0.008772684879784524,0.0165,30.524102451,114.4191956139,0.008454437715743064
2110,DATA13,DATA13,2021-11-18 05:23:56.000000,1321248236.0,30.523939893,114.419397648,16.4471,11.2,17,0.011173182178770736,0.0165,30.5239398562,114.419397775,0.01285353907139345
2111,DATA13,DATA13,2021-11-18 05:23:57.000000,1321248237.0,30.523888111,114.419464542,16.6239,15.8,17,0.011173182178770736,0.0165,30.523888122,114.4194646652,0.011886925489524566
2112,DATA13,DATA13,2021-11-18 05:23:58.000000,1321248238.0,30.523838827,114.419531987,16.8401,19.7,18,0.009762171889492625,0.0157,30.5238388429,114.4195321527,0.016000572892705244
2113,DATA13,DATA13,2021-11-18 05:23:59.000000,1321248239.0,30.523791418,114.41960036,17.1165,33.6,17,0.009762171889492625,0.0157,30.5237914701,114.4196005402,0.01823382564063695
2114,DATA13,DATA13,2021-11-18 05:24:00.000000,1321248240.0,30.523745775,114.419668899,17.4032,28.7,17,0.009762171889492625,0.0157,30.5237458898,114.4196691547,0.02764482530621595
2115,DATA13,DATA13,2021-11-18 05:24:01.000000,1321248241.0,30.52370193,114.419737712,17.693,37.0,18,0.008080841540334768,0.0154,30.5237020652,114.4197379938,0.03092153996654507
2116,DATA13,DATA13,2021-11-18 05:24:06.000000,1321248246.0,30.523506586,114.420095114,19.1135,9.1,23,0.006010823570859487,0.0129,30.5235067069,114.4200952863,0.021286310064218862
2117,DATA13,DATA13,2021-11-18 05:24:07.000000,1321248247.0,30.523472647,114.420169211,19.3635,15.3,23,0.005728001396647875,0.0118,30.5234727898,114.4201693944,0.02367389521053411
2118,DATA13,DATA13,2021-11-18 05:24:08.000000,1321248248.0,30.523441164,114.420242187,19.6287,31.0,23,0.006010823570859487,0.0129,30.5234413262,114.4202424058,0.02764645664839698
2119,DATA13,DATA13,2021-11-18 05:24:14.000000,1321248254.0,30.523295811,114.420684286,20.6195,32.0,23,0.005586591089385368,0.0135,30.5232959541,114.4206845292,0.028222321854839052
2120,DATA13,DATA13,2021-11-18 05:24:17.000000,1321248257.0,30.523239957,114.420925458,20.3346,13.4,23,0.005798275605729691,0.0131,30.5232400478,114.420925714,0.026552063784901728
2121,DATA13,DATA13,2021-11-18 05:24:18.000000,1321248258.0,30.523223694,114.421006088,20.1667,12.3,24,0.005658621740318043,0.0129,30.5232237595,114.4210063336,0.02466492786682596
2122,DATA13,DATA13,2021-11-18 05:24:27.000000,1321248267.0,30.523124684,114.421666774,17.6677,5.5,21,0.005920304046246274,0.0116,30.5231242003,114.4216668888,0.054744008008777545
2123,DATA13,DATA13,2021-11-18 05:24:32.000000,1321248272.0,30.523035534,114.42192277,16.6157,18.2,23,0.005663920903402518,0.0125,30.5230348133,114.4219227286,0.07999669174985805
2124,DATA13,DATA13,2021-11-18 05:24:35.000000,1321248275.0,30.522927759,114.42203908,16.2937,4.0,19,0.00826196102629394,0.0183,30.5229269667,114.4220388567,0.09041245328394093
2125,DATA13,DATA13,2021-11-18 05:24:36.000000,1321248276.0,30.522884455,114.422067333,16.3004,7.1,17,0.00826196102629394,0.0183,30.5228837348,114.4220671086,0.08269629124730146
2126,DATA13,DATA13,2021-11-18 05:25:38.000000,1321248338.0,30.520775379,114.42178919,18.7839,3.1,20,0.007939773296511682,0.0221,30.5207754955,114.4217893136,0.017536739988500267
2127,DATA13,DATA13,2021-11-18 05:25:39.000000,1321248339.0,30.520773493,114.421791935,18.7493,6.2,20,0.00816884324736373,0.0224,30.5207735494,114.4217919119,0.006634041585845621
2128,DATA13,DATA13,2021-11-18 05:25:40.000000,1321248340.0,30.520771753,114.421794311,18.774,3.8,19,0.00816884324736373,0.0224,30.5207718457,114.4217943609,0.011338072017702937
2129,DATA13,DATA13,2021-11-18 05:27:26.000000,1321248446.0,30.52075089,114.424091682,12.552,28.2,20,0.013647344063956181,0.0177,30.5207514747,114.4240929625,0.13894719441353584
2130,DATA13,DATA13,2021-11-18 05:27:39.000000,1321248459.0,30.520659152,114.424523672,11.5863,6.1,18,0.012257650672131262,0.024,30.5206599677,114.4245238597,0.09220671448327723
2131,DATA13,DATA13,2021-11-18 05:27:46.000000,1321248466.0,30.52058323,114.424881147,11.3393,7.1,22,0.008591274643497319,0.0163,30.5205842472,114.424881195,0.11286234349156439
2132,DATA13,DATA13,2021-11-18 05:27:47.000000,1321248467.0,30.520573221,114.424930049,11.3504,3.8,21,0.012116517651536683,0.0173,30.5205741073,114.4249300087,0.09833261618689515
2133,DATA13,DATA13,2021-11-18 05:27:48.000000,1321248468.0,30.520562836,114.424979648,11.2853,5.1,22,0.00912195154558497,0.0192,30.5205639559,114.4249797221,0.12435728474556393
2134,DATA13,DATA13,2021-11-18 05:27:49.000000,1321248469.0,30.520552537,114.425032162,11.2161,3.5,22,0.0071449282711585,0.015,30.5205535497,114.4250323076,0.11313578193048576
2135,DATA13,DATA13,2021-11-18 05:27:50.000000,1321248470.0,30.520541722,114.425087973,11.2214,7.2,21,0.0071449282711585,0.015,30.5205427465,114.4250880486,0.11380910517563134
2136,DATA13,DATA13,2021-11-18 05:27:51.000000,1321248471.0,30.520530087,114.425146643,11.2422,4.4,22,0.005728001396647875,0.0129,30.5205311245,114.4251466781,0.11506808781865815
2137,DATA13,DATA13,2021-11-18 05:27:53.000000,1321248473.0,30.520504482,114.425268409,11.2155,3.4,22,0.0058,0.0135,30.5205053233,114.4252684757,0.09348719067697273
2138,DATA13,DATA13,2021-11-18 05:27:56.000000,1321248476.0,30.520462222,114.425468017,11.1126,3.1,14,0.00764198926981712,0.0178,30.5204629603,114.4254679325,0.08224984211684429
2139,DATA13,DATA13,2021-11-18 05:27:57.000000,1321248477.0,30.520448108,114.425534878,11.1123,5.0,17,0.009620810776644555,0.0216,30.5204488701,114.4255348025,0.08479770278996154
2140,DATA13,DATA13,2021-11-18 05:28:07.000000,1321248487.0,30.520322154,114.426241099,10.8752,6.5,19,0.011172287142747452,0.0169,30.5203224668,114.4262413022,0.03978557134116548
2141,DATA13,DATA13,2021-11-18 05:28:13.000000,1321248493.0,30.520232794,114.426682329,10.8042,11.6,22,0.011172287142747452,0.0169,30.5202328282,114.4266823577,0.004686471556246202
2142,DATA13,DATA13,2021-11-18 05:28:14.000000,1321248494.0,30.520222845,114.426756337,10.732,13.7,23,0.007283543093852057,0.0137,30.5202229435,114.4267565367,0.02205944196831031
2143,DATA13,DATA13,2021-11-18 05:28:15.000000,1321248495.0,30.520215615,114.426831851,10.785,7.3,23,0.007142128534267638,0.0156,30.5202157207,114.4268320351,0.02120221195479833
2144,DATA13,DATA13,2021-11-18 05:28:16.000000,1321248496.0,30.520211024,114.426908388,11.0093,6.0,23,0.007142128534267638,0.0156,30.5202111277,114.4269085788,0.02162234156247574
2145,DATA13,DATA13,2021-11-18 05:28:18.000000,1321248498.0,30.520209991,114.427056698,11.5384,20.1,23,0.007142128534267638,0.0156,30.5202100769,114.4270568476,0.017229447410329623
2146,DATA13,DATA13,2021-11-18 05:28:19.000000,1321248499.0,30.520212713,114.427129892,11.7351,9.9,23,0.006660330322138685,0.0141,30.5202128208,114.4271300647,0.020434633268425314
2147,DATA13,DATA13,2021-11-18 05:28:20.000000,1321248500.0,30.520217321,114.42720352,11.8844,9.7,23,0.006660330322138685,0.0141,30.5202173783,114.4272037015,0.01854230270640721
2148,DATA13,DATA13,2021-11-18 05:28:21.000000,1321248501.0,30.520223622,114.427276853,12.1264,9.8,23,0.00608276253029822,0.0123,30.5202236935,114.4272769936,0.015650474703046223
2149,DATA13,DATA13,2021-11-18 05:28:22.000000,1321248502.0,30.520231828,114.427346932,12.3008,25.4,24,0.005303772242470448,0.0118,30.52023192,114.4273470571,0.015754138399600034
2150,DATA13,DATA13,2021-11-18 05:28:23.000000,1321248503.0,30.520241696,114.427414637,12.3652,18.9,24,0.005162363799656123,0.0116,30.5202418019,114.4274147546,0.01628597174341689
2151,DATA13,DATA13,2021-11-18 05:28:24.000000,1321248504.0,30.520252988,114.42748093,12.3818,15.4,24,0.005162363799656123,0.0116,30.5202530674,114.427481037,0.013525921958663725
2152,DATA13,DATA13,2021-11-18 05:28:25.000000,1321248505.0,30.520265196,114.427545703,12.3241,17.9,25,0.005162363799656123,0.0116,30.5202652777,114.4275457875,0.012157804236304309
2153,DATA13,DATA13,2021-11-18 05:28:26.000000,1321248506.0,30.520277845,114.427610327,12.2685,13.0,25,0.004949747468305833,0.0106,30.5202779175,114.4276103864,0.009854135908015496
2154,DATA13,DATA13,2021-11-18 05:28:27.000000,1321248507.0,30.520290684,114.427675161,12.1106,8.5,25,0.004949747468305833,0.0106,30.5202907713,114.427675243,0.012474341566456078
2155,DATA13,DATA13,2021-11-18 05:28:28.000000,1321248508.0,30.520302702,114.427739352,11.9034,12.8,24,0.0050931326312987375,0.011,30.5203027797,114.4277393947,0.009539184481376053
2156,DATA13,DATA13,2021-11-18 05:28:30.000000,1321248510.0,30.520323789,114.427857367,11.3462,3.9,24,0.0050931326312987375,0.011,30.5203237989,114.4278574791,0.010815094377914326
2157,DATA13,DATA13,2021-11-18 05:28:32.000000,1321248512.0,30.520342002,114.427962517,10.9352,3.6,24,0.005303772242470448,0.0109,30.5203420723,114.4279625167,0.007793613679832354
2158,DATA13,DATA13,2021-11-18 05:28:33.000000,1321248513.0,30.5203499,114.428008276,10.8694,4.4,22,0.005232590180780452,0.0112,30.5203499335,114.4280082327,0.005573528180413674
2159,DATA13,DATA13,2021-11-18 05:28:34.000000,1321248514.0,30.520357191,114.428050696,10.8499,7.5,20,0.0062289646009589745,0.0129,30.5203573534,114.4280507914,0.020198518483139777
2160,DATA13,DATA13,2021-11-18 05:28:35.000000,1321248515.0,30.520363883,114.428088622,10.8673,10.4,21,0.006222539674441618,0.0127,30.520364018,114.4280887147,0.01741124008592784
2161,DATA13,DATA13,2021-11-18 05:28:37.000000,1321248517.0,30.520374399,114.428146813,10.8921,6.2,20,0.006576473218982953,0.0127,30.5203745204,114.4281468476,0.013862235687601641
2162,DATA13,DATA13,2021-11-18 05:28:38.000000,1321248518.0,30.520378038,114.428166253,10.8834,3.5,20,0.006576473218982953,0.0127,30.5203781866,114.4281662842,0.016743964966038166
2163,DATA13,DATA13,2021-11-18 05:28:42.000000,1321248522.0,30.520387784,114.428217705,10.9545,5.1,24,0.005939696961966999,0.0126,30.5203878437,114.4282177871,0.010290584375936272
2164,DATA13,DATA13,2021-11-18 05:28:48.000000,1321248528.0,30.520393154,114.428245309,10.932,6.4,22,0.005586591089385368,0.0133,30.5203932275,114.428245374,0.010262342477317435
2165,DATA13,DATA13,2021-11-18 05:28:49.000000,1321248529.0,30.52039619,114.428260231,10.9247,8.8,21,0.0058,0.0135,30.5203962689,114.4282603586,0.015049807794347876
2166,DATA13,DATA13,2021-11-18 05:28:51.000000,1321248531.0,30.520408763,114.428318411,10.9335,5.0,19,0.006942621983083912,0.0149,30.5204089451,114.4283186038,0.027385692881501257
2167,DATA13,DATA13,2021-11-18 05:28:53.000000,1321248533.0,30.520428825,114.428405964,10.9753,3.2,20,0.008631338250816033,0.0175,30.5204289221,114.4284060991,0.016852734086313458
2168,DATA13,DATA13,2021-11-18 05:28:54.000000,1321248534.0,30.520440975,114.428458991,10.9698,8.9,18,0.008429116205154607,0.0169,30.5204411359,114.4284591414,0.022946819201976408
2169,DATA13,DATA13,2021-11-18 05:28:55.000000,1321248535.0,30.520454383,114.428517668,10.9834,4.5,17,0.006859300255857006,0.0146,30.5204545603,114.4285177972,0.023240482465501536
2170,DATA13,DATA13,2021-11-18 05:28:56.000000,1321248536.0,30.52046837,114.428579881,11.0036,7.2,22,0.007142128534267638,0.0154,30.5204686431,114.4285799839,0.03184638388954434
2171,DATA13,DATA13,2021-11-18 05:28:58.000000,1321248538.0,30.520496836,114.428709608,11.041,3.5,23,0.006717886572427373,0.0143,30.5204971266,114.4287097978,0.037010059666769526
2172,DATA13,DATA13,2021-11-18 05:29:04.000000,1321248544.0,30.520571797,114.429112197,11.1664,3.5,20,0.006717886572427373,0.0141,30.5205720378,114.4291122581,0.027331970994140593
2173,DATA13,DATA13,2021-11-18 05:29:07.000000,1321248547.0,30.520592775,114.429314582,11.2398,4.2,14,0.016292943257741985,0.0241,30.5205930341,114.4293146857,0.030399708610179235
2174,DATA13,DATA13,2021-11-18 05:29:16.000000,1321248556.0,30.520625012,114.42991677,11.435,6.4,24,0.007742092740338364,0.0169,30.5206249741,114.4299169787,0.02046670918089832
2175,DATA13,DATA13,2021-11-18 05:29:19.000000,1321248559.0,30.520623584,114.430113504,11.4837,7.5,24,0.0065,0.0138,30.5206235792,114.4301135961,0.008855653478726399
2176,DATA13,DATA13,2021-11-18 05:29:21.000000,1321248561.0,30.520618619,114.430248881,11.5466,5.1,24,0.0053075418038862395,0.0118,30.520618608,114.4302489601,0.007689244700435102
2177,DATA13,DATA13,2021-11-18 05:29:22.000000,1321248562.0,30.52061502,114.430318095,11.5528,7.4,24,0.0053075418038862395,0.0118,30.5206150457,114.4303182702,0.017055159333353366
2178,DATA13,DATA13,2021-11-18 05:29:28.000000,1321248568.0,30.520586488,114.430718447,11.7631,4.2,24,0.005586591089385368,0.0127,30.5205865401,114.4307185458,0.011103272573577683
2179,DATA13,DATA13,2021-11-18 05:29:29.000000,1321248569.0,30.520582096,114.430777783,11.811,16.1,23,0.0054451813560247924,0.0126,30.520582223,114.4307779119,0.01874268303929104
2180,DATA13,DATA13,2021-11-18 05:29:30.000000,1321248570.0,30.520577936,114.430836088,11.8492,11.9,24,0.005658621740318043,0.013,30.5205780508,114.430836245,0.019724076234467272
2181,DATA13,DATA13,2021-11-18 05:29:31.000000,1321248571.0,30.520573607,114.43089174,11.9083,8.8,24,0.005303772242470448,0.0123,30.520573714,114.4308919308,0.021819004094328662
2182,DATA13,DATA13,2021-11-18 05:29:32.000000,1321248572.0,30.520569152,114.430942563,11.9916,5.7,24,0.005162363799656123,0.0116,30.5205692222,114.4309426815,0.013781270525645019
2183,DATA13,DATA13,2021-11-18 05:29:33.000000,1321248573.0,30.520564692,114.430989077,12.0302,15.8,24,0.005162363799656123,0.0116,30.5205647755,114.4309892081,0.01562109211640664
2184,DATA13,DATA13,2021-11-18 05:29:34.000000,1321248574.0,30.520560436,114.431035368,12.1146,16.6,24,0.005162363799656123,0.0116,30.520560526,114.4310355077,0.016713240237732494
2185,DATA13,DATA13,2021-11-18 05:29:35.000000,1321248575.0,30.520557102,114.431082361,12.2261,15.9,24,0.005162363799656123,0.0116,30.5205571553,114.4310825035,0.014898842142510362
2186,DATA13,DATA13,2021-11-18 05:29:36.000000,1321248576.0,30.520553971,114.431130077,12.3912,12.3,24,0.005162363799656123,0.0116,30.5205540425,114.4311302019,0.01437141251156813
2187,DATA13,DATA13,2021-11-18 05:29:37.000000,1321248577.0,30.520549956,114.431179185,12.5645,12.9,23,0.005374011537017762,0.0122,30.5205500366,114.431179316,0.015424925936316374
2188,DATA13,DATA13,2021-11-18 05:29:38.000000,1321248578.0,30.52054495,114.431231238,12.7385,10.4,23,0.005374011537017762,0.0122,30.5205450409,114.431231389,0.0176520254559227
2189,DATA13,DATA13,2021-11-18 05:29:39.000000,1321248579.0,30.520539391,114.431287564,12.9368,9.8,25,0.005162363799656123,0.0116,30.5205394625,114.431287788,0.022913972837485686
2190,DATA13,DATA13,2021-11-18 05:29:40.000000,1321248580.0,30.520532997,114.431349443,13.1557,15.3,25,0.005162363799656123,0.0116,30.5205330247,114.4313495701,0.012579505117611401
2191,DATA13,DATA13,2021-11-18 05:29:42.000000,1321248582.0,30.520518742,114.431487097,13.6305,13.8,25,0.005162363799656123,0.0116,30.5205189324,114.4314873409,0.03152051542888746
2192,DATA13,DATA13,2021-11-18 05:29:46.000000,1321248586.0,30.520487654,114.431781363,14.6737,14.1,24,0.005162363799656123,0.0116,30.5204879912,114.4317816899,0.04880446942405748
2193,DATA13,DATA13,2021-11-18 05:30:00.000000,1321248600.0,30.520414363,114.43252324,16.7795,3.5,23,0.008982761268117949,0.0192,30.5204143538,114.4325233379,0.00945154894975444
2194,DATA13,DATA13,2021-11-18 05:30:01.000000,1321248601.0,30.520414252,114.432552115,16.812,10.8,21,0.008778382538941898,0.017,30.5204142719,114.4325521623,0.005047472294563458
2195,DATA13,DATA13,2021-11-18 05:30:05.000000,1321248605.0,30.520461043,114.432682358,16.4983,6.7,23,0.006224146527838174,0.0139,30.5204610478,114.4326823896,0.0030792686401352703
2196,DATA13,DATA13,2021-11-18 05:31:03.000000,1321248663.0,30.522709626,114.43329529,18.0093,6.5,21,0.006981403870282824,0.0154,30.522709657,114.4332953641,0.007898729264822112
2197,DATA13,DATA13,2021-11-18 05:31:24.000000,1321248684.0,30.523398536,114.433497842,19.4592,10.5,16,0.3946450810538502,0.7504,30.5234005317,114.4334908997,0.7020684786241383
2198,DATA13,DATA13,2021-11-18 05:31:25.000000,1321248685.0,30.523435502,114.433507129,18.99,4.2,16,0.47102016941952707,0.638,30.523438149,114.4335082912,0.31393520170424705
2199,DATA13,DATA13,2021-11-18 05:31:27.000000,1321248687.0,30.523514515,114.433553778,17.9658,3.7,16,0.3805713862076338,0.8082,30.5235123521,114.4335432277,1.0405801916953337
2200,DATA13,DATA13,2021-11-18 05:31:35.000000,1321248695.0,30.523818591,114.433661499,19.1055,3.5,24,0.00996393496566492,0.0302,30.5238186061,114.4336614853,0.002128661028411871
2201,DATA13,DATA13,2021-11-18 05:31:36.000000,1321248696.0,30.523858632,114.43367586,19.0419,6.7,23,0.010026464980241042,0.0304,30.5238586799,114.4336760033,0.014742897151973923
2202,DATA13,DATA13,2021-11-18 05:31:38.000000,1321248698.0,30.523939687,114.43370687,18.9034,7.1,22,0.007150524456289902,0.0172,30.5239397849,114.433706987,0.015616954500499295
2203,DATA13,DATA13,2021-11-18 05:31:40.000000,1321248700.0,30.524018263,114.433737193,18.7837,6.3,23,0.0059413803110051795,0.0139,30.5240183789,114.4337373269,0.01817264460385679
2204,DATA13,DATA13,2021-11-18 05:31:41.000000,1321248701.0,30.524059127,114.433753806,18.7226,10.8,23,0.0059413803110051795,0.0139,30.5240592227,114.4337539987,0.021321512221907056
2205,DATA13,DATA13,2021-11-18 05:31:46.000000,1321248706.0,30.524276935,114.433846519,18.6482,6.1,23,0.005374011537017762,0.0122,30.5242771326,114.4338467972,0.034536831905524264
2206,DATA13,DATA13,2021-11-18 05:32:19.000000,1321248739.0,30.525423932,114.434690012,19.9655,5.0,22,0.007043436661176133,0.0144,30.5254236319,114.4346897907,0.039471068214122086
2207,DATA13,DATA13,2021-11-18 05:32:20.000000,1321248740.0,30.525448111,114.43471634,20.0624,5.0,23,0.006453681120105021,0.0139,30.5254478057,114.4347161289,0.03944655579021508
2208,DATA13,DATA13,2021-11-18 05:32:21.000000,1321248741.0,30.525473164,114.434743504,20.1332,11.2,23,0.006720863039818622,0.0154,30.525472818,114.4347432047,0.047921578666832526
2209,DATA13,DATA13,2021-11-18 05:32:22.000000,1321248742.0,30.525500877,114.43477054,20.2186,11.3,24,0.006720863039818622,0.0154,30.525500539,114.4347701477,0.05311937436544892
2210,DATA13,DATA13,2021-11-18 05:32:23.000000,1321248743.0,30.525532921,114.434797209,20.2803,4.6,24,0.006720863039818622,0.0154,30.5255325004,114.4347967023,0.06737282197900106
2211,DATA13,DATA13,2021-11-18 05:32:24.000000,1321248744.0,30.52556871,114.434823744,20.4047,3.2,23,0.006720863039818622,0.0154,30.5255683838,114.4348231601,0.06669460756879014
2212,DATA13,DATA13,2021-11-18 05:32:33.000000,1321248753.0,30.525940882,114.435063542,22.5103,3.5,15,0.011194641575325223,0.0279,30.525940511,114.435062527,0.10574034673989596
2213,DATA13,DATA13,2021-11-18 05:32:34.000000,1321248754.0,30.525981191,114.435088321,22.771,14.4,15,0.020779316639389277,0.0446,30.5259813412,114.4350877555,0.05677010908166842
2214,DATA13,DATA13,2021-11-18 05:32:35.000000,1321248755.0,30.526022444,114.435113014,23.0114,4.0,20,0.018278402556022227,0.0389,30.5260226723,114.4351127664,0.03471696051211647
2215,DATA13,DATA13,2021-11-18 05:32:37.000000,1321248757.0,30.526107233,114.435161787,23.4272,8.4,23,0.006720863039818622,0.0154,30.5261073187,114.4351614225,0.03624960303121769
2216,DATA13,DATA13,2021-11-18 05:32:39.000000,1321248759.0,30.526191795,114.435208816,23.8951,4.7,22,0.007158910531638176,0.0163,30.5261917298,114.4352084294,0.03780088889416725
2217,DATA13,DATA13,2021-11-18 05:32:40.000000,1321248760.0,30.526233658,114.435231593,24.103,15.7,23,0.007283543093852057,0.0182,30.5262336163,114.4352314014,0.018960733685253434
2218,DATA13,DATA13,2021-11-18 05:32:47.000000,1321248767.0,30.526524595,114.435388786,25.8199,5.5,24,0.00618465843842649,0.0143,30.5265246141,114.4353886152,0.016528428484276034
2219,DATA13,DATA13,2021-11-18 05:32:48.000000,1321248768.0,30.526562926,114.435406586,26.0128,10.8,24,0.00587962583843564,0.0139,30.5265629608,114.4354064467,0.01391460018614877
2220,DATA13,DATA13,2021-11-18 05:32:49.000000,1321248769.0,30.526601006,114.435422928,26.2138,17.0,25,0.005232590180780452,0.0108,30.5266010633,114.4354227281,0.020209368230649456
2221,DATA13,DATA13,2021-11-18 05:32:50.000000,1321248770.0,30.526639124,114.435438164,26.3909,14.1,24,0.005375872022286244,0.0119,30.5266392031,114.435438,0.018017582331113436
2222,DATA13,DATA13,2021-11-18 05:32:51.000000,1321248771.0,30.526676868,114.435452465,26.5805,33.1,24,0.005162363799656123,0.0117,30.5266769762,114.4354522812,0.02133191548083661
2223,DATA13,DATA13,2021-11-18 05:32:53.000000,1321248773.0,30.526749286,114.4354781,26.9983,6.2,22,0.00615223536610881,0.0136,30.526749484,114.4354777168,0.0428295367766437
2224,DATA13,DATA13,2021-11-18 05:32:54.000000,1321248774.0,30.526783742,114.435488883,27.1143,18.9,22,0.006981403870282824,0.0153,30.5267839628,114.4354886489,0.03322598048178778
2225,DATA13,DATA13,2021-11-18 05:32:55.000000,1321248775.0,30.526818065,114.435499272,27.2677,9.8,23,0.006519202405202649,0.0143,30.5268183666,114.4354990784,0.03825168936870911
2226,DATA13,DATA13,2021-11-18 05:32:56.000000,1321248776.0,30.526851056,114.435510539,27.4559,13.6,22,0.006030754513325841,0.013,30.5268514138,114.4355103691,0.04288706353393233
2227,DATA13,DATA13,2021-11-18 05:32:57.000000,1321248777.0,30.526881644,114.435523527,27.5948,9.3,23,0.0054451813560247924,0.0124,30.5268820291,114.435523317,0.04721101636476064
2228,DATA13,DATA13,2021-11-18 05:32:58.000000,1321248778.0,30.526911151,114.435538379,27.7584,14.1,23,0.0054451813560247924,0.0124,30.5269115526,114.435538219,0.04709581342263837
2229,DATA13,DATA13,2021-11-18 05:32:59.000000,1321248779.0,30.526940175,114.435554612,27.9179,11.6,23,0.0054451813560247924,0.0124,30.5269406309,114.4355544302,0.05346881228651832
2230,DATA13,DATA13,2021-11-18 05:33:00.000000,1321248780.0,30.526968137,114.43557137,28.0199,20.6,23,0.005590169943749474,0.0129,30.5269686682,114.4355711429,0.06279372428818394
2231,DATA13,DATA13,2021-11-18 05:33:01.000000,1321248781.0,30.526996678,114.435589384,28.0567,11.3,23,0.005590169943749474,0.0129,30.5269971652,114.4355892443,0.05565108789511955
2232,DATA13,DATA13,2021-11-18 05:33:02.000000,1321248782.0,30.527027093,114.435610311,28.0385,16.3,24,0.0054451813560247924,0.0122,30.5270275903,114.4356100803,0.05941139921746491
2233,DATA13,DATA13,2021-11-18 05:33:03.000000,1321248783.0,30.52705977,114.435633692,27.957,14.0,25,0.005374011537017762,0.0122,30.5270603201,114.435633467,0.06469527656353215
2234,DATA13,DATA13,2021-11-18 05:33:04.000000,1321248784.0,30.527093431,114.435658976,27.8308,8.2,23,0.005586591089385368,0.0129,30.5270940377,114.4356587917,0.06954674654052034
2235,DATA13,DATA13,2021-11-18 05:33:06.000000,1321248786.0,30.527161275,114.435713925,27.4347,4.2,21,0.006420280367709809,0.0134,30.5271618467,114.4357139307,0.06338208189068831
2236,DATA13,DATA13,2021-11-18 05:33:07.000000,1321248787.0,30.527193983,114.435743734,27.1425,6.1,21,0.005672741841473134,0.0111,30.5271944974,114.4357436718,0.05733892059738425
2237,DATA13,DATA13,2021-11-18 05:33:09.000000,1321248789.0,30.527253628,114.435807753,26.526,8.1,17,0.007632168761236874,0.015,30.5272541349,114.4358078302,0.05668218248276605
2238,DATA13,DATA13,2021-11-18 05:33:10.000000,1321248790.0,30.527278305,114.435841194,26.1637,7.0,19,0.008868483523128405,0.0151,30.5272788776,114.4358412446,0.0636649641544314
2239,DATA13,DATA13,2021-11-18 05:33:14.000000,1321248794.0,30.527343334,114.435982743,24.4024,4.4,20,0.006161980201201559,0.0118,30.527343774,114.4359827635,0.04881885382753192
2240,DATA13,DATA13,2021-11-18 05:33:15.000000,1321248795.0,30.52735369,114.436019747,23.8928,3.6,20,0.0062289646009589745,0.0128,30.5273541233,114.4360198573,0.04918897673765282
2241,DATA13,DATA13,2021-11-18 05:33:16.000000,1321248796.0,30.52736137,114.436058254,23.3943,3.1,18,0.006952697318307478,0.0132,30.5273618093,114.4360582512,0.04870232414079491
2242,DATA13,DATA13,2021-11-18 05:33:17.000000,1321248797.0,30.527366271,114.436097467,22.8353,4.6,18,0.0072622310621461225,0.0144,30.5273667627,114.4360976404,0.05699441656943063
2243,DATA13,DATA13,2021-11-18 05:33:20.000000,1321248800.0,30.527369536,114.436225164,21.735,4.7,15,0.012963410045200298,0.0211,30.5273697918,114.4362251836,0.028420756787003322
2244,DATA13,DATA13,2021-11-18 05:33:25.000000,1321248805.0,30.527369782,114.436444804,20.6357,4.4,16,0.013384319183283101,0.0246,30.5273700768,114.4364449344,0.03499622586798613
2245,DATA13,DATA13,2021-11-18 05:34:42.000000,1321248882.0,30.526462429,114.439063778,14.5439,6.7,22,0.005728001396647875,0.013,30.5264624069,114.4390636455,0.012950314710229826
2246,DATA13,DATA13,2021-11-18 05:34:43.000000,1321248883.0,30.526458286,114.439068287,14.496,4.2,21,0.00608276253029822,0.0133,30.5264582715,114.4390682123,0.007347202234799737
2247,DATA13,DATA13,2021-11-18 05:34:45.000000,1321248885.0,30.526439114,114.43908257,14.4933,6.2,20,0.00608276253029822,0.0133,30.526439042,114.4390823419,0.02330128219720706
2248,DATA13,DATA13,2021-11-18 05:34:46.000000,1321248886.0,30.526425098,114.439089752,14.4644,8.6,21,0.0068883960397178095,0.0148,30.5264250758,114.4390895,0.02431014475506854
2249,DATA13,DATA13,2021-11-18 05:34:51.000000,1321248891.0,30.526320225,114.439121524,14.2662,6.7,21,0.008450443775329199,0.0175,30.5263203469,114.4391213315,0.022889939118262658
2250,DATA13,DATA13,2021-11-18 05:34:54.000000,1321248894.0,30.526235904,114.439128452,14.0841,11.2,22,0.0076485292703891775,0.0154,30.5262360216,114.4391283592,0.015789062413849305
2251,DATA13,DATA13,2021-11-18 05:34:57.000000,1321248897.0,30.526154951,114.439121292,14.0093,4.4,23,0.006296824596572466,0.0145,30.526155038,114.4391213394,0.010663954700971975
2252,DATA13,DATA13,2021-11-18 05:35:00.000000,1321248900.0,30.526069982,114.439100258,14.0388,4.8,20,0.006579513659838392,0.0172,30.526070138,114.4391003478,0.01932288402990499
2253,DATA13,DATA13,2021-11-18 05:35:04.000000,1321248904.0,30.525947579,114.439056254,13.9264,17.2,21,0.007071067811865475,0.0197,30.525947752,114.4390563836,0.022859236292753476
2254,DATA13,DATA13,2021-11-18 05:35:06.000000,1321248906.0,30.525876611,114.439028159,13.8774,4.8,23,0.007071067811865475,0.0197,30.5258767856,114.4390283116,0.024272717377126843
2255,DATA13,DATA13,2021-11-18 05:35:09.000000,1321248909.0,30.52576765,114.438980503,13.6402,4.0,22,0.006171709649683789,0.0151,30.525767823,114.4389806781,0.02549989598510905
2256,DATA13,DATA13,2021-11-18 05:35:11.000000,1321248911.0,30.525692388,114.438944712,13.6366,9.1,21,0.006579513659838392,0.0172,30.5256924269,114.4389446678,0.006049193621289733
2257,DATA13,DATA13,2021-11-18 05:35:25.000000,1321248925.0,30.525171851,114.438607914,13.9702,15.8,23,0.007158910531638176,0.018,30.5251717229,114.438608292,0.03895889974791011
2258,DATA13,DATA13,2021-11-18 05:35:27.000000,1321248927.0,30.525092573,114.438556493,13.9642,20.2,23,0.007009279563550023,0.018,30.5250925313,114.4385569937,0.04827628209204715
2259,DATA13,DATA13,2021-11-18 05:35:28.000000,1321248928.0,30.525052449,114.438530534,14.0054,19.5,23,0.007424957912338628,0.0192,30.5250523663,114.4385310213,0.047658565154594976
2260,DATA13,DATA13,2021-11-18 05:35:29.000000,1321248929.0,30.525011941,114.438505525,14.1266,14.9,23,0.007083784299369934,0.018,30.5250118751,114.4385060249,0.048530740307142294
2261,DATA13,DATA13,2021-11-18 05:35:30.000000,1321248930.0,30.524971391,114.438483144,14.1769,9.4,22,0.007083784299369934,0.018,30.5249712789,114.4384835517,0.04105498262102185
2262,DATA13,DATA13,2021-11-18 05:35:31.000000,1321248931.0,30.524929907,114.438463448,14.2396,8.0,22,0.006171709649683789,0.0154,30.5249298546,114.4384638864,0.04247441625360864
2263,DATA13,DATA13,2021-11-18 05:35:32.000000,1321248932.0,30.524887382,114.438446259,14.2738,12.6,23,0.006171709649683789,0.0154,30.5248873298,114.438446723,0.044906691533824546
2264,DATA13,DATA13,2021-11-18 05:35:33.000000,1321248933.0,30.524843928,114.438431816,14.3128,22.1,23,0.00630317380372777,0.0163,30.5248438357,114.438432243,0.04223936777031549
2265,DATA13,DATA13,2021-11-18 05:35:34.000000,1321248934.0,30.524800445,114.43841875,14.4479,19.4,24,0.00608276253029822,0.0163,30.5248004196,114.4384192624,0.04925803131074139
2266,DATA13,DATA13,2021-11-18 05:35:35.000000,1321248935.0,30.524758099,114.438406494,14.6147,13.3,23,0.005805170109479997,0.0148,30.5247580497,114.4384069732,0.04631474799709072
2267,DATA13,DATA13,2021-11-18 05:35:36.000000,1321248936.0,30.524717105,114.438394577,14.8256,10.9,23,0.005805170109479997,0.0148,30.524717082,114.438394996,0.04029422760229732
2268,DATA13,DATA13,2021-11-18 05:35:37.000000,1321248937.0,30.524677071,114.438382954,14.9749,7.5,22,0.006293647591023825,0.0157,30.5246770311,114.4383834475,0.04756972376942523
2269,DATA13,DATA13,2021-11-18 05:35:38.000000,1321248938.0,30.524637723,114.438371641,15.1065,4.1,23,0.006293647591023825,0.0164,30.5246377809,114.4383718436,0.020476610954507795
2270,DATA13,DATA13,2021-11-18 05:35:39.000000,1321248939.0,30.524599183,114.438360358,15.181,3.6,22,0.006726812023536855,0.0179,30.5245992259,114.4383606829,0.031542881381398866
2271,DATA13,DATA13,2021-11-18 05:35:40.000000,1321248940.0,30.524561188,114.438349542,15.3067,5.7,24,0.006519202405202649,0.0162,30.5245611727,114.4383499007,0.03446800384728525
2272,DATA13,DATA13,2021-11-18 05:35:41.000000,1321248941.0,30.524525232,114.438339236,15.5523,6.5,23,0.006519202405202649,0.0162,30.5245251668,114.4383396137,0.0369634038681571
2273,DATA13,DATA13,2021-11-18 05:35:42.000000,1321248942.0,30.524494781,114.438329985,16.0382,6.1,24,0.006519202405202649,0.0162,30.5244947242,114.4383303821,0.0386284130114166
2274,DATA13,DATA13,2021-11-18 05:35:43.000000,1321248943.0,30.524469905,114.438322205,16.5758,7.4,23,0.005805170109479997,0.0134,30.5244699036,114.4383224735,0.02576979120123053
2275,DATA13,DATA13,2021-11-18 05:35:44.000000,1321248944.0,30.524447632,114.438314443,16.959,8.6,23,0.005805170109479997,0.0144,30.524447629,114.4383147287,0.027422121959490585
2276,DATA13,DATA13,2021-11-18 05:35:45.000000,1321248945.0,30.52442264,114.438304937,17.2683,5.5,23,0.0055172456896534884,0.0129,30.5244226161,114.4383052343,0.0286561815581128
2277,DATA13,DATA13,2021-11-18 05:35:46.000000,1321248946.0,30.524396354,114.43829285,17.5362,12.9,23,0.005586591089385368,0.013,30.5243963921,114.4382931168,0.025952219716489512
2278,DATA13,DATA13,2021-11-18 05:35:47.000000,1321248947.0,30.524367335,114.438277275,17.7748,15.0,24,0.00573149195236284,0.0138,30.5243673408,114.4382775355,0.025009821291856207
2279,DATA13,DATA13,2021-11-18 05:35:48.000000,1321248948.0,30.524335045,114.438257669,17.9982,7.8,24,0.00573149195236284,0.0138,30.5243350912,114.4382578876,0.021596334368637112
2280,DATA13,DATA13,2021-11-18 05:35:50.000000,1321248950.0,30.524271155,114.438210893,18.1585,7.7,23,0.005374011537017762,0.0126,30.5242712123,114.4382109883,0.011135986559408876
2281,DATA13,DATA13,2021-11-18 05:35:52.000000,1321248952.0,30.524207467,114.438151279,17.5723,10.3,23,0.006720863039818622,0.0179,30.5242075514,114.4381513154,0.009987633612335331
2282,DATA13,DATA13,2021-11-18 05:35:53.000000,1321248953.0,30.524172561,114.438112589,17.2039,5.9,24,0.006720863039818622,0.0179,30.5241726099,114.4381128776,0.028224037035625604
2283,DATA13,DATA13,2021-11-18 05:35:54.000000,1321248954.0,30.524137696,114.438071372,16.9486,10.5,23,0.0075822160349069455,0.0198,30.524137783,114.438071475,0.013811149912289131
2284,DATA13,DATA13,2021-11-18 05:35:55.000000,1321248955.0,30.524104734,114.438029359,16.8103,18.4,22,0.007496665925596524,0.0197,30.5241048223,114.4380293888,0.010198337912596323
2285,DATA13,DATA13,2021-11-18 05:35:56.000000,1321248956.0,30.524072953,114.437985701,16.7664,25.9,23,0.0070178344238091,0.0187,30.5240730845,114.4379858598,0.021090574780725846
2286,DATA13,DATA13,2021-11-18 05:35:58.000000,1321248958.0,30.524014176,114.437903993,16.6985,5.2,24,0.007212489168102785,0.0191,30.5240143902,114.4379041998,0.030948864286339747
2287,DATA13,DATA13,2021-11-18 05:35:59.000000,1321248959.0,30.523984803,114.437870499,16.6494,10.2,24,0.007212489168102785,0.0191,30.5239850019,114.4378705788,0.023342602373120584
2288,DATA13,DATA13,2021-11-18 05:36:00.000000,1321248960.0,30.5239542,114.437842479,16.5692,4.2,22,0.007212489168102785,0.0191,30.5239543321,114.4378427123,0.026755053650939227
2289,DATA13,DATA13,2021-11-18 05:36:01.000000,1321248961.0,30.52392194,114.437818138,16.5096,8.7,24,0.006155485358604957,0.0156,30.523922117,114.4378183035,0.025245658926800592
2290,DATA13,DATA13,2021-11-18 05:36:02.000000,1321248962.0,30.523889132,114.437796777,16.423,4.0,23,0.006020797289396148,0.0154,30.5238892273,114.4377969713,0.021432975786664962
2291,DATA13,DATA13,2021-11-18 05:36:05.000000,1321248965.0,30.523812748,114.437752015,16.282,9.6,23,0.006020797289396148,0.0154,30.5238129108,114.4377521775,0.023853243561519334
2292,DATA13,DATA13,2021-11-18 05:36:06.000000,1321248966.0,30.523798165,114.437741202,16.2434,6.8,23,0.006020797289396148,0.0154,30.5237982345,114.4377414064,0.02107628158751042
2293,DATA13,DATA13,2021-11-18 05:36:07.000000,1321248967.0,30.523788534,114.437731819,16.2574,10.3,22,0.006224146527838174,0.0159,30.5237886453,114.4377320059,0.021771903859930723
2294,DATA13,DATA13,2021-11-18 05:36:08.000000,1321248968.0,30.523781472,114.437721336,16.2794,11.0,23,0.006020797289396148,0.0154,30.5237815475,114.437721537,0.02102868939781197
2295,DATA13,DATA13,2021-11-18 05:36:09.000000,1321248969.0,30.523776927,114.437710126,16.2953,14.8,25,0.006020797289396148,0.0154,30.5237769647,114.4377102888,0.01617419038942583
2296,DATA13,DATA13,2021-11-18 05:36:10.000000,1321248970.0,30.523774331,114.437698111,16.3707,12.9,25,0.005672741841473134,0.0137,30.523774412,114.4376983252,0.02243365338157506
2297,DATA13,DATA13,2021-11-18 05:36:11.000000,1321248971.0,30.523774097,114.437683226,16.4357,14.1,25,0.005672741841473134,0.0137,30.5237741539,114.4376834295,0.020524478078724845
2298,DATA13,DATA13,2021-11-18 05:36:12.000000,1321248972.0,30.523777576,114.437665812,16.5132,9.5,24,0.005672741841473134,0.0137,30.5237775858,114.4376660258,0.020548370110903727
2299,DATA13,DATA13,2021-11-18 05:36:14.000000,1321248974.0,30.52379974,114.437631082,16.7642,6.7,25,0.0053075418038862395,0.0119,30.5237997458,114.4376312507,0.01620388043217937
2300,DATA13,DATA13,2021-11-18 05:36:15.000000,1321248975.0,30.523815729,114.437617524,16.9049,18.3,24,0.005672741841473134,0.0137,30.5238157469,114.4376177045,0.01743691559054007
2301,DATA13,DATA13,2021-11-18 05:36:16.000000,1321248976.0,30.523831912,114.437605819,17.039,8.8,24,0.00523450093132096,0.0117,30.5238319408,114.4376060498,0.022380126910455305
2302,DATA13,DATA13,2021-11-18 05:36:17.000000,1321248977.0,30.523845458,114.437596409,17.144,12.2,24,0.00523450093132096,0.0117,30.5238454849,114.4375966684,0.025074086609418754
2303,DATA13,DATA13,2021-11-18 05:36:18.000000,1321248978.0,30.523859741,114.437586279,17.2678,9.2,24,0.00523450093132096,0.0117,30.5238597799,114.437586538,0.0252290308670152
2304,DATA13,DATA13,2021-11-18 05:36:19.000000,1321248979.0,30.523877808,114.437573575,17.4026,11.0,24,0.00523450093132096,0.0117,30.52387782,114.4375738308,0.02458660999001372
2305,DATA13,DATA13,2021-11-18 05:36:20.000000,1321248980.0,30.523901296,114.437557612,17.5772,10.6,24,0.00523450093132096,0.0117,30.5239013144,114.4375578821,0.026003172162593412
2306,DATA13,DATA13,2021-11-18 05:36:21.000000,1321248981.0,30.523926871,114.437540244,17.7834,8.7,24,0.00523450093132096,0.0117,30.5239269239,114.4375404797,0.0233693009652382
2307,DATA13,DATA13,2021-11-18 05:36:22.000000,1321248982.0,30.523953922,114.437521737,17.9768,13.9,24,0.00523450093132096,0.0117,30.523953935,114.4375219699,0.022399146511998518
2308,DATA13,DATA13,2021-11-18 05:36:23.000000,1321248983.0,30.523984146,114.437499613,18.1769,5.1,24,0.00523450093132096,0.0117,30.523984227,114.4374998558,0.024973208280959582
2309,DATA13,DATA13,2021-11-18 05:36:24.000000,1321248984.0,30.524012625,114.437478392,18.3539,8.3,24,0.00523450093132096,0.0117,30.5240126704,114.4374786079,0.02132364331880551
2310,DATA13,DATA13,2021-11-18 05:36:25.000000,1321248985.0,30.524039786,114.437457699,18.5225,9.1,24,0.00523450093132096,0.0117,30.5240398464,114.4374579283,0.02300334738130103
2311,DATA13,DATA13,2021-11-18 05:36:26.000000,1321248986.0,30.524067255,114.437436405,18.6883,6.4,24,0.00523450093132096,0.0117,30.5240673197,114.4374366944,0.028686533959763002
2312,DATA13,DATA13,2021-11-18 05:36:27.000000,1321248987.0,30.524095485,114.43741567,18.8632,6.6,24,0.00523450093132096,0.0117,30.5240955514,114.4374159428,0.027197267329159093
2313,DATA13,DATA13,2021-11-18 05:36:28.000000,1321248988.0,30.524125602,114.437394062,19.0515,9.2,24,0.00523450093132096,0.0117,30.5241256864,114.4373943204,0.026506449807038694
2314,DATA13,DATA13,2021-11-18 05:36:29.000000,1321248989.0,30.524157425,114.437371449,19.2307,9.9,24,0.00523450093132096,0.0117,30.5241574963,114.4373716922,0.024643326340564983
2315,DATA13,DATA13,2021-11-18 05:36:30.000000,1321248990.0,30.524189585,114.43734885,19.4157,11.5,24,0.00523450093132096,0.0117,30.524189652,114.4373490502,0.02059999884922451
2316,DATA13,DATA13,2021-11-18 05:36:31.000000,1321248991.0,30.52422153,114.43732581,19.5947,10.6,24,0.00523450093132096,0.0117,30.5242216306,114.4373260259,0.02353181061515532
2317,DATA13,DATA13,2021-11-18 05:36:33.000000,1321248993.0,30.524283298,114.437280504,19.9234,6.7,24,0.00523450093132096,0.0117,30.5242833828,114.4372807174,0.022535692420390274
2318,DATA13,DATA13,2021-11-18 05:36:34.000000,1321248994.0,30.524312359,114.4372587,20.0967,8.1,24,0.00523450093132096,0.0117,30.5243125223,114.4372588902,0.02570936701422251
2319,DATA13,DATA13,2021-11-18 05:36:35.000000,1321248995.0,30.524338853,114.437238642,20.2628,11.4,24,0.00523450093132096,0.0117,30.5243389956,114.4372388226,0.02345971843133066
2320,DATA13,DATA13,2021-11-18 05:36:36.000000,1321248996.0,30.524361737,114.437221089,20.4239,8.7,24,0.005374011537017762,0.0123,30.5243618965,114.437221297,0.026668041420683537
2321,DATA13,DATA13,2021-11-18 05:36:37.000000,1321248997.0,30.524382671,114.43720567,20.5747,8.5,24,0.00523450093132096,0.0117,30.5243828144,114.437205868,0.024776009523529534
2322,DATA13,DATA13,2021-11-18 05:36:38.000000,1321248998.0,30.524400373,114.437193476,20.724,11.4,24,0.00523450093132096,0.0117,30.5244005033,114.4371936486,0.021978996646340995
2323,DATA13,DATA13,2021-11-18 05:36:39.000000,1321248999.0,30.52441255,114.437185153,20.8288,5.8,24,0.00523450093132096,0.0117,30.5244127195,114.4371853512,0.026738577758126155
2324,DATA13,DATA13,2021-11-18 05:36:40.000000,1321249000.0,30.524420242,114.437179704,20.8947,11.5,24,0.00523450093132096,0.0117,30.5244203734,114.4371798929,0.023257064574692423
2325,DATA13,DATA13,2021-11-18 05:36:41.000000,1321249001.0,30.524426358,114.4371748,20.9492,12.5,24,0.00523450093132096,0.0117,30.5244265088,114.4371749881,0.024604845766023935
2326,DATA13,DATA13,2021-11-18 05:36:42.000000,1321249002.0,30.524436195,114.437166445,21.0439,11.9,24,0.00523450093132096,0.0117,30.5244363156,114.4371666223,0.02164053994810714
2327,DATA13,DATA13,2021-11-18 05:36:43.000000,1321249003.0,30.524450876,114.437154009,21.1674,13.7,24,0.00523450093132096,0.0117,30.524451028,114.4371541664,0.02263099188481499
2328,DATA13,DATA13,2021-11-18 05:36:44.000000,1321249004.0,30.524470955,114.437137492,21.3514,9.9,24,0.00523450093132096,0.0117,30.5244710994,114.437137649,0.021984485555867135
2329,DATA13,DATA13,2021-11-18 05:36:45.000000,1321249005.0,30.524495894,114.437117415,21.5647,4.8,24,0.00523450093132096,0.0117,30.5244960622,114.4371176006,0.025787810536720388
2330,DATA13,DATA13,2021-11-18 05:36:46.000000,1321249006.0,30.524525105,114.437095077,21.847,13.7,24,0.00523450093132096,0.0117,30.5245252345,114.4370952006,0.01862340781145853
2331,DATA13,DATA13,2021-11-18 05:36:47.000000,1321249007.0,30.524551839,114.43707513,22.1296,10.6,24,0.00523450093132096,0.0117,30.5245519705,114.437075265,0.01950389448372443
2332,DATA13,DATA13,2021-11-18 05:36:48.000000,1321249008.0,30.524574492,114.437058294,22.3559,11.1,24,0.00523450093132096,0.0117,30.5245746339,114.4370584604,0.022417009461493647
2333,DATA13,DATA13,2021-11-18 05:36:49.000000,1321249009.0,30.524596732,114.437042298,22.5556,10.2,24,0.00523450093132096,0.0117,30.5245968578,114.4370424512,0.02026553219388227
2334,DATA13,DATA13,2021-11-18 05:36:50.000000,1321249010.0,30.524619357,114.437026645,22.7416,7.9,24,0.00523450093132096,0.0117,30.5246194619,114.4370267825,0.01758955542463965
2335,DATA13,DATA13,2021-11-18 05:36:51.000000,1321249011.0,30.524642277,114.437011414,22.9198,13.8,24,0.00523450093132096,0.0117,30.524642392,114.437011535,0.017245314755204876
2336,DATA13,DATA13,2021-11-18 05:36:52.000000,1321249012.0,30.524665039,114.436996422,23.0938,17.8,24,0.00523450093132096,0.0117,30.5246650616,114.4369965879,0.0161181797414015
2337,DATA13,DATA13,2021-11-18 05:36:53.000000,1321249013.0,30.524687195,114.436981778,23.2974,8.8,24,0.00523450093132096,0.0117,30.5246872626,114.4369819363,0.016940673597876103
2338,DATA13,DATA13,2021-11-18 05:36:54.000000,1321249014.0,30.524709759,114.436967145,23.4825,4.6,24,0.00523450093132096,0.0117,30.5247098038,114.4369672308,0.009616481716415572
2339,DATA13,DATA13,2021-11-18 05:36:55.000000,1321249015.0,30.524731738,114.436952942,23.6721,9.6,24,0.00523450093132096,0.0117,30.5247317986,114.4369530981,0.016419064341470658
2340,DATA13,DATA13,2021-11-18 05:36:57.000000,1321249017.0,30.524771772,114.436926496,23.9859,9.9,23,0.005672741841473134,0.0137,30.5247717687,114.4369266687,0.016578911430156693
2341,DATA13,DATA13,2021-11-18 05:36:58.000000,1321249018.0,30.524793319,114.43691183,24.1688,12.7,22,0.005805170109479997,0.0144,30.5247933032,114.4369119109,0.007959500002702988
2342,DATA13,DATA13,2021-11-18 05:36:59.000000,1321249019.0,30.524812215,114.436898444,24.2829,13.1,24,0.005805170109479997,0.0144,30.5248122225,114.4368985918,0.014209440587217306
2343,DATA13,DATA13,2021-11-18 05:37:21.000000,1321249041.0,30.525276171,114.436449478,26.7607,7.3,22,0.007142128534267638,0.0135,30.525276788,114.4364504576,0.11626659896598138
2344,DATA13,DATA13,2021-11-18 05:37:44.000000,1321249064.0,30.525631996,114.43581554,26.6012,7.7,23,0.006747592163134935,0.0156,30.5256325396,114.4358157546,0.0636867730574263
2345,DATA13,DATA13,2021-11-18 05:37:47.000000,1321249067.0,30.525679784,114.435734736,26.2237,4.7,22,0.007427651041883968,0.0201,30.5256799947,114.4357350281,0.03649013928992337
2346,DATA13,DATA13,2021-11-18 05:37:48.000000,1321249068.0,30.525695153,114.435707324,26.0585,6.8,24,0.006648308055437865,0.0171,30.525695388,114.4357076355,0.03965476316116006
2347,DATA13,DATA13,2021-11-18 05:37:49.000000,1321249069.0,30.52571089,114.435679232,25.8753,17.3,24,0.0060876925020897695,0.0155,30.5257109955,114.435679365,0.017312662609395662
2348,DATA13,DATA13,2021-11-18 05:37:50.000000,1321249070.0,30.525726913,114.435650097,25.7616,22.0,24,0.0060876925020897695,0.0155,30.5257269945,114.4356502103,0.014137761610156462
2349,DATA13,DATA13,2021-11-18 05:37:51.000000,1321249071.0,30.5257436,114.435619342,25.6594,11.5,23,0.005374011537017762,0.0126,30.5257436893,114.4356194549,0.014677075291006326
2350,DATA13,DATA13,2021-11-18 05:37:52.000000,1321249072.0,30.52576113,114.435587075,25.5512,9.4,24,0.005374011537017762,0.0126,30.5257611819,114.4355871791,0.011529238231789795
2351,DATA13,DATA13,2021-11-18 05:37:53.000000,1321249073.0,30.525778764,114.435555048,25.4577,11.0,24,0.005374011537017762,0.0126,30.525778783,114.4355550754,0.003369283699164503
2352,DATA13,DATA13,2021-11-18 05:37:54.000000,1321249074.0,30.525795783,114.435523784,25.3482,12.9,24,0.00523450093132096,0.012,30.5257958234,114.4355239245,0.014208705865748504
2353,DATA13,DATA13,2021-11-18 05:37:55.000000,1321249075.0,30.525811483,114.435493834,25.254,10.1,24,0.00523450093132096,0.012,30.5258115192,114.4354939431,0.011213498089896006
2354,DATA13,DATA13,2021-11-18 05:37:56.000000,1321249076.0,30.525825073,114.435465981,25.194,9.9,23,0.005374011537017762,0.0126,30.5258251159,114.4354660956,0.011982852982010432
2355,DATA13,DATA13,2021-11-18 05:37:57.000000,1321249077.0,30.525836763,114.435441557,25.1387,10.8,24,0.00523450093132096,0.0117,30.525836769,114.4354416282,0.006865641075363194
2356,DATA13,DATA13,2021-11-18 05:37:58.000000,1321249078.0,30.525847868,114.435418325,25.0964,13.6,24,0.00523450093132096,0.0117,30.5258478783,114.4354183453,0.0022582377881035865
2357,DATA13,DATA13,2021-11-18 05:37:59.000000,1321249079.0,30.525858311,114.435397386,25.0183,14.7,24,0.00523450093132096,0.0117,30.5258583515,114.4353974423,0.007025326966217139
2358,DATA13,DATA13,2021-11-18 05:38:00.000000,1321249080.0,30.525867824,114.435379876,24.9507,10.1,24,0.005374011537017762,0.0123,30.5258678658,114.4353799231,0.006473631528429774
2359,DATA13,DATA13,2021-11-18 05:38:01.000000,1321249081.0,30.525877449,114.435363127,24.9064,7.5,24,0.00523450093132096,0.0117,30.5258775145,114.4353631818,0.008966023630734166
2360,DATA13,DATA13,2021-11-18 05:38:02.000000,1321249082.0,30.525886883,114.435346899,24.8343,6.9,24,0.00523450093132096,0.0117,30.5258869563,114.435346981,0.011312349964767541
2361,DATA13,DATA13,2021-11-18 05:38:04.000000,1321249084.0,30.525905047,114.435315923,24.715,9.9,22,0.0054451813560247924,0.012,30.5259051386,114.4353159033,0.010329447175324092
2362,DATA13,DATA13,2021-11-18 05:38:06.000000,1321249086.0,30.525922616,114.435284763,24.5464,3.5,24,0.005374011537017762,0.0123,30.5259227112,114.4352847146,0.011531047417001243
2363,DATA13,DATA13,2021-11-18 05:38:11.000000,1321249091.0,30.525972101,114.435195977,23.6285,3.5,24,0.0059413803110051795,0.0137,30.5259722839,114.435195989,0.020309297704584693
2364,DATA13,DATA13,2021-11-18 05:38:15.000000,1321249095.0,30.526009268,114.435146231,23.06,3.9,21,0.005869412236331676,0.013,30.526009511,114.4351464696,0.03535690796335284
2365,DATA13,DATA13,2021-11-18 05:38:16.000000,1321249096.0,30.526022909,114.435136799,23.0198,5.3,24,0.005805170109479997,0.0136,30.5260231529,114.435136927,0.02969898299591436
2366,DATA13,DATA13,2021-11-18 05:38:17.000000,1321249097.0,30.526039906,114.435130755,23.0976,6.0,23,0.005728001396647875,0.0135,30.5260401024,114.4351309434,0.028302172105404835
2367,DATA13,DATA13,2021-11-18 05:38:18.000000,1321249098.0,30.526058516,114.435129307,23.1758,11.3,24,0.005728001396647875,0.0135,30.5260587463,114.435129541,0.03400309095152116
2368,DATA13,DATA13,2021-11-18 05:38:19.000000,1321249099.0,30.526078007,114.435133727,23.2643,12.4,24,0.0053075418038862395,0.012,30.5260782019,114.4351338826,0.026265378369507972
2369,DATA13,DATA13,2021-11-18 05:38:20.000000,1321249100.0,30.526098076,114.435143178,23.3623,7.1,24,0.0053075418038862395,0.012,30.5260982039,114.4351433379,0.020893913595993102
2370,DATA13,DATA13,2021-11-18 05:38:24.000000,1321249104.0,30.526196111,114.435203895,23.9275,6.8,22,0.0060876925020897695,0.0135,30.5261962174,114.4352039881,0.014797805935313133
2371,DATA13,DATA13,2021-11-18 05:38:25.000000,1321249105.0,30.526223921,114.435221268,24.0897,3.8,23,0.005798275605729691,0.0129,30.5262241169,114.4352214145,0.025871814691285352
2372,DATA13,DATA13,2021-11-18 05:38:27.000000,1321249107.0,30.526281172,114.43525561,24.4026,11.3,22,0.006648308055437865,0.0139,30.5262812778,114.4352557607,0.018621434173596896
2373,DATA13,DATA13,2021-11-18 05:38:30.000000,1321249110.0,30.526377965,114.43530953,24.9867,8.0,23,0.006794115100585212,0.0143,30.5263781003,114.4353096071,0.016725469841551693
2374,DATA13,DATA13,2021-11-18 05:38:31.000000,1321249111.0,30.526409479,114.435325946,25.1533,4.8,21,0.006010823570859487,0.0129,30.5264096185,114.4353260634,0.01913437915479933
2375,DATA13,DATA13,2021-11-18 05:38:32.000000,1321249112.0,30.526438802,114.435341173,25.3543,4.5,23,0.0058,0.0125,30.5264390043,114.4353411962,0.022537598249494983
2376,DATA13,DATA13,2021-11-18 05:38:33.000000,1321249113.0,30.526465882,114.435355101,25.5276,6.4,22,0.006010823570859487,0.0126,30.5264661074,114.4353550133,0.02636771256941067
2377,DATA13,DATA13,2021-11-18 05:38:34.000000,1321249114.0,30.526491286,114.435367509,25.6337,3.5,24,0.006171709649683789,0.0136,30.5264913672,114.4353676085,0.013123473886306187
2378,DATA13,DATA13,2021-11-18 05:38:36.000000,1321249116.0,30.526540155,114.43539125,25.9203,7.4,24,0.00587281874401041,0.0128,30.5265402812,114.4353913777,0.018599614967747733
2379,DATA13,DATA13,2021-11-18 05:38:37.000000,1321249117.0,30.526565166,114.435403201,26.0316,10.4,23,0.00565685424949238,0.0124,30.5265653008,114.4354033293,0.019363553956109215
2380,DATA13,DATA13,2021-11-18 05:38:38.000000,1321249118.0,30.526590172,114.43541477,26.1475,4.9,23,0.0058,0.013,30.5265902799,114.4354148798,0.0159416330341689
2381,DATA13,DATA13,2021-11-18 05:38:40.000000,1321249120.0,30.526638496,114.435436289,26.3882,8.5,24,0.0055172456896534884,0.0124,30.526638591,114.4354364346,0.01749812705493289
2382,DATA13,DATA13,2021-11-18 05:38:41.000000,1321249121.0,30.526663331,114.435447145,26.5219,6.7,24,0.0055172456896534884,0.0124,30.5266634427,114.4354472795,0.017887752341986803
2383,DATA13,DATA13,2021-11-18 05:38:44.000000,1321249124.0,30.526732068,114.435473486,26.8783,5.5,24,0.00551543289325507,0.0123,30.5267322105,114.4354736056,0.019527519392720318
2384,DATA13,DATA13,2021-11-18 05:38:45.000000,1321249125.0,30.526752594,114.435480308,27.0178,4.0,23,0.0054451813560247924,0.0124,30.5267527337,114.4354802091,0.018164595429894535
2385,DATA13,DATA13,2021-11-18 05:38:46.000000,1321249126.0,30.526770848,114.435485828,27.0627,7.7,22,0.0058137767414994535,0.013,30.5267709119,114.4354859219,0.011462889685253745
2386,DATA13,DATA13,2021-11-18 05:38:47.000000,1321249127.0,30.526787847,114.435491046,27.1453,6.1,23,0.0058137767414994535,0.013,30.526787911,114.4354911418,0.01161356427407532
2387,DATA13,DATA13,2021-11-18 05:38:48.000000,1321249128.0,30.526804141,114.435496046,27.2447,4.0,23,0.0054451813560247924,0.0124,30.5268042745,114.4354960112,0.01517222233937477
2388,DATA13,DATA13,2021-11-18 05:38:49.000000,1321249129.0,30.52681873,114.435500103,27.2716,7.7,23,0.0054451813560247924,0.0124,30.5268188277,114.4355002702,0.01936003753592606
2389,DATA13,DATA13,2021-11-18 05:38:50.000000,1321249130.0,30.526831802,114.435503936,27.3407,7.7,23,0.005590169943749474,0.0128,30.5268318795,114.4355040327,0.012647061947234252
2390,DATA13,DATA13,2021-11-18 05:38:51.000000,1321249131.0,30.526844735,114.435507655,27.4343,6.8,23,0.005590169943749474,0.0125,30.5268448516,114.435507698,0.0135692651450933
2391,DATA13,DATA13,2021-11-18 05:38:52.000000,1321249132.0,30.526857349,114.435511123,27.4824,9.2,23,0.0054451813560247924,0.0124,30.5268574029,114.4355111878,0.008624534153019945
2392,DATA13,DATA13,2021-11-18 05:38:53.000000,1321249133.0,30.526871192,114.435515535,27.5697,8.0,23,0.0054451813560247924,0.0124,30.5268712692,114.4355155655,0.009045267249426866
2393,DATA13,DATA13,2021-11-18 05:38:54.000000,1321249134.0,30.526887056,114.435521388,27.6174,6.1,23,0.0054451813560247924,0.0124,30.5268871027,114.4355213963,0.005238171365102288
2394,DATA13,DATA13,2021-11-18 05:38:55.000000,1321249135.0,30.526903707,114.435528486,27.7168,9.3,23,0.0054451813560247924,0.0124,30.5269038109,114.4355286132,0.016784106300165788
2395,DATA13,DATA13,2021-11-18 05:38:56.000000,1321249136.0,30.526919825,114.43553596,27.8057,8.7,23,0.0054451813560247924,0.0124,30.5269199301,114.4355360357,0.013731049454161728
2396,DATA13,DATA13,2021-11-18 05:38:57.000000,1321249137.0,30.52693257,114.435542273,27.8847,7.4,23,0.0054451813560247924,0.0124,30.5269326661,114.4355424109,0.016990003873332618
2397,DATA13,DATA13,2021-11-18 05:38:58.000000,1321249138.0,30.526942898,114.435547571,27.9265,10.3,24,0.0054451813560247924,0.0124,30.5269429984,114.4355476767,0.015059754213960972
2398,DATA13,DATA13,2021-11-18 05:39:00.000000,1321249140.0,30.526964064,114.435558784,28.0322,7.0,24,0.0054451813560247924,0.0124,30.5269641825,114.4355588639,0.015211376619317868
2399,DATA13,DATA13,2021-11-18 05:39:01.000000,1321249141.0,30.526977132,114.435566041,28.0622,8.1,24,0.005374011537017762,0.0123,30.5269772251,114.4355661441,0.014298077253805858
2400,DATA13,DATA13,2021-11-18 05:39:02.000000,1321249142.0,30.526991999,114.435575488,28.0983,6.5,24,0.00523450093132096,0.0117,30.5269921444,114.4355756008,0.019417229903353296
2401,DATA13,DATA13,2021-11-18 05:39:03.000000,1321249143.0,30.527010105,114.435588391,28.1344,8.3,24,0.00523450093132096,0.0117,30.5270102673,114.4355884778,0.01982775756705675
2402,DATA13,DATA13,2021-11-18 05:39:04.000000,1321249144.0,30.527029895,114.435603262,28.1128,6.9,24,0.00523450093132096,0.0117,30.5270300574,114.4356033785,0.021193249015499047
2403,DATA13,DATA13,2021-11-18 05:39:05.000000,1321249145.0,30.527050543,114.435619161,28.0435,6.9,23,0.005374011537017762,0.0123,30.5270506529,114.4356193089,0.01870623384608592
2404,DATA13,DATA13,2021-11-18 05:39:06.000000,1321249146.0,30.527072304,114.435636579,27.9616,4.5,23,0.005374011537017762,0.0123,30.5270725234,114.4356367329,0.02845648901051612
2405,DATA13,DATA13,2021-11-18 05:39:07.000000,1321249147.0,30.52709606,114.435655604,27.8512,8.7,22,0.005586591089385368,0.0131,30.5270962405,114.4356557546,0.02468453258463333
2406,DATA13,DATA13,2021-11-18 05:39:08.000000,1321249148.0,30.527122165,114.435676077,27.6924,8.3,23,0.005586591089385368,0.0131,30.5271223087,114.435676209,0.020353873977333212
2407,DATA13,DATA13,2021-11-18 05:39:10.000000,1321249150.0,30.527178915,114.435721283,27.346,7.9,20,0.006481512169239521,0.0134,30.527179035,114.4357215665,0.030286457745989828
2408,DATA13,DATA13,2021-11-18 05:39:11.000000,1321249151.0,30.527206955,114.435746043,27.1075,4.4,22,0.006481512169239521,0.0134,30.5272071287,114.435746095,0.019892875398028247
2409,DATA13,DATA13,2021-11-18 05:39:12.000000,1321249152.0,30.527233319,114.435771926,26.8977,3.9,23,0.006107372593840988,0.0133,30.5272334576,114.4357720851,0.021662102210840438
2410,DATA13,DATA13,2021-11-18 05:39:13.000000,1321249153.0,30.527257498,114.43579989,26.588,12.0,21,0.006200806399170998,0.0119,30.5272576162,114.4358000796,0.022423652148257634
2411,DATA13,DATA13,2021-11-18 05:39:14.000000,1321249154.0,30.52727957,114.435830638,26.2396,3.0,20,0.0058137767414994535,0.0115,30.5272796353,114.435830757,0.013521843078318184
2412,DATA13,DATA13,2021-11-18 05:39:17.000000,1321249157.0,30.52732977,114.435931383,25.0495,3.6,18,0.006789698078707182,0.0131,30.5273297685,114.4359315017,0.01139314307778681
2413,DATA13,DATA13,2021-11-18 05:39:18.000000,1321249158.0,30.52734207,114.43596699,24.5757,4.9,19,0.006720863039818622,0.0139,30.5273421696,114.4359671157,0.01635407687165171
2414,DATA13,DATA13,2021-11-18 05:39:21.000000,1321249161.0,30.527367245,114.436080695,23.0741,4.9,21,0.006576473218982953,0.0121,30.5273673838,114.4360808093,0.018897400987059346
2415,DATA13,DATA13,2021-11-18 05:39:25.000000,1321249165.0,30.527373511,114.436245234,21.6165,5.8,17,0.008340863264674706,0.017,30.5273737444,114.4362454236,0.031632736342887484
2416,DATA13,DATA13,2021-11-18 05:39:26.000000,1321249166.0,30.527372705,114.436291483,21.3379,13.1,17,0.008340863264674706,0.017,30.5273729756,114.4362917339,0.038467804239553684
2417,DATA13,DATA13,2021-11-18 05:39:34.000000,1321249174.0,30.52737745,114.436666216,19.8751,6.5,15,0.009265527507918802,0.0215,30.5273776798,114.436666692,0.052306296492555956
2418,DATA13,DATA13,2021-11-18 05:40:14.000000,1321249214.0,30.527007525,114.438426666,13.9821,3.9,17,0.011025878649794764,0.0211,30.5270085425,114.4384278325,0.15892602718735274
2419,DATA13,DATA13,2021-11-18 05:40:16.000000,1321249216.0,30.526967774,114.438498126,14.3691,3.6,16,0.015276125163142648,0.0211,30.5269687482,114.4384989591,0.1343766094218445
2420,DATA13,DATA13,2021-11-18 05:40:24.000000,1321249224.0,30.526806008,114.438747159,14.4607,6.3,20,0.012445882853377657,0.0294,30.5268060757,114.4387474097,0.025203809801717787
2421,DATA13,DATA13,2021-11-18 05:40:26.000000,1321249226.0,30.526743932,114.438824517,14.32,5.3,18,0.009143850392476902,0.0197,30.5267437599,114.438824405,0.021898841572990647
2422,DATA13,DATA13,2021-11-18 05:40:27.000000,1321249227.0,30.526709224,114.438858375,14.4295,3.2,15,0.011458621208504974,0.02,30.5267090335,114.4388582467,0.024446593270289994
2423,DATA13,DATA13,2021-11-18 05:40:29.000000,1321249229.0,30.526643246,114.43891057,14.7516,4.9,16,0.01520690632574555,0.0212,30.5266432431,114.4389105239,0.004436019462553524
2424,DATA13,DATA13,2021-11-18 05:40:30.000000,1321249230.0,30.526613884,114.438932432,14.741,4.3,17,0.010282509421342633,0.0211,30.5266138152,114.4389325367,0.012615276036782024
2425,DATA13,DATA13,2021-11-18 05:40:31.000000,1321249231.0,30.526585686,114.43895349,14.7516,4.6,16,0.00873212459828649,0.0196,30.526585658,114.4389534832,0.003171986638087589
2426,DATA13,DATA13,2021-11-18 05:40:32.000000,1321249232.0,30.5265589,114.438973209,14.7482,9.6,16,0.00873212459828649,0.0196,30.5265587978,114.438973257,0.012230778917001804
2427,DATA13,DATA13,2021-11-18 05:40:34.000000,1321249234.0,30.52651419,114.439007597,14.6762,3.3,18,0.00873212459828649,0.0196,30.5265140735,114.439007604,0.012932839592078148
2428,DATA13,DATA13,2021-11-18 05:40:35.000000,1321249235.0,30.526498639,114.439025514,14.6658,9.4,19,0.00873212459828649,0.0177,30.5264985838,114.439025523,0.006180218190602462
2429,DATA13,DATA13,2021-11-18 05:40:36.000000,1321249236.0,30.526487842,114.439046317,14.5609,6.9,19,0.00873212459828649,0.0196,30.5264877716,114.4390462767,0.00871044885214104
2430,DATA13,DATA13,2021-11-18 05:40:37.000000,1321249237.0,30.526483294,114.439067281,14.4777,6.8,21,0.007071067811865475,0.0154,30.5264831713,114.4390672721,0.013629512362559361
2431,DATA13,DATA13,2021-11-18 05:40:38.000000,1321249238.0,30.526484902,114.43908661,14.3434,8.5,21,0.007071067811865475,0.0154,30.5264848912,114.4390867077,0.009452707865038348
2432,DATA13,DATA13,2021-11-18 05:40:39.000000,1321249239.0,30.526492146,114.439106176,14.2053,10.0,23,0.007071067811865475,0.0154,30.5264921816,114.4391062312,0.006606211772636768
2433,DATA13,DATA13,2021-11-18 05:40:40.000000,1321249240.0,30.526503838,114.439124516,14.0419,5.6,23,0.006511528238439882,0.0151,30.5265038974,114.4391246901,0.01795974571842167
2434,DATA13,DATA13,2021-11-18 05:40:41.000000,1321249241.0,30.526519699,114.439144636,13.8454,5.8,24,0.006511528238439882,0.0151,30.5265197907,114.4391447728,0.016604863776631906
2435,DATA13,DATA13,2021-11-18 05:40:42.000000,1321249242.0,30.526538412,114.439166517,13.584,19.8,24,0.006788225099390856,0.017,30.5265384301,114.4391666183,0.009926988102860775
2436,DATA13,DATA13,2021-11-18 05:40:43.000000,1321249243.0,30.526558893,114.439188963,13.3841,4.8,24,0.006293647591023825,0.014,30.5265589475,114.4391891002,0.014487521292527034
2437,DATA13,DATA13,2021-11-18 05:40:44.000000,1321249244.0,30.526582616,114.439213569,13.0969,5.0,25,0.00587281874401041,0.0133,30.5265827408,114.4392137442,0.02177494481149418
2438,DATA13,DATA13,2021-11-18 05:40:45.000000,1321249245.0,30.526609546,114.439239879,12.8195,4.1,24,0.0054451813560247924,0.0115,30.526609656,114.4392400706,0.022064600940501708
2439,DATA13,DATA13,2021-11-18 05:40:49.000000,1321249249.0,30.526729856,114.439353733,11.628,4.6,25,0.005381449618829484,0.012,30.5267299955,114.4393539471,0.025717379652425456
2440,DATA13,DATA13,2021-11-18 05:40:50.000000,1321249250.0,30.526759609,114.439380984,11.4017,5.6,25,0.005531726674375732,0.0122,30.5267597685,114.4393811892,0.0264670865437344
2441,DATA13,DATA13,2021-11-18 05:40:51.000000,1321249251.0,30.526788734,114.439407908,11.1399,6.8,25,0.005381449618829484,0.012,30.5267889002,114.4394081062,0.02648238651658334
2442,DATA13,DATA13,2021-11-18 05:40:52.000000,1321249252.0,30.526817038,114.439433744,10.875,9.0,25,0.0053075418038862395,0.0116,30.5268171689,114.4394339366,0.02350027516488414
2443,DATA13,DATA13,2021-11-18 05:40:53.000000,1321249253.0,30.52684442,114.43945896,10.7032,5.9,25,0.0053075418038862395,0.0116,30.5268445748,114.4394591387,0.02426203165204193
2444,DATA13,DATA13,2021-11-18 05:40:54.000000,1321249254.0,30.526872375,114.439484565,10.5587,5.5,24,0.005381449618829484,0.012,30.5268725231,114.4394847248,0.022467231631313374
2445,DATA13,DATA13,2021-11-18 05:40:55.000000,1321249255.0,30.526900502,114.439509934,10.4596,5.4,25,0.005374011537017762,0.0127,30.5269006099,114.439510151,0.024016942121024776
2446,DATA13,DATA13,2021-11-18 05:40:56.000000,1321249256.0,30.526927986,114.43953514,10.3962,6.2,25,0.005162363799656123,0.0114,30.5269281662,114.4395352617,0.023141087553772373
2447,DATA13,DATA13,2021-11-18 05:40:57.000000,1321249257.0,30.526955132,114.439559972,10.3744,5.8,25,0.005091168824543142,0.0108,30.526955261,114.4395601455,0.021949639567358906
2448,DATA13,DATA13,2021-11-18 05:40:59.000000,1321249259.0,30.527011047,114.439611261,10.3325,5.2,23,0.005374011537017762,0.0123,30.5270111593,114.4396114227,0.019895433599957123
2449,DATA13,DATA13,2021-11-18 05:41:00.000000,1321249260.0,30.527039702,114.43963752,10.3281,6.6,23,0.005374011537017762,0.0123,30.5270398111,114.4396377132,0.022137990207781906
2450,DATA13,DATA13,2021-11-18 05:41:01.000000,1321249261.0,30.527067799,114.439663116,10.3322,7.5,23,0.005374011537017762,0.0123,30.5270679286,114.4396632857,0.021718210398128206
2451,DATA13,DATA13,2021-11-18 05:41:03.000000,1321249263.0,30.527121709,114.439711725,10.3295,6.8,24,0.005374011537017762,0.0127,30.5271218419,114.4397119097,0.02304975028530869
2452,DATA13,DATA13,2021-11-18 05:41:05.000000,1321249265.0,30.527172242,114.439754963,10.3849,9.3,23,0.0055172456896534884,0.0128,30.5271723851,114.4397551053,0.02093288794315802
2453,DATA13,DATA13,2021-11-18 05:41:07.000000,1321249267.0,30.527219352,114.439792272,10.4473,5.9,23,0.005374011537017762,0.0127,30.527219506,114.4397924009,0.021083500932201297
2454,DATA13,DATA13,2021-11-18 05:41:08.000000,1321249268.0,30.527242072,114.439808792,10.4619,3.7,24,0.005374011537017762,0.0127,30.5272421928,114.4398090122,0.025019110200220244
2455,DATA13,DATA13,2021-11-18 05:41:09.000000,1321249269.0,30.527264796,114.439824715,10.5079,7.0,24,0.00523450093132096,0.0118,30.5272649057,114.4398248896,0.020704868100820777
2456,DATA13,DATA13,2021-11-18 05:41:10.000000,1321249270.0,30.527288108,114.439840671,10.557,6.2,23,0.0054451813560247924,0.0123,30.5272882616,114.4398408557,0.02458003439972692
2457,DATA13,DATA13,2021-11-18 05:41:12.000000,1321249272.0,30.527336293,114.43987316,10.6164,3.2,24,0.005805170109479997,0.0132,30.5273364447,114.4398733328,0.023619147203021402
2458,DATA13,DATA13,2021-11-18 05:41:14.000000,1321249274.0,30.527388749,114.439909686,10.6925,3.3,24,0.005374011537017762,0.0123,30.527389066,114.4399097455,0.0356040266455728
2459,DATA13,DATA13,2021-11-18 05:41:28.000000,1321249288.0,30.527704643,114.44023004,11.1074,3.1,21,0.012763228431709588,0.0313,30.5277044503,114.4402300725,0.02158952437193487
2460,DATA13,DATA13,2021-11-18 05:41:33.000000,1321249293.0,30.527783087,114.440304976,12.3251,4.5,23,0.008121576201698781,0.0189,30.5277830216,114.4403051524,0.018416653723536097
2461,DATA13,DATA13,2021-11-18 05:41:34.000000,1321249294.0,30.52779469,114.440315104,12.516,16.1,24,0.007083784299369934,0.0186,30.5277946683,114.4403153305,0.021870328434145162
2462,DATA13,DATA13,2021-11-18 05:41:35.000000,1321249295.0,30.527805229,114.440323834,12.6533,9.5,24,0.007083784299369934,0.0186,30.5278052142,114.4403239782,0.013936057026047116
2463,DATA13,DATA13,2021-11-18 05:41:36.000000,1321249296.0,30.527817295,114.440332052,12.7963,16.1,24,0.007083784299369934,0.0186,30.5278172601,114.4403321097,0.00675532421643947
2464,DATA13,DATA13,2021-11-18 05:41:37.000000,1321249297.0,30.527830449,114.440337586,12.9663,17.8,24,0.005966573556070519,0.0139,30.5278304237,114.4403376876,0.010146117747398424
2465,DATA13,DATA13,2021-11-18 05:41:38.000000,1321249298.0,30.527842821,114.440338947,13.0219,11.9,23,0.006171709649683789,0.0151,30.5278428095,114.4403390639,0.011291306256095908
2466,DATA13,DATA13,2021-11-18 05:41:39.000000,1321249299.0,30.52785335,114.440337281,13.072,15.0,23,0.005672741841473134,0.0138,30.5278534038,114.4403374526,0.017515518419658916
2467,DATA13,DATA13,2021-11-18 05:41:40.000000,1321249300.0,30.527860945,114.440334553,13.0649,9.4,24,0.005672741841473134,0.0138,30.5278609738,114.4403346924,0.013754174317925316
2468,DATA13,DATA13,2021-11-18 05:41:41.000000,1321249301.0,30.527865762,114.4403322,13.05,14.0,24,0.005672741841473134,0.0138,30.5278657511,114.4403322968,0.009368324414774294
2469,DATA13,DATA13,2021-11-18 05:41:42.000000,1321249302.0,30.527869555,114.440330268,13.0416,7.2,23,0.005805170109479997,0.0145,30.5278695723,114.4403303843,0.01132509357399477
2470,DATA13,DATA13,2021-11-18 05:41:43.000000,1321249303.0,30.527871648,114.440329227,13.0273,8.4,22,0.005805170109479997,0.0145,30.5278716532,114.4403293591,0.012690965556875449
2471,DATA13,DATA13,2021-11-18 05:41:44.000000,1321249304.0,30.527871724,114.440329194,13.03,7.4,23,0.005805170109479997,0.0145,30.5278717229,114.4403293251,0.012582485897133086
2472,DATA13,DATA13,2021-11-18 05:41:45.000000,1321249305.0,30.52787175,114.440329223,13.0302,7.2,23,0.005805170109479997,0.0145,30.5278717373,114.4403293174,0.009168481100280956
2473,DATA13,DATA13,2021-11-18 05:41:46.000000,1321249306.0,30.527871731,114.440329199,13.0344,6.0,23,0.005805170109479997,0.0145,30.5278717419,114.4403293139,0.011093164207501557
2474,DATA13,DATA13,2021-11-18 05:41:47.000000,1321249307.0,30.527871734,114.440329209,13.0336,6.5,23,0.005805170109479997,0.0145,30.5278717418,114.4403293156,0.010267067650926994
2475,DATA13,DATA13,2021-11-18 05:41:48.000000,1321249308.0,30.527871721,114.440329187,13.0348,7.1,23,0.005805170109479997,0.0145,30.527871741,114.4403293189,0.01285138556772123
2476,DATA13,DATA13,2021-11-18 05:41:49.000000,1321249309.0,30.52787174,114.440329222,13.0299,7.2,23,0.005805170109479997,0.0145,30.5278717388,114.4403293248,0.009866792055856752
2477,DATA13,DATA13,2021-11-18 05:41:50.000000,1321249310.0,30.527871725,114.4403292,13.0305,7.0,23,0.005805170109479997,0.0145,30.5278717372,114.4403293282,0.012377694233527449
2478,DATA13,DATA13,2021-11-18 05:41:51.000000,1321249311.0,30.527871724,114.440329218,13.0319,7.5,23,0.005805170109479997,0.0145,30.5278717365,114.4403293335,0.011171023493473637
2479,DATA13,DATA13,2021-11-18 05:41:52.000000,1321249312.0,30.527871721,114.440329223,13.0336,9.4,23,0.005805170109479997,0.0145,30.5278717332,114.4403293493,0.012196454894586949
2480,DATA13,DATA13,2021-11-18 05:41:53.000000,1321249313.0,30.527871733,114.440329217,13.034,8.9,23,0.005805170109479997,0.0145,30.5278717519,114.4403293485,0.012793036271178712
2481,DATA13,DATA13,2021-11-18 05:41:54.000000,1321249314.0,30.527871794,114.440329197,13.0403,8.5,23,0.005805170109479997,0.0145,30.5278718077,114.4403293206,0.011958944551707028
2482,DATA13,DATA13,2021-11-18 05:41:55.000000,1321249315.0,30.52787141,114.440329438,13.0422,7.8,23,0.005805170109479997,0.0145,30.5278714468,114.4403295667,0.013007887060090245
2483,DATA13,DATA13,2021-11-18 05:41:56.000000,1321249316.0,30.527871417,114.440329442,13.0368,8.4,23,0.005805170109479997,0.0145,30.5278714393,114.4403295642,0.011985485524814727
2484,DATA13,DATA13,2021-11-18 05:41:57.000000,1321249317.0,30.527871393,114.440329432,13.0399,7.8,22,0.005805170109479997,0.0145,30.5278714356,114.4403295641,0.013528940184256301
2485,DATA13,DATA13,2021-11-18 05:41:58.000000,1321249318.0,30.527871616,114.440329297,13.0322,8.3,22,0.005805170109479997,0.0145,30.5278716499,114.4403294301,0.013315219479016538
2486,DATA13,DATA13,2021-11-18 05:41:59.000000,1321249319.0,30.52787079,114.440329885,13.0345,5.9,22,0.005805170109479997,0.0145,30.5278708105,114.4403300133,0.012521152762219665
2487,DATA13,DATA13,2021-11-18 05:42:00.000000,1321249320.0,30.527868009,114.440331724,13.05,10.4,22,0.005805170109479997,0.0145,30.5278680156,114.4403318461,0.011740969380939287
2488,DATA13,DATA13,2021-11-18 05:42:01.000000,1321249321.0,30.527863684,114.440334008,13.0557,15.1,22,0.005805170109479997,0.0145,30.5278637374,114.4403341084,0.011308872633880503
2489,DATA13,DATA13,2021-11-18 05:42:02.000000,1321249322.0,30.527858114,114.440335929,13.0641,16.4,22,0.005805170109479997,0.0145,30.5278581503,114.4403359924,0.007295017308764229
2490,DATA13,DATA13,2021-11-18 05:42:03.000000,1321249323.0,30.52785449,114.440336495,13.0533,19.6,23,0.005805170109479997,0.0145,30.5278545415,114.4403366332,0.014439944319704036
2491,DATA13,DATA13,2021-11-18 05:42:04.000000,1321249324.0,30.527851124,114.440336894,13.052,12.2,24,0.005805170109479997,0.0145,30.5278511673,114.4403369533,0.007445257866729668
2492,DATA13,DATA13,2021-11-18 05:42:05.000000,1321249325.0,30.527845915,114.440336807,13.0366,13.0,24,0.005805170109479997,0.0145,30.5278459659,114.440336883,0.009221830271286178
2493,DATA13,DATA13,2021-11-18 05:42:06.000000,1321249326.0,30.527842014,114.440336152,13.0212,11.6,23,0.005805170109479997,0.0145,30.527842043,114.4403362369,0.008759343168766622
2494,DATA13,DATA13,2021-11-18 05:42:07.000000,1321249327.0,30.527839356,114.440335503,12.9991,10.5,23,0.005672741841473134,0.0138,30.5278393972,114.4403355813,0.008793812014752999
2495,DATA13,DATA13,2021-11-18 05:42:08.000000,1321249328.0,30.527838696,114.440335228,13.0001,8.5,24,0.005672741841473134,0.0138,30.5278387238,114.4403353073,0.00821091313205154
2496,DATA13,DATA13,2021-11-18 05:42:09.000000,1321249329.0,30.527838719,114.440335239,12.9948,13.1,24,0.005672741841473134,0.0138,30.5278387302,114.4403353066,0.006605440661454402
2497,DATA13,DATA13,2021-11-18 05:42:10.000000,1321249330.0,30.527838728,114.440335268,12.9859,12.2,24,0.00587962583843564,0.015,30.527838732,114.4403353011,0.003207468309360984
2498,DATA13,DATA13,2021-11-18 05:42:11.000000,1321249331.0,30.527839338,114.440335774,12.9961,8.6,24,0.005672741841473134,0.0138,30.5278393562,114.4403358312,0.005848638909204541
2499,DATA13,DATA13,2021-11-18 05:42:12.000000,1321249332.0,30.527844781,114.440340825,13.064,9.3,24,0.005672741841473134,0.0138,30.5278448405,114.4403408734,0.008067654078912726
2500,DATA13,DATA13,2021-11-18 05:42:13.000000,1321249333.0,30.527849606,114.440347037,13.0952,31.4,24,0.005672741841473134,0.0138,30.5278496587,114.4403471041,0.008695029543356188
2501,DATA13,DATA13,2021-11-18 05:42:14.000000,1321249334.0,30.527854799,114.44035707,13.1623,9.4,24,0.005672741841473134,0.0138,30.5278548714,114.4403571242,0.009564525207403808
2502,DATA13,DATA13,2021-11-18 05:42:15.000000,1321249335.0,30.527858145,114.440369069,13.2201,12.0,23,0.005672741841473134,0.0138,30.5278582069,114.4403691502,0.010383691035368512
2503,DATA13,DATA13,2021-11-18 05:42:16.000000,1321249336.0,30.527858716,114.440385481,13.2817,15.2,24,0.005672741841473134,0.0138,30.5278586728,114.4403855622,0.009146914880589435
2504,DATA13,DATA13,2021-11-18 05:42:17.000000,1321249337.0,30.527855542,114.440401996,13.3564,18.3,24,0.005672741841473134,0.0138,30.5278555419,114.4404020718,0.007274666332268851
2505,DATA13,DATA13,2021-11-18 05:42:18.000000,1321249338.0,30.527850017,114.440417761,13.4479,18.3,24,0.005672741841473134,0.0138,30.5278500214,114.4404178206,0.005740678807493273
2506,DATA13,DATA13,2021-11-18 05:42:19.000000,1321249339.0,30.527842736,114.440435033,13.533,14.8,24,0.005672741841473134,0.0138,30.5278427513,114.4404350823,0.005026256254820406
2507,DATA13,DATA13,2021-11-18 05:42:20.000000,1321249340.0,30.527836364,114.440449845,13.5958,30.6,24,0.005672741841473134,0.0138,30.5278363843,114.4404498324,0.002554795733992215
2508,DATA13,DATA13,2021-11-18 05:42:21.000000,1321249341.0,30.527831377,114.440462189,13.6583,10.8,24,0.005672741841473134,0.0138,30.5278313996,114.4404621975,0.002634931348108128
2509,DATA13,DATA13,2021-11-18 05:42:22.000000,1321249342.0,30.527825594,114.440477171,13.7239,12.2,24,0.005672741841473134,0.0138,30.5278256666,114.4404772172,0.009189051263792682
2510,DATA13,DATA13,2021-11-18 05:42:23.000000,1321249343.0,30.527820536,114.440491584,13.7863,21.7,24,0.005672741841473134,0.0138,30.5278205556,114.4404916049,0.002957146725737838
2511,DATA13,DATA13,2021-11-18 05:42:24.000000,1321249344.0,30.527815002,114.440507655,13.8527,9.7,24,0.005672741841473134,0.0138,30.5278150141,114.4405076506,0.001406321231024415
2512,DATA13,DATA13,2021-11-18 05:42:25.000000,1321249345.0,30.527807605,114.440529196,13.9611,14.0,24,0.005672741841473134,0.0138,30.5278076776,114.4405292061,0.00810671228565765
2513,DATA13,DATA13,2021-11-18 05:42:26.000000,1321249346.0,30.527798703,114.440555966,14.0983,10.4,24,0.005672741841473134,0.0138,30.5277987693,114.4405559768,0.007422848664235676
2514,DATA13,DATA13,2021-11-18 05:42:27.000000,1321249347.0,30.527789425,114.440585004,14.246,9.8,24,0.00523450093132096,0.0118,30.5277894794,114.4405850014,0.006036032692736456
2515,DATA13,DATA13,2021-11-18 05:42:28.000000,1321249348.0,30.527779787,114.440614992,14.4269,9.9,24,0.00523450093132096,0.0118,30.5277798285,114.4406150016,0.004692102475914693
2516,DATA13,DATA13,2021-11-18 05:42:29.000000,1321249349.0,30.527769975,114.44064534,14.6067,12.9,24,0.00523450093132096,0.0118,30.5277700278,114.4406453541,0.006007875642050888
2517,DATA13,DATA13,2021-11-18 05:42:30.000000,1321249350.0,30.527759194,114.440676695,14.7758,13.3,24,0.00523450093132096,0.0118,30.5277592382,114.4406767263,0.005747552664486984
2518,DATA13,DATA13,2021-11-18 05:42:31.000000,1321249351.0,30.527747353,114.440708641,14.9457,11.8,24,0.00523450093132096,0.0118,30.5277473951,114.4407086692,0.0053951921221394635
2519,DATA13,DATA13,2021-11-18 05:42:32.000000,1321249352.0,30.527735966,114.440738976,15.1075,12.7,24,0.00523450093132096,0.0118,30.527736019,114.44073901,0.006720930951402775
2520,DATA13,DATA13,2021-11-18 05:42:33.000000,1321249353.0,30.527725965,114.440765253,15.2459,9.2,24,0.00523450093132096,0.0118,30.5277260075,114.4407652629,0.004806463578249203
2521,DATA13,DATA13,2021-11-18 05:42:34.000000,1321249354.0,30.527715864,114.440791014,15.372,12.6,24,0.00523450093132096,0.0118,30.5277159058,114.4407910436,0.005435446574865243
2522,DATA13,DATA13,2021-11-18 05:42:35.000000,1321249355.0,30.527705806,114.440817788,15.5105,12.2,24,0.00523450093132096,0.0118,30.5277058553,114.4408178154,0.0060651813387180694
2523,DATA13,DATA13,2021-11-18 05:42:36.000000,1321249356.0,30.527696645,114.440843794,15.6444,10.4,24,0.00523450093132096,0.0118,30.5276967024,114.4408438262,0.007074146595028702
2524,DATA13,DATA13,2021-11-18 05:42:37.000000,1321249357.0,30.527687577,114.440870148,15.739,13.9,24,0.00523450093132096,0.0118,30.5276876081,114.4408701879,0.005152738295451082
2525,DATA13,DATA13,2021-11-18 05:42:38.000000,1321249358.0,30.527677931,114.440898318,15.7057,11.4,24,0.00523450093132096,0.0118,30.5276779553,114.4408983623,0.005033195885585281
2526,DATA13,DATA13,2021-11-18 05:42:39.000000,1321249359.0,30.52766819,114.440927178,15.5665,19.8,24,0.00523450093132096,0.0118,30.5276682397,114.4409272167,0.006644759324798359
2527,DATA13,DATA13,2021-11-18 05:42:40.000000,1321249360.0,30.527658291,114.440956674,15.4108,12.5,24,0.00523450093132096,0.0118,30.5276583218,114.4409567331,0.0066204236872577284
2528,DATA13,DATA13,2021-11-18 05:42:41.000000,1321249361.0,30.52764698,114.440989746,15.2491,12.9,24,0.00523450093132096,0.0118,30.5276470199,114.4409898057,0.00723835463912529
2529,DATA13,DATA13,2021-11-18 05:42:42.000000,1321249362.0,30.527634765,114.441024412,15.0605,13.5,24,0.00523450093132096,0.0118,30.5276347872,114.4410244562,0.004904221662094324
2530,DATA13,DATA13,2021-11-18 05:42:43.000000,1321249363.0,30.527620516,114.441062144,14.8682,15.1,24,0.00523450093132096,0.0118,30.527620536,114.4410622104,0.006747253124590659
2531,DATA13,DATA13,2021-11-18 05:42:44.000000,1321249364.0,30.527604071,114.441102739,14.6543,15.0,24,0.00523450093132096,0.0118,30.5276040694,114.4411028094,0.006758757329731948
2532,DATA13,DATA13,2021-11-18 05:42:45.000000,1321249365.0,30.527586796,114.441144087,14.3941,11.8,24,0.00523450093132096,0.0118,30.5275867649,114.4411441482,0.006810665891045771
2533,DATA13,DATA13,2021-11-18 05:42:46.000000,1321249366.0,30.527570271,114.441182446,14.1979,10.7,24,0.00523450093132096,0.0118,30.5275702698,114.4411825195,0.007055201898995748
2534,DATA13,DATA13,2021-11-18 05:42:47.000000,1321249367.0,30.527554496,114.441218943,14.0132,10.6,24,0.00523450093132096,0.0118,30.5275544762,114.4412190038,0.006234317062768867
2535,DATA13,DATA13,2021-11-18 05:42:48.000000,1321249368.0,30.527538934,114.441254952,13.8347,11.0,23,0.005672741841473134,0.0138,30.5275388652,114.441254987,0.00833417252597394
2536,DATA13,DATA13,2021-11-18 05:42:49.000000,1321249369.0,30.527524265,114.441289084,13.7081,15.1,24,0.005672741841473134,0.0138,30.5275242285,114.4412891691,0.009114676159417922
2537,DATA13,DATA13,2021-11-18 05:42:50.000000,1321249370.0,30.527509918,114.441323179,13.5708,14.2,24,0.005672741841473134,0.0138,30.5275098838,114.4413232206,0.005505887560441899
2538,DATA13,DATA13,2021-11-18 05:42:51.000000,1321249371.0,30.527495717,114.441355506,13.4687,13.4,24,0.005672741841473134,0.0138,30.527495706,114.4413555602,0.0053427232135042635
2539,DATA13,DATA13,2021-11-18 05:42:52.000000,1321249372.0,30.527481333,114.441386201,13.3797,16.2,24,0.005672741841473134,0.0138,30.52748131,114.4413862485,0.005223321906910885
2540,DATA13,DATA13,2021-11-18 05:42:53.000000,1321249373.0,30.527465841,114.441416149,13.303,14.9,24,0.005672741841473134,0.0138,30.5274658204,114.4414162044,0.005786577107800587
2541,DATA13,DATA13,2021-11-18 05:42:54.000000,1321249374.0,30.527448044,114.441443291,13.2497,15.6,24,0.005672741841473134,0.0138,30.5274480541,114.4414433561,0.006347328615237267
2542,DATA13,DATA13,2021-11-18 05:42:55.000000,1321249375.0,30.527428011,114.441466439,13.2044,12.8,24,0.005672741841473134,0.0138,30.5274280525,114.4414665435,0.011034023734425113
2543,DATA13,DATA13,2021-11-18 05:42:56.000000,1321249376.0,30.527407225,114.441485678,13.1131,19.3,23,0.005672741841473134,0.0142,30.5274073049,114.4414857797,0.013180525105513256
2544,DATA13,DATA13,2021-11-18 05:42:57.000000,1321249377.0,30.527384869,114.441503137,13.1382,4.9,23,0.005672741841473134,0.0142,30.5273849631,114.4415032471,0.014848570284398477
2545,DATA13,DATA13,2021-11-18 05:42:59.000000,1321249379.0,30.527338602,114.441533699,13.1991,3.9,22,0.00608276253029822,0.0161,30.5273387637,114.4415337409,0.018371808510244714
2546,DATA13,DATA13,2021-11-18 05:44:31.000000,1321249471.0,30.524664602,114.441959276,14.7645,5.4,23,0.005748912940721924,0.0138,30.5246650979,114.4419595873,0.06257015298797595
2547,DATA13,DATA13,2021-11-18 05:44:32.000000,1321249472.0,30.524664589,114.441959275,14.7681,6.2,23,0.005748912940721924,0.0138,30.524665058,114.4419595569,0.05861207908989952
2548,DATA13,DATA13,2021-11-18 05:44:33.000000,1321249473.0,30.524663624,114.441959693,14.7769,5.1,22,0.005738466694161429,0.014,30.524664074,114.4419599719,0.05661517465594125
2549,DATA13,DATA13,2021-11-18 05:44:34.000000,1321249474.0,30.52466351,114.441959751,14.7855,4.9,23,0.005672741841473134,0.0138,30.5246639394,114.4419600073,0.053583742487260014
2550,DATA13,DATA13,2021-11-18 05:44:35.000000,1321249475.0,30.524663521,114.441959751,14.7776,5.0,23,0.005672741841473134,0.0138,30.524663943,114.4419600131,0.05311760266393033
2551,DATA13,DATA13,2021-11-18 05:44:36.000000,1321249476.0,30.524663519,114.441959768,14.7875,6.3,23,0.005672741841473134,0.0138,30.5246639783,114.441960048,0.057574940681505676
2552,DATA13,DATA13,2021-11-18 05:44:37.000000,1321249477.0,30.524663175,114.441959881,14.7857,6.0,23,0.005672741841473134,0.0138,30.5246636231,114.4419601806,0.05739869011820688
2553,DATA13,DATA13,2021-11-18 05:44:38.000000,1321249478.0,30.524658611,114.441962174,14.809,8.9,22,0.005738466694161429,0.0141,30.5246590869,114.4419624358,0.05843665885794687
2554,DATA13,DATA13,2021-11-18 05:44:39.000000,1321249479.0,30.524648971,114.441967462,14.7793,7.6,23,0.005738466694161429,0.0141,30.5246493406,114.4419677342,0.0485941173122916
2555,DATA13,DATA13,2021-11-18 05:44:40.000000,1321249480.0,30.52463379,114.44197588,14.7864,10.9,23,0.005672741841473134,0.0138,30.5246340655,114.4419761573,0.04051090514197005
2556,DATA13,DATA13,2021-11-18 05:44:41.000000,1321249481.0,30.524614248,114.441986565,14.814,4.9,23,0.005672741841473134,0.0138,30.5246144839,114.4419867608,0.03220365894306086
2557,DATA13,DATA13,2021-11-18 05:44:42.000000,1321249482.0,30.524594355,114.441997086,14.8569,3.6,22,0.00587962583843564,0.015,30.5245946218,114.4419973279,0.03760118889421984
2558,DATA13,DATA13,2021-11-18 05:44:43.000000,1321249483.0,30.524575546,114.442007632,14.8255,6.9,22,0.00587962583843564,0.015,30.524575689,114.4420075815,0.01657754573612173
2559,DATA13,DATA13,2021-11-18 05:44:44.000000,1321249484.0,30.524558056,114.442017651,14.8257,11.4,22,0.00587962583843564,0.015,30.5245580856,114.4420174536,0.0192275613408893
2560,DATA13,DATA13,2021-11-18 05:44:46.000000,1321249486.0,30.524521961,114.442038487,14.7733,4.8,19,0.0069354163537598814,0.0196,30.524521909,114.4420382078,0.027409328060805718
2561,DATA13,DATA13,2021-11-18 05:45:04.000000,1321249504.0,30.524067255,114.442220413,13.8051,7.8,23,0.007283543093852057,0.0191,30.524067326,114.4422203082,0.012771975360001511
2562,DATA13,DATA13,2021-11-18 05:45:05.000000,1321249505.0,30.524039502,114.442233914,13.8674,14.6,22,0.007142128534267638,0.0188,30.5240395738,114.4422338385,0.01076411049749686
2563,DATA13,DATA13,2021-11-18 05:45:06.000000,1321249506.0,30.524012511,114.44224788,13.9255,20.3,23,0.007142128534267638,0.0188,30.5240125871,114.4422478624,0.008604006209040905
2564,DATA13,DATA13,2021-11-18 05:45:07.000000,1321249507.0,30.52398711,114.442262776,13.9987,10.5,23,0.006020797289396148,0.015,30.5239872359,114.4422628472,0.015540502315686268
2565,DATA13,DATA13,2021-11-18 05:45:08.000000,1321249508.0,30.523961592,114.442280077,14.0008,14.4,22,0.0068014704292527805,0.0177,30.5239616113,114.4422800808,0.002170488920745607
2566,DATA13,DATA13,2021-11-18 05:45:09.000000,1321249509.0,30.523935606,114.442299478,14.0613,6.1,22,0.006726812023536855,0.0177,30.5239356662,114.4422995563,0.01005057680394205
2567,DATA13,DATA13,2021-11-18 05:45:11.000000,1321249511.0,30.523887717,114.4423424,14.1438,7.8,22,0.006378087487640789,0.0154,30.5238877317,114.4423424902,0.008809060676337275
2568,DATA13,DATA13,2021-11-18 05:45:12.000000,1321249512.0,30.523865024,114.442366282,14.2109,9.3,23,0.006171709649683789,0.0154,30.523865118,114.4423664279,0.01745499732070212
2569,DATA13,DATA13,2021-11-18 05:45:13.000000,1321249513.0,30.523842476,114.442392508,14.2841,9.2,24,0.005672741841473134,0.0138,30.5238425321,114.4423925874,0.009836244906907371
2570,DATA13,DATA13,2021-11-18 05:45:17.000000,1321249517.0,30.523761506,114.442510251,14.8936,4.2,23,0.006171709649683789,0.0146,30.5237615534,114.4425103275,0.009028869955680419
2571,DATA13,DATA13,2021-11-18 05:45:19.000000,1321249519.0,30.523726213,114.442572004,15.2164,5.6,24,0.006171709649683789,0.0146,30.5237262419,114.4425720592,0.006191314767845061
2572,DATA13,DATA13,2021-11-18 05:45:23.000000,1321249523.0,30.523659845,114.442700174,15.7038,3.0,24,0.005672741841473134,0.0132,30.5236598422,114.442700229,0.005287794246635239
2573,DATA13,DATA13,2021-11-18 05:45:25.000000,1321249525.0,30.523624913,114.4427658,15.8796,4.3,23,0.005738466694161429,0.0135,30.5236249219,114.4427658054,0.0011145040925736038
2574,DATA13,DATA13,2021-11-18 05:45:26.000000,1321249526.0,30.523606991,114.442800725,15.9508,11.9,24,0.005672741841473134,0.0142,30.5236069707,114.442800744,0.0028965521816720456
2575,DATA13,DATA13,2021-11-18 05:45:27.000000,1321249527.0,30.523589433,114.442837328,16.0696,13.4,24,0.005672741841473134,0.0142,30.5235894569,114.4428373624,0.004233288280326453
2576,DATA13,DATA13,2021-11-18 05:45:28.000000,1321249528.0,30.523572923,114.44287582,16.1921,16.7,23,0.005672741841473134,0.0142,30.5235729649,114.4428758685,0.006576052010408623
2577,DATA13,DATA13,2021-11-18 05:45:29.000000,1321249529.0,30.523558377,114.44291591,16.3377,12.7,24,0.005672741841473134,0.0142,30.5235584474,114.4429159492,0.00866413728734479
2578,DATA13,DATA13,2021-11-18 05:45:30.000000,1321249530.0,30.523546875,114.442956932,16.4634,19.8,23,0.005672741841473134,0.0142,30.5235469408,114.4429569919,0.009287796547725347
2579,DATA13,DATA13,2021-11-18 05:45:31.000000,1321249531.0,30.523538153,114.442997344,16.5915,9.1,24,0.005672741841473134,0.0142,30.5235382553,114.4429973711,0.01163556783866762
2580,DATA13,DATA13,2021-11-18 05:45:32.000000,1321249532.0,30.523531082,114.443037178,16.7045,20.0,24,0.005672741841473134,0.0142,30.5235311244,114.4430372721,0.010181367215703844
2581,DATA13,DATA13,2021-11-18 05:45:33.000000,1321249533.0,30.52352502,114.443076959,16.8214,7.0,23,0.005374011537017762,0.0127,30.5235250618,114.4430770326,0.0084481910839862
2582,DATA13,DATA13,2021-11-18 05:45:34.000000,1321249534.0,30.523518816,114.44311753,16.9476,13.9,22,0.005672741841473134,0.0142,30.5235188919,114.4431175768,0.009538199984910178
2583,DATA13,DATA13,2021-11-18 05:45:37.000000,1321249537.0,30.523499529,114.443234558,17.2613,19.9,22,0.005738466694161429,0.0143,30.5234996086,114.4432345794,0.009060449823199004
2584,DATA13,DATA13,2021-11-18 05:45:38.000000,1321249538.0,30.523490643,114.443274021,17.3227,4.4,23,0.005672741841473134,0.0142,30.5234907405,114.4432740305,0.010847395139443222
2585,DATA13,DATA13,2021-11-18 05:45:39.000000,1321249539.0,30.523480004,114.443314037,17.3442,26.4,22,0.00587962583843564,0.0156,30.5234800818,114.4433138887,0.016642621250560315
2586,DATA13,DATA13,2021-11-18 05:45:40.000000,1321249540.0,30.523468267,114.443351981,17.364,6.7,21,0.00587962583843564,0.0156,30.5234682853,114.4433521066,0.012224129557763936
2587,DATA13,DATA13,2021-11-18 05:49:45.000000,1321249785.0,30.519846781,114.447962839,32.4913,23.7,24,0.005889821729050888,0.0144,30.5198467974,114.4479628655,0.0031264752483019034
2588,DATA13,DATA13,2021-11-18 05:49:46.000000,1321249786.0,30.519850512,114.448000601,32.5034,22.7,24,0.005748912940721924,0.0144,30.5198504967,114.4480006299,0.0032513257861708483
2589,DATA13,DATA13,2021-11-18 05:49:47.000000,1321249787.0,30.519854463,114.448037781,32.5147,16.0,24,0.005748912940721924,0.0144,30.5198544316,114.4480378326,0.006053566859081406
2590,DATA13,DATA13,2021-11-18 05:49:48.000000,1321249788.0,30.519858433,114.448073931,32.5452,22.4,24,0.005748912940721924,0.0144,30.5198584058,114.4480739668,0.004571600507966346
2591,DATA13,DATA13,2021-11-18 05:49:49.000000,1321249789.0,30.519862293,114.4481087,32.5562,19.3,24,0.005748912940721924,0.0144,30.5198622527,114.4481087485,0.006452122400771546
2592,DATA13,DATA13,2021-11-18 05:49:51.000000,1321249791.0,30.519868604,114.448176619,32.5729,9.5,24,0.0053075418038862395,0.0123,30.5198686067,114.4481766772,0.005594044798102222
2593,DATA13,DATA13,2021-11-18 05:49:52.000000,1321249792.0,30.519871405,114.448210615,32.5665,7.2,24,0.00523450093132096,0.0118,30.5198714043,114.4482106708,0.005356241037438675
2594,DATA13,DATA13,2021-11-18 05:49:53.000000,1321249793.0,30.519873666,114.448244301,32.5667,7.6,24,0.00523450093132096,0.0118,30.5198736739,114.4482444282,0.012240015922644237
2595,DATA13,DATA13,2021-11-18 05:49:54.000000,1321249794.0,30.51987335,114.448274092,32.5455,14.4,24,0.00523450093132096,0.0118,30.5198733781,114.4482742303,0.013634667271562276
2596,DATA13,DATA13,2021-11-18 05:49:55.000000,1321249795.0,30.519870196,114.448295935,32.5153,21.0,24,0.00523450093132096,0.0118,30.5198702146,114.4482960381,0.010108086699172562
2597,DATA13,DATA13,2021-11-18 05:49:56.000000,1321249796.0,30.51986565,114.448310926,32.5296,22.6,23,0.005672741841473134,0.0138,30.5198656478,114.4483110157,0.008612850126729655
2598,DATA13,DATA13,2021-11-18 05:49:57.000000,1321249797.0,30.519862226,114.448319497,32.5159,27.4,22,0.005805170109479997,0.0149,30.5198622293,114.4483195403,0.004172002388442226
2599,DATA13,DATA13,2021-11-18 05:49:58.000000,1321249798.0,30.519859632,114.448324651,32.5242,26.4,23,0.005672741841473134,0.0138,30.5198596779,114.448324729,0.0090520771852163
2600,DATA13,DATA13,2021-11-18 05:49:59.000000,1321249799.0,30.519856623,114.448330217,32.5224,29.4,24,0.005672741841473134,0.0138,30.5198566818,114.4483302685,0.00818083251060852
2601,DATA13,DATA13,2021-11-18 05:50:00.000000,1321249800.0,30.519850994,114.448339207,32.5136,29.9,24,0.005672741841473134,0.0138,30.5198510295,114.4483392562,0.006147209917358657
2602,DATA13,DATA13,2021-11-18 05:50:01.000000,1321249801.0,30.519842306,114.448350758,32.5179,19.9,24,0.005672741841473134,0.0138,30.5198423661,114.4483508393,0.010260714439805007
2603,DATA13,DATA13,2021-11-18 05:50:02.000000,1321249802.0,30.519830266,114.44836507,32.5372,13.2,24,0.005672741841473134,0.0138,30.5198303324,114.4483651509,0.010699504622018916
2604,DATA13,DATA13,2021-11-18 05:50:03.000000,1321249803.0,30.519814247,114.448382356,32.5489,18.8,24,0.005672741841473134,0.0138,30.5198143118,114.4483824638,0.012596054394123231
2605,DATA13,DATA13,2021-11-18 05:50:04.000000,1321249804.0,30.519795417,114.448400524,32.5579,16.6,24,0.005672741841473134,0.0138,30.5197954918,114.4484006224,0.012568301001205517
2606,DATA13,DATA13,2021-11-18 05:50:05.000000,1321249805.0,30.519776438,114.448417094,32.5576,20.4,24,0.005672741841473134,0.0138,30.5197764875,114.4484171718,0.009266828674998276
2607,DATA13,DATA13,2021-11-18 05:50:06.000000,1321249806.0,30.519755831,114.448433128,32.5632,17.7,24,0.005672741841473134,0.0138,30.51975589,114.4484332129,0.010449117307995104
2608,DATA13,DATA13,2021-11-18 05:50:07.000000,1321249807.0,30.519734066,114.448449514,32.5837,19.9,24,0.005672741841473134,0.0138,30.5197341472,114.4484495932,0.011782199277518056
2609,DATA13,DATA13,2021-11-18 05:50:08.000000,1321249808.0,30.519712392,114.448465992,32.6237,38.3,24,0.005672741841473134,0.0138,30.5197124727,114.4484660835,0.012536640185280794
2610,DATA13,DATA13,2021-11-18 05:50:09.000000,1321249809.0,30.519690091,114.448482956,32.6988,15.5,24,0.005672741841473134,0.0138,30.5196901783,114.4484830591,0.013841607577951569
2611,DATA13,DATA13,2021-11-18 05:50:10.000000,1321249810.0,30.519666274,114.448500794,32.7907,11.5,24,0.005672741841473134,0.0138,30.5196663613,114.4485008862,0.013114097526143337
2612,DATA13,DATA13,2021-11-18 05:50:11.000000,1321249811.0,30.519641004,114.448518927,32.8823,15.4,24,0.005672741841473134,0.0138,30.5196410706,114.4485190139,0.011139181073256767
2613,DATA13,DATA13,2021-11-18 05:50:12.000000,1321249812.0,30.519614563,114.448536269,33.0154,17.1,24,0.005672741841473134,0.0138,30.5196146437,114.4485363226,0.01032022324941405
2614,DATA13,DATA13,2021-11-18 05:50:13.000000,1321249813.0,30.519588648,114.44855159,33.145,17.1,24,0.005672741841473134,0.0138,30.5195887536,114.4485516882,0.015029619510491666
2615,DATA13,DATA13,2021-11-18 05:50:14.000000,1321249814.0,30.519564828,114.448564521,33.2717,12.0,24,0.005672741841473134,0.0138,30.519564946,114.4485646038,0.015306473677120212
2616,DATA13,DATA13,2021-11-18 05:50:15.000000,1321249815.0,30.519543319,114.448575366,33.3757,4.4,24,0.00523450093132096,0.0118,30.5195434424,114.4485754986,0.01868496577279781
2617,DATA13,DATA13,2021-11-18 05:50:16.000000,1321249816.0,30.519524449,114.448584645,33.4646,7.4,23,0.005303772242470448,0.0119,30.5195245612,114.448584749,0.0159486832675579
2618,DATA13,DATA13,2021-11-18 05:50:17.000000,1321249817.0,30.519506855,114.448593167,33.5364,4.5,23,0.005374011537017762,0.0124,30.5195069664,114.448593226,0.013586405270349962
2619,DATA13,DATA13,2021-11-18 05:50:18.000000,1321249818.0,30.519488037,114.448601772,33.6122,4.3,24,0.0054451813560247924,0.0124,30.5194881462,114.4486018382,0.01367223245586328
2620,DATA13,DATA13,2021-11-18 05:50:19.000000,1321249819.0,30.519466334,114.448610949,33.7041,4.9,23,0.0054451813560247924,0.0126,30.5194664688,114.4486110475,0.01768354044504884
2621,DATA13,DATA13,2021-11-18 05:50:21.000000,1321249821.0,30.519413169,114.44863309,33.9578,5.6,22,0.005805170109479997,0.0149,30.5194133138,114.4486332768,0.02406545261889209
2622,DATA13,DATA13,2021-11-18 05:50:23.000000,1321249823.0,30.519349569,114.448658453,34.1832,4.2,21,0.007000714249274855,0.0184,30.5193496032,114.4486586916,0.023212668567138436
2623,DATA13,DATA13,2021-11-18 05:50:24.000000,1321249824.0,30.519315347,114.448672347,34.297,3.7,20,0.006794115100585212,0.0185,30.5193153518,114.4486724298,0.007964978335331795
2624,DATA13,DATA13,2021-11-18 05:50:25.000000,1321249825.0,30.519280971,114.448686074,34.4588,19.4,19,0.007212489168102785,0.0188,30.5192810274,114.4486861316,0.008346207188292215
2625,DATA13,DATA13,2021-11-18 05:50:26.000000,1321249826.0,30.519248423,114.448699255,34.6148,18.1,22,0.005805170109479997,0.0149,30.5192484714,114.4486993348,0.0093517348751946
2626,DATA13,DATA13,2021-11-18 05:50:27.000000,1321249827.0,30.519216679,114.448712197,34.7376,5.2,22,0.005805170109479997,0.0149,30.519216764,114.4487121573,0.010164504330950258
2627,DATA13,DATA13,2021-11-18 05:50:28.000000,1321249828.0,30.519185072,114.448724669,34.8619,9.4,22,0.005805170109479997,0.0149,30.5191851174,114.4487246891,0.005390197201122747
2628,DATA13,DATA13,2021-11-18 05:50:29.000000,1321249829.0,30.519152601,114.448737629,34.9452,11.9,22,0.005805170109479997,0.0149,30.5191526314,114.4487376309,0.003375130731202464
2629,DATA13,DATA13,2021-11-18 05:50:30.000000,1321249830.0,30.519118105,114.448750291,35.0571,12.3,22,0.005805170109479997,0.0149,30.5191181511,114.448750242,0.006945377723145872
2630,DATA13,DATA13,2021-11-18 05:50:31.000000,1321249831.0,30.519081858,114.448763197,35.1503,7.4,23,0.005805170109479997,0.0149,30.5190819582,114.4487631502,0.011982183780818747
2631,DATA13,DATA13,2021-11-18 05:50:32.000000,1321249832.0,30.519044787,114.448776644,35.2306,5.2,23,0.005805170109479997,0.0149,30.5190448608,114.4487766631,0.008384473785150962
2632,DATA13,DATA13,2021-11-18 05:50:33.000000,1321249833.0,30.519006708,114.448790836,35.3001,3.4,23,0.005805170109479997,0.0149,30.5190067489,114.4487909224,0.009451399232653772
2633,DATA13,DATA13,2021-11-18 05:52:14.000000,1321249934.0,30.516446859,114.449245418,38.3511,3.2,22,0.00834865258589672,0.0231,30.516446667,114.4492454328,0.021332826271370637
2634,DATA13,DATA13,2021-11-18 05:52:15.000000,1321249935.0,30.516417802,114.449285199,38.4146,3.1,22,0.007080254232723568,0.0215,30.5164176802,114.4492850865,0.017289591196287535
2635,DATA13,DATA13,2021-11-18 05:52:16.000000,1321249936.0,30.516386428,114.449321895,38.4956,10.9,18,0.007142128534267638,0.0238,30.5163863165,114.4493217928,0.015780464801570963
2636,DATA13,DATA13,2021-11-18 05:52:17.000000,1321249937.0,30.516353177,114.4493538,38.5375,15.4,22,0.006660330322138685,0.0215,30.5163530073,114.4493536668,0.02274631270397822
2637,DATA13,DATA13,2021-11-18 05:52:18.000000,1321249938.0,30.516317634,114.449381024,38.6114,11.6,21,0.0078102496759066544,0.0265,30.5163175412,114.4493808453,0.02000105460778849
2638,DATA13,DATA13,2021-11-18 05:52:19.000000,1321249939.0,30.516279755,114.449404605,38.7799,6.6,19,0.007427651041883968,0.022,30.5162797013,114.4494043791,0.022485106521462222
2639,DATA13,DATA13,2021-11-18 05:52:20.000000,1321249940.0,30.516240085,114.449425763,38.8173,7.4,20,0.007072481884034769,0.0182,30.5162400724,114.4494255762,0.01798405940148759
2640,DATA13,DATA13,2021-11-18 05:52:21.000000,1321249941.0,30.516199405,114.449445477,38.8926,9.8,19,0.007427651041883968,0.021,30.5161993764,114.449445314,0.015963371586596466
2641,DATA13,DATA13,2021-11-18 05:52:22.000000,1321249942.0,30.516159634,114.449462883,38.9628,27.9,22,0.007072481884034769,0.0182,30.5161596283,114.4494627469,0.013078647206920313
2642,DATA13,DATA13,2021-11-18 05:52:23.000000,1321249943.0,30.51612054,114.449478286,39.0525,19.3,20,0.007072481884034769,0.0182,30.5161205618,114.449478162,0.012144872266992821
2643,DATA13,DATA13,2021-11-18 05:52:24.000000,1321249944.0,30.516082385,114.449492828,39.1247,10.7,21,0.007072481884034769,0.0182,30.5160824249,114.4494927125,0.011936012808124502
2644,DATA13,DATA13,2021-11-18 05:52:25.000000,1321249945.0,30.516044668,114.449506616,39.1683,26.7,22,0.007072481884034769,0.0182,30.5160446996,114.4495065046,0.011251849930105813
2645,DATA13,DATA13,2021-11-18 05:52:26.000000,1321249946.0,30.516008756,114.449520209,39.233,4.3,21,0.006585590330410783,0.0165,30.5160088205,114.4495201243,0.01082705180205826
2646,DATA13,DATA13,2021-11-18 05:52:29.000000,1321249949.0,30.515908594,114.449565709,39.3667,17.0,20,0.006660330322138685,0.018,30.5159086577,114.4495658571,0.015872705527224223
2647,DATA13,DATA13,2021-11-18 05:53:06.000000,1321249986.0,30.514693148,114.450169544,41.1758,3.1,14,0.021783020910791963,0.0415,30.5146910751,114.4501598164,0.9615691743126706
2648,DATA13,DATA13,2021-11-18 05:53:08.000000,1321249988.0,30.514662045,114.450184095,39.814,3.2,15,0.00982700361249552,0.0228,30.5146621644,114.4501839378,0.020072103987795048
2649,DATA13,DATA13,2021-11-18 05:53:09.000000,1321249989.0,30.514653627,114.450191162,39.82,6.1,17,0.0072622310621461225,0.019,30.5146537153,114.4501910602,0.013831288651223368
2650,DATA13,DATA13,2021-11-18 05:53:10.000000,1321249990.0,30.51464542,114.45019808,39.8177,18.0,21,0.006378087487640789,0.0163,30.5146455017,114.4501980297,0.010263861452094307
2651,DATA13,DATA13,2021-11-18 05:53:11.000000,1321249991.0,30.514636028,114.450206219,39.8181,15.0,21,0.006378087487640789,0.0163,30.5146361052,114.450206189,0.009029970077740503
2652,DATA13,DATA13,2021-11-18 05:53:12.000000,1321249992.0,30.514625444,114.450215509,39.8392,21.4,21,0.006378087487640789,0.0163,30.5146255439,114.4502154979,0.011126228926537416
2653,DATA13,DATA13,2021-11-18 05:53:13.000000,1321249993.0,30.514613903,114.450225638,39.8228,12.2,21,0.006378087487640789,0.0163,30.5146139832,114.4502256486,0.008949146059349345
2654,DATA13,DATA13,2021-11-18 05:53:19.000000,1321249999.0,30.514540297,114.450290015,39.8582,20.2,21,0.006378087487640789,0.0163,30.5145403531,114.4502900939,0.009799703500410522
2655,DATA13,DATA13,2021-11-18 05:53:20.000000,1321250000.0,30.514528653,114.45029998,39.8673,13.7,21,0.006378087487640789,0.0163,30.5145286965,114.4503000687,0.009784824820273201
2656,DATA13,DATA13,2021-11-18 05:53:21.000000,1321250001.0,30.514517708,114.450309228,39.8855,17.2,21,0.006378087487640789,0.0163,30.514517762,114.4503092933,0.008667436236164651
2657,DATA13,DATA13,2021-11-18 05:53:22.000000,1321250002.0,30.514507787,114.450317415,39.8955,10.8,21,0.006378087487640789,0.0163,30.5145078134,114.4503174942,0.008145967066462768
2658,DATA13,DATA13,2021-11-18 05:53:23.000000,1321250003.0,30.514499876,114.450323869,39.9082,25.3,22,0.006378087487640789,0.0163,30.51449995,114.4503239693,0.012648609644776395
2659,DATA13,DATA13,2021-11-18 05:53:24.000000,1321250004.0,30.514491736,114.450330514,39.893,11.1,22,0.006378087487640789,0.0163,30.5144917659,114.4503306019,0.0090649048334072
2660,DATA13,DATA13,2021-11-18 05:53:25.000000,1321250005.0,30.51448339,114.45033735,39.8915,19.5,22,0.0062481997407253225,0.0156,30.5144834225,114.4503374039,0.00630459325858504
2661,DATA13,DATA13,2021-11-18 05:53:26.000000,1321250006.0,30.514476665,114.450342708,39.9111,12.7,23,0.005672741841473134,0.0138,30.5144767571,114.4503427774,0.012191218165691277
2662,DATA13,DATA13,2021-11-18 05:56:15.000000,1321250175.0,30.512763977,114.452779988,30.3448,5.3,19,0.008637129152675673,0.0177,30.5127640023,114.4527799571,0.004082158021787003
2663,DATA13,DATA13,2021-11-18 05:56:16.000000,1321250176.0,30.512753664,114.452897749,29.9918,11.2,21,0.006670832032063167,0.0157,30.5127537304,114.4528977635,0.007491635351134215
2664,DATA13,DATA13,2021-11-18 05:56:17.000000,1321250177.0,30.512743177,114.45301533,29.6629,16.0,22,0.006670832032063167,0.0157,30.5127432573,114.4530153695,0.009675965658858539
2665,DATA13,DATA13,2021-11-18 05:56:26.000000,1321250186.0,30.512670263,114.453969139,26.8202,20.9,23,0.006171709649683789,0.0154,30.5126703677,114.4539691597,0.011776043115910278
2666,DATA13,DATA13,2021-11-18 05:56:27.000000,1321250187.0,30.512665682,114.454059529,26.509,17.6,23,0.006171709649683789,0.0154,30.5126657644,114.4540595488,0.009330605320314656
2667,DATA13,DATA13,2021-11-18 05:56:49.000000,1321250209.0,30.512385686,114.456488469,17.7832,4.3,21,0.010737783756436893,0.0274,30.512385902,114.456488733,0.03486486717562496
2668,DATA13,DATA13,2021-11-18 05:57:29.000000,1321250249.0,30.511942474,114.460478913,14.8532,3.2,13,0.0075822160349069455,0.0197,30.5119426257,114.4604791363,0.027244265490849656
2669,DATA13,DATA13,2021-11-18 05:57:32.000000,1321250252.0,30.511986359,114.46072397,14.6389,3.2,13,0.0075822160349069455,0.0197,30.5119865306,114.4607241512,0.025776321808808848
2670,DATA13,DATA13,2021-11-18 05:57:33.000000,1321250253.0,30.512005849,114.460819031,14.583,3.0,13,0.0075822160349069455,0.0197,30.5120060587,114.4608192142,0.029149278187926085
2671,DATA13,DATA13,2021-11-18 05:57:34.000000,1321250254.0,30.512025035,114.460916174,14.5313,4.0,19,0.0071449282711585,0.0197,30.5120252251,114.4609163479,0.026884462796140717
2672,DATA13,DATA13,2021-11-18 05:57:35.000000,1321250255.0,30.512043724,114.461012033,14.4752,6.2,20,0.006370243323453194,0.0179,30.5120439199,114.4610122141,0.027817969651067437
2673,DATA13,DATA13,2021-11-18 05:58:01.000000,1321250281.0,30.512072097,114.463790694,13.4612,5.9,24,0.006453681120105021,0.0144,30.5120711051,114.463792659,0.2183290162647521
2674,DATA13,DATA13,2021-11-18 05:59:30.000000,1321250370.0,30.508864522,114.469551764,18.3511,6.3,22,0.008886506625215557,0.0188,30.5088647017,114.4695518926,0.023436326692279453
2675,DATA13,DATA13,2021-11-18 05:59:37.000000,1321250377.0,30.508708152,114.469899871,18.4459,5.3,21,0.006014149981501958,0.0146,30.5087081635,114.4698999024,0.003272646966981331
2676,DATA13,DATA13,2021-11-18 05:59:38.000000,1321250378.0,30.508684806,114.469957328,18.4504,8.8,22,0.006435060217278467,0.0155,30.50868474,114.4699572887,0.008232106940511677
2677,DATA13,DATA13,2021-11-18 05:59:39.000000,1321250379.0,30.50866131,114.470017327,18.4806,6.3,20,0.006720863039818622,0.017,30.5086612581,114.4700173346,0.00579977162573322
2678,DATA13,DATA13,2021-11-18 05:59:43.000000,1321250383.0,30.508578947,114.470279996,18.5581,4.9,22,0.010934349546269316,0.0189,30.5085789162,114.4702799984,0.003422294219389586
2679,DATA13,DATA13,2021-11-18 05:59:50.000000,1321250390.0,30.508476253,114.470795945,18.5578,3.8,22,0.007375635565834309,0.0167,30.5084762094,114.4707959689,0.005350378178305997
2680,DATA13,DATA13,2021-11-18 05:59:51.000000,1321250391.0,30.508460878,114.470880618,18.538,5.0,22,0.010413932974625869,0.0187,30.5084608439,114.4708805685,0.006071938804430844
2681,DATA13,DATA13,2021-11-18 05:59:52.000000,1321250392.0,30.508445187,114.47096728,18.4986,6.7,22,0.008521150157109074,0.0198,30.5084451966,114.4709672949,0.0017827867972465825
2682,DATA13,DATA13,2021-11-18 05:59:53.000000,1321250393.0,30.508429416,114.471055247,18.5186,4.7,21,0.006720863039818622,0.0167,30.5084293557,114.4710552632,0.006863426544956029
2683,DATA13,DATA13,2021-11-18 05:59:54.000000,1321250394.0,30.508413546,114.471143065,18.5587,5.0,18,0.007993122043357025,0.0174,30.5084135161,114.4711431248,0.006628586393596607
2684,DATA13,DATA13,2021-11-18 05:59:55.000000,1321250395.0,30.508398407,114.471228432,18.6723,3.9,19,0.012803515142334935,0.025,30.5083981056,114.4712282585,0.037334168376247145
2685,DATA13,DATA13,2021-11-18 05:59:56.000000,1321250396.0,30.508383647,114.471310776,18.6567,4.3,15,0.01745909505100422,0.0361,30.5083833922,114.4713106403,0.03110620656697172
2686,DATA13,DATA13,2021-11-18 06:00:00.000000,1321250400.0,30.508328569,114.471631155,18.8317,6.0,23,0.007516648189186455,0.0166,30.5083288352,114.4716312226,0.030216284389939865
2687,DATA13,DATA13,2021-11-18 06:00:01.000000,1321250401.0,30.508315659,114.471708595,18.8873,7.2,22,0.006576473218982953,0.0152,30.5083159535,114.4717086793,0.03363654631425657
2688,DATA13,DATA13,2021-11-18 06:00:02.000000,1321250402.0,30.508303399,114.471782747,18.9498,6.3,23,0.006161980201201559,0.0145,30.5083037255,114.4717828633,0.037878719895447784
2689,DATA13,DATA13,2021-11-18 06:00:03.000000,1321250403.0,30.508291565,114.471853153,19.0234,10.4,24,0.006161980201201559,0.0145,30.5082918508,114.4718532355,0.03265887696070909
2690,DATA13,DATA13,2021-11-18 06:00:04.000000,1321250404.0,30.508279953,114.471920254,19.0617,10.2,24,0.006161980201201559,0.0145,30.5082802202,114.471920346,0.030910552099160573
2691,DATA13,DATA13,2021-11-18 06:00:05.000000,1321250405.0,30.50826821,114.471986366,19.1061,6.7,23,0.006161980201201559,0.0145,30.508268492,114.4719864507,0.032302843282974184
2692,DATA13,DATA13,2021-11-18 06:00:06.000000,1321250406.0,30.508256538,114.472051776,19.1736,6.6,21,0.006365532185135819,0.016,30.5082567102,114.4720518948,0.022237043232831002
2693,DATA13,DATA13,2021-11-18 06:00:10.000000,1321250410.0,30.508214665,114.472293268,19.3781,4.5,20,0.007158910531638176,0.0167,30.5082147164,114.472293287,0.005983034275004382
2694,DATA13,DATA13,2021-11-18 06:00:12.000000,1321250412.0,30.508197023,114.472393846,19.4857,5.9,21,0.008080841540334768,0.0178,30.5081971956,114.472393903,0.01990158505763867
2695,DATA13,DATA13,2021-11-18 06:00:14.000000,1321250414.0,30.508180045,114.47248425,19.5422,9.3,22,0.006081118318204309,0.0152,30.5081801969,114.4724843659,0.020183024863850523
2696,DATA13,DATA13,2021-11-18 06:00:15.000000,1321250415.0,30.508172303,114.472526736,19.5859,4.9,22,0.006293647591023825,0.0164,30.5081724237,114.4725268566,0.017693686506981485
2697,DATA13,DATA13,2021-11-18 06:00:16.000000,1321250416.0,30.508164805,114.472567321,19.6346,6.5,21,0.006293647591023825,0.0164,30.508164878,114.4725674884,0.017991807864901656
2698,DATA13,DATA13,2021-11-18 06:00:21.000000,1321250421.0,30.508135511,114.472741247,19.746,5.7,21,0.00970051545022222,0.0193,30.5081355381,114.4727411084,0.01363938284856513
2699,DATA13,DATA13,2021-11-18 06:00:23.000000,1321250423.0,30.508124215,114.472808113,19.7974,13.0,23,0.007213875518748573,0.0175,30.5081243496,114.4728080934,0.015040085874116656
2700,DATA13,DATA13,2021-11-18 06:00:24.000000,1321250424.0,30.508117924,114.472846502,19.7917,7.8,23,0.007849203781276163,0.0204,30.5081179566,114.4728464383,0.007102847156439083
2701,DATA13,DATA13,2021-11-18 06:00:26.000000,1321250426.0,30.508104656,114.472928309,19.9251,6.8,19,0.007574298647399639,0.0172,30.5081046796,114.4729284127,0.010292383340137806
2702,DATA13,DATA13,2021-11-18 06:00:29.000000,1321250429.0,30.508084484,114.473053896,20.0482,5.3,19,0.011335784048754634,0.0191,30.5080845092,114.4730538696,0.0037718453831678965
2703,DATA13,DATA13,2021-11-18 06:00:30.000000,1321250430.0,30.508074577,114.473095694,20.072,8.5,22,0.008860022573334675,0.0187,30.5080745901,114.4730956787,0.002065456605346418
2704,DATA13,DATA13,2021-11-18 06:00:33.000000,1321250433.0,30.50800353,114.473198384,20.1829,18.0,24,0.006020797289396148,0.0145,30.5080035283,114.4731984457,0.005925666350104302
2705,DATA13,DATA13,2021-11-18 06:00:34.000000,1321250434.0,30.507966042,114.473219868,20.3063,23.1,24,0.006020797289396148,0.0145,30.5079660348,114.473219997,0.012408591092816838
2706,DATA13,DATA13,2021-11-18 06:00:35.000000,1321250435.0,30.507923468,114.473234909,20.4446,9.8,23,0.006161980201201559,0.0158,30.5079234957,114.4732350708,0.015832091727468363
2707,DATA13,DATA13,2021-11-18 06:00:37.000000,1321250437.0,30.507824144,114.473254835,20.8076,11.9,23,0.006020797289396148,0.0145,30.5078241672,114.4732548382,0.00259026256665673
2708,DATA13,DATA13,2021-11-18 06:00:38.000000,1321250438.0,30.507767601,114.473262346,20.9727,15.4,24,0.006296824596572466,0.0151,30.5077676181,114.4732623074,0.004162073574221789
2709,DATA13,DATA13,2021-11-18 06:00:40.000000,1321250440.0,30.507650579,114.473277237,21.2785,4.3,24,0.0055172456896534884,0.0126,30.5076506668,114.4732772844,0.01074458811849712
2710,DATA13,DATA13,2021-11-18 06:00:41.000000,1321250441.0,30.507594437,114.473287234,21.4357,3.7,24,0.0055172456896534884,0.0126,30.5075945906,114.4732873368,0.019680955517575593
2711,DATA13,DATA13,2021-11-18 06:00:44.000000,1321250444.0,30.5074353,114.47331683,21.8639,3.9,21,0.00608276253029822,0.0161,30.5074353899,114.4733171013,0.02788454486967654
2712,DATA13,DATA13,2021-11-18 06:00:46.000000,1321250446.0,30.507325606,114.473334835,22.081,13.3,21,0.006931089380465382,0.0178,30.5073256656,114.4733349298,0.01124579065763165
2713,DATA13,DATA13,2021-11-18 06:00:47.000000,1321250447.0,30.507271377,114.473343744,22.2354,16.1,23,0.006931089380465382,0.0178,30.5072713852,114.473343816,0.006970959078702358
2714,DATA13,DATA13,2021-11-18 06:00:48.000000,1321250448.0,30.507216732,114.473353711,22.3637,10.7,22,0.006931089380465382,0.0178,30.5072167221,114.4733537324,0.0023290418035277517
2715,DATA13,DATA13,2021-11-18 06:00:49.000000,1321250449.0,30.507162841,114.473363509,22.5141,7.8,22,0.006370243323453194,0.0149,30.5071628801,114.4733636429,0.013564598930796947
2716,DATA13,DATA13,2021-11-18 06:00:50.000000,1321250450.0,30.507110041,114.473374551,22.63,11.6,23,0.006081118318204309,0.014,30.5071100849,114.4733746421,0.010007952238151919
2717,DATA13,DATA13,2021-11-18 06:00:51.000000,1321250451.0,30.507057586,114.473386153,22.7321,10.6,23,0.006370243323453194,0.0149,30.5070575811,114.4733861999,0.004534694730189934
2718,DATA13,DATA13,2021-11-18 06:00:52.000000,1321250452.0,30.507003883,114.473398081,22.8544,7.0,21,0.007142128534267638,0.0182,30.5070039021,114.4733981264,0.0048452292772401
2719,DATA13,DATA13,2021-11-18 06:00:53.000000,1321250453.0,30.506950496,114.473409766,22.9766,5.5,22,0.007142128534267638,0.0182,30.5069505066,114.4734099707,0.019684761063030645
2720,DATA13,DATA13,2021-11-18 06:00:54.000000,1321250454.0,30.506898119,114.473421624,23.076,3.1,21,0.007142128534267638,0.0182,30.5068981037,114.4734216688,0.004622879828587751
2721,DATA13,DATA13,2021-11-18 06:00:55.000000,1321250455.0,30.50684546,114.473433643,23.1757,11.6,19,0.006931089380465382,0.0189,30.506845425,114.4734336448,0.003883995201712385
2722,DATA13,DATA13,2021-11-18 06:00:56.000000,1321250456.0,30.506791505,114.4734467,23.2856,7.4,19,0.006931089380465382,0.0189,30.5067914985,114.473446706,0.0009224899504996107
2723,DATA13,DATA13,2021-11-18 06:00:57.000000,1321250457.0,30.506736537,114.473460833,23.4154,8.2,20,0.006931089380465382,0.0189,30.506736527,114.4734608284,0.0011933170771550939
2724,DATA13,DATA13,2021-11-18 06:00:58.000000,1321250458.0,30.506682157,114.473475541,23.537,10.2,21,0.006931089380465382,0.0189,30.5066821395,114.4734755251,0.002468487892484976
2725,DATA13,DATA13,2021-11-18 06:01:00.000000,1321250460.0,30.506577187,114.47350465,23.7634,10.7,22,0.006378087487640789,0.0162,30.5065771578,114.4735046104,0.004992911978662444
2726,DATA13,DATA13,2021-11-18 06:01:01.000000,1321250461.0,30.50652495,114.473519374,23.8924,6.5,21,0.006010823570859487,0.0154,30.5065249886,114.473519409,0.005440580260834947
2727,DATA13,DATA13,2021-11-18 06:01:02.000000,1321250462.0,30.506474413,114.473534786,23.9725,19.6,19,0.007071067811865475,0.0189,30.5064743729,114.4735347119,0.00838801033875223
2728,DATA13,DATA13,2021-11-18 06:01:03.000000,1321250463.0,30.5064264,114.473550161,24.104,5.9,18,0.007142128534267638,0.0193,30.5064264289,114.4735500452,0.011568497147694855
2729,DATA13,DATA13,2021-11-18 06:01:08.000000,1321250468.0,30.506223788,114.473617091,24.554,6.3,18,0.007359347797189639,0.0208,30.5062237705,114.4736170408,0.005194735998947591
2730,DATA13,DATA13,2021-11-18 06:01:09.000000,1321250469.0,30.506189759,114.47362948,24.5761,11.5,19,0.007142128534267638,0.0199,30.506189703,114.4736294517,0.006776592554521431
2731,DATA13,DATA13,2021-11-18 06:01:10.000000,1321250470.0,30.506154874,114.473642846,24.7068,7.6,18,0.007798717843338096,0.0212,30.5061547655,114.4736426766,0.020226531213239463
2732,DATA13,DATA13,2021-11-18 06:01:11.000000,1321250471.0,30.506117397,114.473657347,24.782,7.9,19,0.007798717843338096,0.0212,30.5061173755,114.4736572782,0.007021286773120787
2733,DATA13,DATA13,2021-11-18 06:01:12.000000,1321250472.0,30.506080568,114.473672139,24.8604,12.1,20,0.007359347797189639,0.0208,30.5060805382,114.4736721045,0.004677827886503572
2734,DATA13,DATA13,2021-11-18 06:01:13.000000,1321250473.0,30.506045827,114.473686237,24.9315,17.2,20,0.006010823570859487,0.0157,30.5060458381,114.4736862715,0.003533002783017288
2735,DATA13,DATA13,2021-11-18 06:01:14.000000,1321250474.0,30.506013506,114.473699387,25.0343,7.8,20,0.006010823570859487,0.0157,30.5060135725,114.4736994306,0.0084774666391423
2736,DATA13,DATA13,2021-11-18 06:01:15.000000,1321250475.0,30.505982889,114.473712027,25.0705,12.2,19,0.006594694837519019,0.0187,30.5059828524,114.4737119668,0.007061029585964912
2737,DATA13,DATA13,2021-11-18 06:01:16.000000,1321250476.0,30.505951765,114.473724658,25.1369,13.7,19,0.006594694837519019,0.0187,30.5059516815,114.4737245978,0.010912624223380336
2738,DATA13,DATA13,2021-11-18 06:01:17.000000,1321250477.0,30.505920001,114.473737494,25.2261,7.3,19,0.006594694837519019,0.0187,30.5059199554,114.4737373726,0.012702854060486763
2739,DATA13,DATA13,2021-11-18 06:01:18.000000,1321250478.0,30.505890016,114.473749621,25.2515,7.7,18,0.006735725647619565,0.0188,30.5058899899,114.473749615,0.002950250357423479
2740,DATA13,DATA13,2021-11-18 06:01:19.000000,1321250479.0,30.505862145,114.473761474,25.327,8.3,17,0.0069354163537598814,0.0193,30.5058620963,114.47376143,0.006854812751054254
2741,DATA13,DATA13,2021-11-18 06:01:20.000000,1321250480.0,30.505836079,114.473772569,25.3853,21.0,17,0.0069354163537598814,0.0193,30.5058360293,114.4737725059,0.008188264426052515
2742,DATA13,DATA13,2021-11-18 06:01:21.000000,1321250481.0,30.505811705,114.473783085,25.4514,11.0,18,0.0069354163537598814,0.0193,30.5058116796,114.4737829993,0.008695227588198367
2743,DATA13,DATA13,2021-11-18 06:01:22.000000,1321250482.0,30.505788841,114.473792976,25.4786,13.9,18,0.0069354163537598814,0.0193,30.5057888309,114.473792899,0.00747583624686473
2744,DATA13,DATA13,2021-11-18 06:01:23.000000,1321250483.0,30.505765889,114.473802896,25.5104,7.5,18,0.0069354163537598814,0.0193,30.5057658902,114.4738028684,0.002652762571180024
2745,DATA13,DATA13,2021-11-18 06:01:24.000000,1321250484.0,30.505740316,114.473814105,25.5808,7.1,18,0.0069354163537598814,0.0193,30.5057403226,114.4738140787,0.0026285234762595967
2746,DATA13,DATA13,2021-11-18 06:01:25.000000,1321250485.0,30.505711361,114.473827014,25.6326,11.1,18,0.0069354163537598814,0.0193,30.5057113487,114.4738269489,0.006396230524212975
2747,DATA13,DATA13,2021-11-18 06:01:26.000000,1321250486.0,30.505678521,114.473841809,25.713,6.4,18,0.0069354163537598814,0.0193,30.5056785156,114.4738417339,0.007233943900965859
2748,DATA13,DATA13,2021-11-18 06:01:27.000000,1321250487.0,30.505641445,114.473858768,25.8119,17.2,18,0.007283543093852057,0.0196,30.5056414435,114.473858688,0.007681301667999121
2749,DATA13,DATA13,2021-11-18 06:01:28.000000,1321250488.0,30.505601118,114.473877656,25.865,16.7,19,0.007072481884034769,0.017,30.5056010359,114.4738774904,0.018317821047859947
2750,DATA13,DATA13,2021-11-18 06:01:30.000000,1321250490.0,30.505522301,114.47391485,26.0203,5.2,16,0.009682974749528164,0.0219,30.5055222921,114.4739147145,0.013044541420890144
2751,DATA13,DATA13,2021-11-18 06:01:32.000000,1321250492.0,30.505449227,114.473949679,26.185,5.0,17,0.008462860036654274,0.0197,30.5054492814,114.4739495997,0.009711783432073245
2752,DATA13,DATA13,2021-11-18 06:01:33.000000,1321250493.0,30.50541215,114.473968158,26.2043,12.0,17,0.007762087348130012,0.0165,30.5054121619,114.4739680727,0.008293882652591877
2753,DATA13,DATA13,2021-11-18 06:01:34.000000,1321250494.0,30.505373786,114.473988101,26.2437,9.3,16,0.009078546139112804,0.0191,30.5053738009,114.4739879762,0.012093400393979648
2754,DATA13,DATA13,2021-11-18 06:01:35.000000,1321250495.0,30.505335239,114.474008416,26.2957,17.1,16,0.009078546139112804,0.0191,30.5053352242,114.4740082854,0.012643737260189171
2755,DATA13,DATA13,2021-11-18 06:01:36.000000,1321250496.0,30.505296723,114.47402919,26.3565,6.2,17,0.009078546139112804,0.0191,30.5052967352,114.4740290139,0.016958584742820654
2756,DATA13,DATA13,2021-11-18 06:01:37.000000,1321250497.0,30.505260197,114.474049414,26.4021,5.1,17,0.009078546139112804,0.0191,30.5052602356,114.4740492396,0.017279637343919695
2757,DATA13,DATA13,2021-11-18 06:01:38.000000,1321250498.0,30.505226634,114.474068518,26.4095,9.1,19,0.009078546139112804,0.0191,30.5052266536,114.4740684149,0.010132722127795363
2758,DATA13,DATA13,2021-11-18 06:01:39.000000,1321250499.0,30.505196043,114.474086341,26.4467,22.0,21,0.009078546139112804,0.0191,30.5051960515,114.4740861958,0.01397017901193915
2759,DATA13,DATA13,2021-11-18 06:01:40.000000,1321250500.0,30.505166906,114.474103405,26.4523,6.8,19,0.008280700453464067,0.0187,30.5051669567,114.4741033349,0.00876778709417648
2760,DATA13,DATA13,2021-11-18 06:01:41.000000,1321250501.0,30.505136541,114.474121493,26.4637,9.5,20,0.008280700453464067,0.0187,30.5051365922,114.4741214665,0.00622007732826376
2761,DATA13,DATA13,2021-11-18 06:01:42.000000,1321250502.0,30.505105716,114.47414002,26.486,4.6,19,0.008280700453464067,0.0187,30.5051057987,114.4741399603,0.010812004520591409
2762,DATA13,DATA13,2021-11-18 06:01:43.000000,1321250503.0,30.505075532,114.474158222,26.5017,5.8,20,0.006505382386916237,0.015,30.5050756592,114.4741582223,0.014101607610174845
2763,DATA13,DATA13,2021-11-18 06:01:44.000000,1321250504.0,30.505045959,114.474176366,26.4831,13.0,21,0.006363961030678928,0.0141,30.5050460556,114.4741764153,0.011708292916753068
2764,DATA13,DATA13,2021-11-18 06:01:45.000000,1321250505.0,30.505015376,114.474194972,26.472,14.3,21,0.0058,0.0139,30.5050154805,114.4741949667,0.011596188449731192
2765,DATA13,DATA13,2021-11-18 06:01:46.000000,1321250506.0,30.504984305,114.474213551,26.4614,8.7,22,0.0058,0.0139,30.5049844276,114.4742135613,0.013627531903807678
2766,DATA13,DATA13,2021-11-18 06:01:47.000000,1321250507.0,30.504952656,114.474232416,26.485,10.8,23,0.005663920903402518,0.0138,30.5049527827,114.4742324002,0.014127798198868405
2767,DATA13,DATA13,2021-11-18 06:01:48.000000,1321250508.0,30.504921093,114.474251347,26.4653,12.0,23,0.005869412236331676,0.014,30.5049211814,114.4742513264,0.009997671736836185
2768,DATA13,DATA13,2021-11-18 06:01:49.000000,1321250509.0,30.504890064,114.474269956,26.4299,6.8,20,0.006794115100585212,0.0179,30.5048901001,114.4742697905,0.01638342177622535
2769,DATA13,DATA13,2021-11-18 06:01:50.000000,1321250510.0,30.504859666,114.474288051,26.3818,15.5,21,0.006931089380465382,0.0182,30.5048597227,114.4742880339,0.006496643927205996
2770,DATA13,DATA13,2021-11-18 06:01:51.000000,1321250511.0,30.504830039,114.47430619,26.3741,19.5,20,0.006794115100585212,0.0179,30.5048300761,114.4743061153,0.008266603722739898
2771,DATA13,DATA13,2021-11-18 06:01:52.000000,1321250512.0,30.504801045,114.47432396,26.3395,20.1,20,0.006794115100585212,0.0179,30.5048010607,114.4743238739,0.008446413684964505
2772,DATA13,DATA13,2021-11-18 06:01:53.000000,1321250513.0,30.504772541,114.474340954,26.3388,18.6,20,0.006794115100585212,0.0179,30.504772602,114.474340925,0.007313128338719154
2773,DATA13,DATA13,2021-11-18 06:01:54.000000,1321250514.0,30.504744595,114.474358012,26.3232,10.0,21,0.006794115100585212,0.0179,30.5047446349,114.4743579829,0.005231592747420859
2774,DATA13,DATA13,2021-11-18 06:01:55.000000,1321250515.0,30.50471629,114.47437573,26.3232,10.7,22,0.006594694837519019,0.0174,30.5047163608,114.4743756639,0.010093010351933288
2775,DATA13,DATA13,2021-11-18 06:01:56.000000,1321250516.0,30.504687589,114.474393763,26.3246,15.9,22,0.005805170109479997,0.0145,30.5046876654,114.4743937156,0.009614656583078982
2776,DATA13,DATA13,2021-11-18 06:01:57.000000,1321250517.0,30.504656552,114.474413013,26.321,12.2,22,0.005805170109479997,0.0145,30.504656658,114.4744129631,0.01269010600275659
2777,DATA13,DATA13,2021-11-18 06:01:58.000000,1321250518.0,30.504623321,114.474433415,26.2944,15.6,22,0.005805170109479997,0.0145,30.5046233985,114.4744334021,0.00868054340602047
2778,DATA13,DATA13,2021-11-18 06:01:59.000000,1321250519.0,30.504588837,114.474454363,26.2812,9.1,22,0.005805170109479997,0.0145,30.5045889574,114.4744543345,0.013625215242979953
2779,DATA13,DATA13,2021-11-18 06:02:00.000000,1321250520.0,30.504556577,114.474475099,26.2656,12.9,23,0.005805170109479997,0.0145,30.5045566982,114.4744750829,0.013525001335236462
2780,DATA13,DATA13,2021-11-18 06:02:01.000000,1321250521.0,30.504530317,114.474492561,26.2327,7.6,23,0.005597320787662612,0.0136,30.5045304549,114.4744924709,0.017564857287084568
2781,DATA13,DATA13,2021-11-18 06:02:02.000000,1321250522.0,30.504508123,114.474506974,26.2293,14.3,23,0.005663920903402518,0.0136,30.5045082373,114.4745069102,0.01407391773766008
2782,DATA13,DATA13,2021-11-18 06:02:03.000000,1321250523.0,30.504484639,114.474519508,26.2235,9.6,24,0.005597320787662612,0.0131,30.5044847884,114.4745195112,0.01656554775495863
2783,DATA13,DATA13,2021-11-18 06:02:04.000000,1321250524.0,30.504457374,114.474531835,26.2071,10.1,24,0.005597320787662612,0.0131,30.5044574949,114.4745318358,0.013403368135707049
2784,DATA13,DATA13,2021-11-18 06:02:05.000000,1321250525.0,30.50442358,114.474546753,26.1813,11.4,24,0.005597320787662612,0.0131,30.5044236977,114.4745467873,0.013457411134887836
2785,DATA13,DATA13,2021-11-18 06:02:06.000000,1321250526.0,30.504387941,114.474562375,26.1539,9.9,24,0.005597320787662612,0.0131,30.504388081,114.4745624198,0.016105403759546624
2786,DATA13,DATA13,2021-11-18 06:02:07.000000,1321250527.0,30.50435277,114.474577799,26.1158,9.1,24,0.005597320787662612,0.0131,30.5043528533,114.474577849,0.010407611907374364
2787,DATA13,DATA13,2021-11-18 06:02:08.000000,1321250528.0,30.504321314,114.4745933,26.1015,5.2,24,0.005597320787662612,0.0131,30.5043214655,114.4745933599,0.01775254393083976
2788,DATA13,DATA13,2021-11-18 06:02:09.000000,1321250529.0,30.504294903,114.474608036,26.0549,8.9,23,0.00618465843842649,0.0149,30.5042949961,114.4746080399,0.01032798896933342
2789,DATA13,DATA13,2021-11-18 06:02:10.000000,1321250530.0,30.504272886,114.474620995,26.0338,8.6,23,0.00618465843842649,0.0149,30.5042729667,114.4746210054,0.009002048819082899
2790,DATA13,DATA13,2021-11-18 06:02:11.000000,1321250531.0,30.504255324,114.474631755,26.0238,10.9,23,0.00618465843842649,0.0149,30.5042554073,114.4746317527,0.009237396703778501
2791,DATA13,DATA13,2021-11-18 06:02:12.000000,1321250532.0,30.504242271,114.474639779,26.0256,7.9,23,0.00618465843842649,0.0149,30.504242392,114.4746398196,0.013968944353196873
2792,DATA13,DATA13,2021-11-18 06:02:13.000000,1321250533.0,30.504231898,114.474646304,26.0098,9.0,23,0.00618465843842649,0.0149,30.5042319729,114.4746463084,0.008314256982102997
2793,DATA13,DATA13,2021-11-18 06:02:14.000000,1321250534.0,30.504223111,114.474651787,25.9964,12.3,23,0.00618465843842649,0.0149,30.5042231636,114.4746518342,0.007384707780413867
2794,DATA13,DATA13,2021-11-18 06:02:15.000000,1321250535.0,30.504214899,114.474656924,25.9985,8.9,23,0.00618465843842649,0.0149,30.5042149735,114.4746569716,0.009438917078069447
2795,DATA13,DATA13,2021-11-18 06:02:16.000000,1321250536.0,30.504207563,114.474661555,25.9801,12.7,23,0.00618465843842649,0.0149,30.5042076394,114.4746615939,0.009256462364462243
2796,DATA13,DATA13,2021-11-18 06:02:17.000000,1321250537.0,30.504201872,114.4746652,25.9743,9.3,23,0.00618465843842649,0.0149,30.5042019414,114.4746652332,0.008327755941874793
2797,DATA13,DATA13,2021-11-18 06:02:18.000000,1321250538.0,30.504196104,114.474668788,25.971,7.2,23,0.00618465843842649,0.0149,30.5041961852,114.4746688298,0.009855761816345338
2798,DATA13,DATA13,2021-11-18 06:02:19.000000,1321250539.0,30.5041921,114.474671306,25.9726,7.5,23,0.00618465843842649,0.0149,30.5041921763,114.474671327,0.008695626549407531
2799,DATA13,DATA13,2021-11-18 06:02:20.000000,1321250540.0,30.504189672,114.474672847,25.9736,8.2,24,0.005966573556070519,0.0138,30.5041897696,114.4746728422,0.010829883148412758
2800,DATA13,DATA13,2021-11-18 06:02:21.000000,1321250541.0,30.504186943,114.474674599,25.9711,6.9,24,0.005966573556070519,0.0138,30.5041870121,114.4746745984,0.007660741256278062
2801,DATA13,DATA13,2021-11-18 06:02:22.000000,1321250542.0,30.504183135,114.47467696,25.9943,7.9,24,0.005966573556070519,0.0138,30.5041832642,114.4746769683,0.014345441063235315
2802,DATA13,DATA13,2021-11-18 06:02:23.000000,1321250543.0,30.504181231,114.474678197,25.9759,13.2,25,0.005966573556070519,0.0138,30.5041813004,114.474678218,0.007953498703137055
2803,DATA13,DATA13,2021-11-18 06:02:24.000000,1321250544.0,30.504179983,114.474679024,25.9727,9.7,25,0.005966573556070519,0.0138,30.5041800502,114.4746790143,0.007507854917950288
2804,DATA13,DATA13,2021-11-18 06:02:25.000000,1321250545.0,30.504178931,114.474679681,25.9771,7.0,25,0.005456189146281496,0.0122,30.504179017,114.47467968,0.009534566968729575
2805,DATA13,DATA13,2021-11-18 06:02:26.000000,1321250546.0,30.504178957,114.474679665,25.9708,13.1,25,0.005456189146281496,0.0122,30.5041790237,114.4746796765,0.007476409524509243
2806,DATA13,DATA13,2021-11-18 06:02:27.000000,1321250547.0,30.504178547,114.474679941,25.9633,6.6,25,0.005456189146281496,0.0122,30.5041785991,114.4746799471,0.005805488600179553
2807,DATA13,DATA13,2021-11-18 06:02:28.000000,1321250548.0,30.504176007,114.47468151,25.9811,8.3,25,0.005456189146281496,0.0122,30.5041760878,114.4746815248,0.009069572622824892
2808,DATA13,DATA13,2021-11-18 06:02:29.000000,1321250549.0,30.504172948,114.474683385,25.9762,10.3,25,0.005456189146281496,0.0122,30.5041730606,114.4746833818,0.012486776675619813
2809,DATA13,DATA13,2021-11-18 06:02:30.000000,1321250550.0,30.504171103,114.474684585,25.971,8.3,25,0.005456189146281496,0.0122,30.5041711677,114.4746845784,0.007200662612679508
2810,DATA13,DATA13,2021-11-18 06:02:31.000000,1321250551.0,30.504169133,114.474685822,25.97,6.4,25,0.005456189146281496,0.0122,30.5041691977,114.4746858421,0.007427726054889876
2811,DATA13,DATA13,2021-11-18 06:02:32.000000,1321250552.0,30.504168285,114.474686355,25.9712,7.3,25,0.005456189146281496,0.0122,30.5041683404,114.474686388,0.006910571626729614
2812,DATA13,DATA13,2021-11-18 06:02:33.000000,1321250553.0,30.504166737,114.47468732,25.9783,5.5,25,0.005456189146281496,0.0122,30.5041668168,114.4746873713,0.010125025018672094
2813,DATA13,DATA13,2021-11-18 06:02:34.000000,1321250554.0,30.504166436,114.47468754,25.978,6.8,25,0.005456189146281496,0.0122,30.5041665039,114.4746875823,0.008552870839735579
2814,DATA13,DATA13,2021-11-18 06:02:35.000000,1321250555.0,30.504165822,114.474687959,25.9705,7.3,25,0.005456189146281496,0.0122,30.50416589,114.4746879881,0.008039502123438973
2815,DATA13,DATA13,2021-11-18 06:02:36.000000,1321250556.0,30.504165658,114.474688056,25.9764,7.5,25,0.005456189146281496,0.0122,30.5041657326,114.4746880969,0.009154906819558913
2816,DATA13,DATA13,2021-11-18 06:02:37.000000,1321250557.0,30.50416566,114.474688047,25.9713,7.7,25,0.005456189146281496,0.0122,30.5041657333,114.4746881019,0.009685482021913987
2817,DATA13,DATA13,2021-11-18 06:02:38.000000,1321250558.0,30.504165642,114.474688058,25.9722,9.2,25,0.005456189146281496,0.0122,30.5041657332,114.4746881043,0.0110443542621357
2818,DATA13,DATA13,2021-11-18 06:02:39.000000,1321250559.0,30.504165636,114.474688037,25.972,8.8,25,0.005456189146281496,0.0122,30.5041657333,114.4746881042,0.012568582948966622
2819,DATA13,DATA13,2021-11-18 06:02:40.000000,1321250560.0,30.504165656,114.474688066,25.9689,8.1,25,0.005456189146281496,0.0122,30.5041657332,114.4746881043,0.009314798384048046
2820,DATA13,DATA13,2021-11-18 06:02:41.000000,1321250561.0,30.504165646,114.474688049,25.975,6.8,25,0.005456189146281496,0.0122,30.5041657332,114.4746881043,0.011028766773175535
2821,DATA13,DATA13,2021-11-18 06:02:42.000000,1321250562.0,30.504165653,114.474688062,25.9744,6.6,25,0.005456189146281496,0.0122,30.5041657332,114.4746881043,0.009774450153952709
2822,DATA13,DATA13,2021-11-18 06:02:43.000000,1321250563.0,30.504165672,114.47468806,25.9692,6.6,25,0.005456189146281496,0.0122,30.5041657332,114.4746881043,0.008007304088263584
2823,DATA13,DATA13,2021-11-18 06:02:44.000000,1321250564.0,30.504165658,114.474688061,25.9729,9.2,25,0.005456189146281496,0.0122,30.5041657333,114.4746881043,0.00932545630637323
2824,DATA13,DATA13,2021-11-18 06:02:45.000000,1321250565.0,30.504165646,114.474688084,25.973,9.3,25,0.005456189146281496,0.0122,30.5041657333,114.4746881045,0.009876248330297033
2825,DATA13,DATA13,2021-11-18 06:02:46.000000,1321250566.0,30.504165647,114.474688061,25.9765,7.9,25,0.005456189146281496,0.0122,30.5041657332,114.4746881044,0.010424930951969955
2826,DATA13,DATA13,2021-11-18 06:02:47.000000,1321250567.0,30.504165667,114.474688081,25.9723,6.6,25,0.005456189146281496,0.0122,30.5041657332,114.4746881043,0.0076722939420383615
2827,DATA13,DATA13,2021-11-18 06:02:48.000000,1321250568.0,30.504165636,114.47468808,25.9801,9.6,25,0.005456189146281496,0.0122,30.5041657332,114.4746881043,0.011025324594294682
2828,DATA13,DATA13,2021-11-18 06:02:49.000000,1321250569.0,30.504165658,114.474688083,25.9718,9.6,25,0.005456189146281496,0.0122,30.5041657332,114.4746881043,0.008583861600548968
2829,DATA13,DATA13,2021-11-18 06:02:50.000000,1321250570.0,30.50416564,114.474688091,25.979,7.5,25,0.005456189146281496,0.0122,30.5041657332,114.4746881045,0.010413240053530943
2830,DATA13,DATA13,2021-11-18 06:02:51.000000,1321250571.0,30.504165635,114.474688077,25.9808,8.5,25,0.005456189146281496,0.0122,30.5041657355,114.4746881036,0.011430438106814399
2831,DATA13,DATA13,2021-11-18 06:02:52.000000,1321250572.0,30.504165634,114.474688068,25.9773,8.4,25,0.005456189146281496,0.0122,30.5041657403,114.4746881025,0.012241092923953693
2832,DATA13,DATA13,2021-11-18 06:02:53.000000,1321250573.0,30.504162799,114.474689874,25.977,5.5,25,0.005456189146281496,0.0122,30.504162909,114.4746899435,0.013900476880103076
2833,DATA13,DATA13,2021-11-18 06:02:54.000000,1321250574.0,30.504155941,114.474694246,25.9831,5.5,25,0.005456189146281496,0.0122,30.504156077,114.4746942601,0.015137789564925206
2834,DATA13,DATA13,2021-11-18 06:02:55.000000,1321250575.0,30.504146437,114.47470027,25.9553,11.1,24,0.005597320787662612,0.0131,30.5041465119,114.4747003474,0.011142435503084679
2835,DATA13,DATA13,2021-11-18 06:02:56.000000,1321250576.0,30.504134928,114.474707703,25.9562,6.9,25,0.005597320787662612,0.0131,30.5041350149,114.4747077235,0.009832795241491233
2836,DATA13,DATA13,2021-11-18 06:02:57.000000,1321250577.0,30.504119319,114.474717657,25.9556,13.1,25,0.005597320787662612,0.0131,30.5041194534,114.4747177028,0.015534906913349763
2837,DATA13,DATA13,2021-11-18 06:02:58.000000,1321250578.0,30.504098111,114.474731075,25.9443,8.3,25,0.005456189146281496,0.0122,30.5040982138,114.4747311077,0.011820958396735488
2838,DATA13,DATA13,2021-11-18 06:02:59.000000,1321250579.0,30.504073496,114.474746458,25.9347,6.3,25,0.005456189146281496,0.0122,30.50407365,114.4747465035,0.017622522724859768
2839,DATA13,DATA13,2021-11-18 06:03:00.000000,1321250580.0,30.504046125,114.474763736,25.9078,9.3,24,0.005597320787662612,0.0131,30.5040462523,114.4747637759,0.014623191363508124
2840,DATA13,DATA13,2021-11-18 06:03:01.000000,1321250581.0,30.504017133,114.474781745,25.8938,10.3,25,0.005597320787662612,0.0131,30.5040172386,114.4747817523,0.011727921881302108
2841,DATA13,DATA13,2021-11-18 06:03:02.000000,1321250582.0,30.503986425,114.474800896,25.8755,12.8,25,0.005456189146281496,0.0122,30.5039865368,114.4748009032,0.01241356467518786
2842,DATA13,DATA13,2021-11-18 06:03:03.000000,1321250583.0,30.503952551,114.474822015,25.8541,9.7,25,0.005456189146281496,0.0122,30.5039526332,114.4748220191,0.009121304339142714
2843,DATA13,DATA13,2021-11-18 06:03:04.000000,1321250584.0,30.503915721,114.474845594,25.8721,9.0,24,0.005597320787662612,0.0131,30.5039158373,114.4748456444,0.013771061662210766
2844,DATA13,DATA13,2021-11-18 06:03:05.000000,1321250585.0,30.503876002,114.474872079,25.865,8.0,25,0.005456189146281496,0.0122,30.5038761038,114.4748721143,0.011783453159970432
2845,DATA13,DATA13,2021-11-18 06:03:06.000000,1321250586.0,30.503834453,114.474900146,25.8955,5.8,25,0.005456189146281496,0.0122,30.5038345601,114.4749001747,0.012188711713088971
2846,DATA13,DATA13,2021-11-18 06:03:07.000000,1321250587.0,30.503791155,114.474930233,25.8715,10.8,25,0.005597320787662612,0.0131,30.503791235,114.4749302906,0.010451378589938805
2847,DATA13,DATA13,2021-11-18 06:03:08.000000,1321250588.0,30.503747691,114.47496309,25.8939,7.9,25,0.005456189146281496,0.0122,30.5037478032,114.4749631083,0.012562091782951075
2848,DATA13,DATA13,2021-11-18 06:03:09.000000,1321250589.0,30.503706323,114.474995598,25.9174,7.8,25,0.005456189146281496,0.0122,30.5037064492,114.4749956708,0.01563901913422064
2849,DATA13,DATA13,2021-11-18 06:03:10.000000,1321250590.0,30.503666441,114.475026238,25.919,6.7,25,0.005597320787662612,0.0131,30.5036665397,114.4750262698,0.011359869168420656
2850,DATA13,DATA13,2021-11-18 06:03:11.000000,1321250591.0,30.503625961,114.475055592,25.934,12.0,24,0.00618465843842649,0.0149,30.5036259997,114.4750556085,0.004573382158182141
2851,DATA13,DATA13,2021-11-18 06:03:12.000000,1321250592.0,30.503585066,114.475083715,25.9993,7.4,24,0.005966573556070519,0.0138,30.5035851522,114.4750837673,0.010794823898029273
2852,DATA13,DATA13,2021-11-18 06:03:14.000000,1321250594.0,30.503502152,114.475138546,26.0732,11.7,24,0.00618465843842649,0.0153,30.5035021634,114.4751385533,0.0014451026327515872
2853,DATA13,DATA13,2021-11-18 06:03:15.000000,1321250595.0,30.503459298,114.475166212,26.1077,8.4,22,0.006859300255857006,0.0164,30.503459337,114.4751662627,0.006510076428562121
2854,DATA13,DATA13,2021-11-18 06:03:18.000000,1321250598.0,30.50332518,114.475252238,26.23,7.7,24,0.006378087487640789,0.0159,30.5033252589,114.4752522925,0.010192202125144309
2855,DATA13,DATA13,2021-11-18 06:03:19.000000,1321250599.0,30.503279272,114.4752819,26.2672,11.4,24,0.005597320787662612,0.0135,30.5032793261,114.4752819265,0.006514803211008504
2856,DATA13,DATA13,2021-11-18 06:03:20.000000,1321250600.0,30.50323355,114.475311501,26.3149,11.7,23,0.00618465843842649,0.0153,30.5032336074,114.4753115573,0.00834883150648833
2857,DATA13,DATA13,2021-11-18 06:03:21.000000,1321250601.0,30.503189694,114.475340035,26.3438,9.3,22,0.006453681120105021,0.0162,30.5031897757,114.4753401087,0.011493067427709374
2858,DATA13,DATA13,2021-11-18 06:03:22.000000,1321250602.0,30.503148998,114.475366668,26.3746,5.9,23,0.006378087487640789,0.015,30.5031491121,114.4753667189,0.013560219401675797
2859,DATA13,DATA13,2021-11-18 06:03:23.000000,1321250603.0,30.503111481,114.475391328,26.3858,7.5,24,0.006378087487640789,0.015,30.5031115734,114.4753914119,0.013030716420539698
2860,DATA13,DATA13,2021-11-18 06:03:24.000000,1321250604.0,30.503075437,114.475414978,26.3907,6.6,25,0.005966573556070519,0.0138,30.5030755495,114.4754150715,0.015365900625881397
2861,DATA13,DATA13,2021-11-18 06:03:25.000000,1321250605.0,30.503037845,114.475439311,26.4084,11.9,24,0.005456189146281496,0.0125,30.503037983,114.4754393899,0.017071110082880665
2862,DATA13,DATA13,2021-11-18 06:03:26.000000,1321250606.0,30.502998896,114.47546416,26.3837,8.6,24,0.005456189146281496,0.0125,30.5029990245,114.4754642308,0.015783939816629476
2863,DATA13,DATA13,2021-11-18 06:03:27.000000,1321250607.0,30.502960002,114.475488892,26.3717,6.4,23,0.005663920903402518,0.0132,30.5029601111,114.4754889429,0.01304467909325309
2864,DATA13,DATA13,2021-11-18 06:03:28.000000,1321250608.0,30.502920362,114.475513811,26.3494,8.2,24,0.005663920903402518,0.0132,30.5029204823,114.4755139012,0.01590100166608192
2865,DATA13,DATA13,2021-11-18 06:03:29.000000,1321250609.0,30.502880332,114.475538971,26.311,8.1,24,0.005597320787662612,0.0135,30.5028804444,114.4755390447,0.014329232625932511
2866,DATA13,DATA13,2021-11-18 06:03:31.000000,1321250611.0,30.502802188,114.475587974,26.2009,10.7,23,0.005597320787662612,0.0135,30.5028022605,114.4755880209,0.00921253535719737
2867,DATA13,DATA13,2021-11-18 06:03:32.000000,1321250612.0,30.502761747,114.47561334,26.1613,6.7,24,0.005597320787662612,0.0135,30.5027618648,114.4756134042,0.014440645257892473
2868,DATA13,DATA13,2021-11-18 06:03:33.000000,1321250613.0,30.502720624,114.475639274,26.0822,8.4,24,0.005658621740318043,0.0127,30.5027206979,114.4756393048,0.008709861977866365
2869,DATA13,DATA13,2021-11-18 06:03:34.000000,1321250614.0,30.502680506,114.475664462,25.9846,8.5,23,0.00573149195236284,0.0128,30.5026805614,114.4756644512,0.006228613053738274
2870,DATA13,DATA13,2021-11-18 06:03:35.000000,1321250615.0,30.502641569,114.475688732,25.9214,10.2,23,0.00573149195236284,0.0128,30.5026416912,114.4756887646,0.013904031462527866
2871,DATA13,DATA13,2021-11-18 06:03:36.000000,1321250616.0,30.502601635,114.475713858,25.8445,8.9,23,0.00573149195236284,0.0128,30.502601739,114.4757139046,0.012367016207427403
2872,DATA13,DATA13,2021-11-18 06:03:37.000000,1321250617.0,30.502560458,114.4757394,25.754,13.0,23,0.005303772242470448,0.0117,30.5025605664,114.4757394771,0.014113730450036938
2873,DATA13,DATA13,2021-11-18 06:03:39.000000,1321250619.0,30.502480324,114.475789281,25.5476,9.0,22,0.0054451813560247924,0.0117,30.5024804307,114.4757893152,0.012276068741137293
2874,DATA13,DATA13,2021-11-18 06:03:40.000000,1321250620.0,30.502439088,114.475815513,25.4613,8.3,21,0.00565685424949238,0.0119,30.50243923,114.4758155662,0.01654999629279426
2875,DATA13,DATA13,2021-11-18 06:03:41.000000,1321250621.0,30.502396573,114.475842997,25.3414,16.2,20,0.0059413803110051795,0.0121,30.5023966451,114.4758429553,0.008939482296371766
2876,DATA13,DATA13,2021-11-18 06:03:42.000000,1321250622.0,30.502354649,114.475869903,25.2547,11.4,20,0.0059413803110051795,0.0121,30.50235471,114.4758698415,0.00897702896874419
2877,DATA13,DATA13,2021-11-18 06:03:43.000000,1321250623.0,30.50231417,114.475895619,25.1489,5.0,20,0.0059413803110051795,0.0121,30.502314254,114.4758956235,0.009322371021090054
2878,DATA13,DATA13,2021-11-18 06:03:44.000000,1321250624.0,30.502275072,114.475920673,25.0341,7.4,18,0.006585590330410783,0.0127,30.5022751387,114.4759206735,0.0073946101427630325
2879,DATA13,DATA13,2021-11-18 06:03:45.000000,1321250625.0,30.502237788,114.475944057,24.9573,11.3,18,0.007700649323271383,0.0132,30.5022378363,114.4759439443,0.012071447498538682
2880,DATA13,DATA13,2021-11-18 06:03:46.000000,1321250626.0,30.502201036,114.475967241,24.8526,6.0,18,0.007700649323271383,0.0132,30.5022011219,114.4759672398,0.009523690165588197
2881,DATA13,DATA13,2021-11-18 06:03:47.000000,1321250627.0,30.502162984,114.475991354,24.7622,12.3,19,0.00910494371207203,0.0145,30.5021630174,114.4759912626,0.009523447912136784
2882,DATA13,DATA13,2021-11-18 06:03:48.000000,1321250628.0,30.502124915,114.476015421,24.6722,7.2,18,0.00910494371207203,0.0145,30.502124945,114.4760152671,0.01514369357183944
2883,DATA13,DATA13,2021-11-18 06:03:49.000000,1321250629.0,30.502087445,114.476038942,24.5753,6.3,21,0.00910494371207203,0.0145,30.5020875038,114.4760388836,0.008597832746870862
2884,DATA13,DATA13,2021-11-18 06:03:50.000000,1321250630.0,30.502049317,114.476063151,24.5046,6.3,21,0.006161980201201559,0.0126,30.5020494584,114.4760631767,0.015868753634025994
2885,DATA13,DATA13,2021-11-18 06:03:51.000000,1321250631.0,30.502009836,114.476088592,24.3799,6.2,21,0.006161980201201559,0.0126,30.5020099551,114.4760886695,0.015155372870853586
2886,DATA13,DATA13,2021-11-18 06:03:52.000000,1321250632.0,30.5019682,114.476115473,24.2704,6.7,21,0.006161980201201559,0.0126,30.501968318,114.4761154648,0.013105303439972581
2887,DATA13,DATA13,2021-11-18 06:03:53.000000,1321250633.0,30.501923502,114.476144226,24.159,6.2,20,0.006670832032063167,0.0129,30.5019236142,114.4761442564,0.012776403884607258
2888,DATA13,DATA13,2021-11-18 06:03:54.000000,1321250634.0,30.501876381,114.476173893,24.0494,10.6,20,0.006670832032063167,0.0129,30.5018764529,114.4761738158,0.010883874226634036
2889,DATA13,DATA13,2021-11-18 06:03:55.000000,1321250635.0,30.501828101,114.476203341,23.9236,11.2,20,0.006438167441127949,0.0121,30.5018281876,114.4762033484,0.009626838616941686
2890,DATA13,DATA13,2021-11-18 06:03:56.000000,1321250636.0,30.501779781,114.476232582,23.7987,8.2,20,0.006438167441127949,0.0121,30.5017798248,114.4762325211,0.007599784137081761
2891,DATA13,DATA13,2021-11-18 06:03:57.000000,1321250637.0,30.501731271,114.476262419,23.672,9.4,17,0.008668333173107735,0.0135,30.5017312988,114.4762623038,0.011480336402013396
2892,DATA13,DATA13,2021-11-18 06:03:58.000000,1321250638.0,30.501682329,114.476292416,23.5651,4.3,18,0.008668333173107735,0.0135,30.5016823397,114.4762923401,0.007382148835172505
2893,DATA13,DATA13,2021-11-18 06:03:59.000000,1321250639.0,30.501633432,114.476322793,23.4139,8.6,18,0.008668333173107735,0.0135,30.5016333679,114.4763225956,0.02023853970639266
2894,DATA13,DATA13,2021-11-18 06:04:01.000000,1321250641.0,30.501537694,114.476378817,23.1895,6.7,18,0.009140021881811882,0.0136,30.5015376735,114.4763786194,0.01910481666540943
2895,DATA13,DATA13,2021-11-18 06:04:02.000000,1321250642.0,30.501493239,114.476403305,23.1044,8.8,18,0.009986490875177327,0.0184,30.5014932629,114.4764030779,0.021961520143413578
2896,DATA13,DATA13,2021-11-18 06:04:03.000000,1321250643.0,30.501450585,114.476425085,23.0004,8.7,19,0.007359347797189639,0.0168,30.501450677,114.4764248988,0.02057991781299861
2897,DATA13,DATA13,2021-11-18 06:04:04.000000,1321250644.0,30.501409993,114.476443181,22.8767,6.8,19,0.009986490875177327,0.0184,30.5014100465,114.4764430725,0.0119860748814711
2898,DATA13,DATA13,2021-11-18 06:04:05.000000,1321250645.0,30.501371091,114.476460111,22.7679,14.4,18,0.009986490875177327,0.0184,30.5013711062,114.476459941,0.016406413201762348
2899,DATA13,DATA13,2021-11-18 06:04:06.000000,1321250646.0,30.501336265,114.476476881,22.6896,7.5,18,0.009986490875177327,0.0184,30.5013363119,114.4764766537,0.02243124470753612
2900,DATA13,DATA13,2021-11-18 06:04:07.000000,1321250647.0,30.501305452,114.476493385,22.5972,6.2,18,0.008988882021697692,0.0173,30.501305497,114.4764932711,0.01201847799975245
2901,DATA13,DATA13,2021-11-18 06:04:08.000000,1321250648.0,30.501277216,114.476510014,22.5329,8.4,18,0.008988882021697692,0.0173,30.5012773053,114.4765098863,0.015757224626234675
2902,DATA13,DATA13,2021-11-18 06:04:09.000000,1321250649.0,30.501250955,114.476526078,22.48,4.8,18,0.008988882021697692,0.0173,30.5012510554,114.4765258891,0.021277465285820918
2903,DATA13,DATA13,2021-11-18 06:04:10.000000,1321250650.0,30.501227126,114.476540698,22.4123,6.1,16,0.011402192771568108,0.0179,30.5012271178,114.4765404098,0.027681572123139916
2904,DATA13,DATA13,2021-11-18 06:04:11.000000,1321250651.0,30.501205727,114.476553597,22.3121,5.4,17,0.00910494371207203,0.0175,30.5012057277,114.4765535081,0.008534582969741446
2905,DATA13,DATA13,2021-11-18 06:04:12.000000,1321250652.0,30.501185946,114.476566108,22.2656,4.1,17,0.00910494371207203,0.0175,30.5011858731,114.4765659314,0.018781067370244445
2906,DATA13,DATA13,2021-11-18 06:04:13.000000,1321250653.0,30.501167172,114.476577634,22.2618,8.1,19,0.00910494371207203,0.0175,30.5011672403,114.4765775133,0.013841621397092985
2907,DATA13,DATA13,2021-11-18 06:04:14.000000,1321250654.0,30.501149303,114.476588454,22.2234,6.8,19,0.00910494371207203,0.0175,30.5011494192,114.4765884302,0.013083127651089403
2908,DATA13,DATA13,2021-11-18 06:04:15.000000,1321250655.0,30.501132607,114.476597778,22.1658,7.8,21,0.007638062581571324,0.017,30.5011326793,114.4765978314,0.009514387434512073
2909,DATA13,DATA13,2021-11-18 06:04:16.000000,1321250656.0,30.501118322,114.476604631,22.1515,5.8,22,0.007076722405181653,0.0165,30.5011184641,114.4766047253,0.018169189661551857
2910,DATA13,DATA13,2021-11-18 06:04:17.000000,1321250657.0,30.501106958,114.476608932,22.1252,9.5,22,0.007076722405181653,0.0165,30.5011070967,114.476609039,0.01849176952579394
2911,DATA13,DATA13,2021-11-18 06:04:18.000000,1321250658.0,30.501096656,114.476611353,22.0806,7.3,22,0.007076722405181653,0.0165,30.5010967984,114.476611431,0.017472446514924755
2912,DATA13,DATA13,2021-11-18 06:04:19.000000,1321250659.0,30.501084742,114.476612151,22.0817,11.1,22,0.006363961030678928,0.0144,30.5010849007,114.4766122137,0.01859481975920526
2913,DATA13,DATA13,2021-11-18 06:04:20.000000,1321250660.0,30.501070665,114.476610704,22.0404,8.5,22,0.006363961030678928,0.0144,30.501070828,114.4766108163,0.02104187396190559
2914,DATA13,DATA13,2021-11-18 06:04:21.000000,1321250661.0,30.501055084,114.476606274,22.0049,9.4,22,0.006222539674441618,0.0141,30.5010552449,114.4766063379,0.0188628974950141
2915,DATA13,DATA13,2021-11-18 06:04:22.000000,1321250662.0,30.501039119,114.476598851,21.9498,6.5,23,0.005869412236331676,0.0139,30.5010392743,114.4765989243,0.018599236844788605
2916,DATA13,DATA13,2021-11-18 06:04:23.000000,1321250663.0,30.501023747,114.476589878,21.8935,10.4,22,0.006010823570859487,0.0141,30.5010238731,114.4765899269,0.014746732107536903
2917,DATA13,DATA13,2021-11-18 06:04:24.000000,1321250664.0,30.501008753,114.476580325,21.8438,11.2,22,0.006010823570859487,0.0141,30.5010088773,114.4765804079,0.015913011703479262
2918,DATA13,DATA13,2021-11-18 06:04:25.000000,1321250665.0,30.500995468,114.476571364,21.79,6.8,22,0.005597320787662612,0.0136,30.5009956423,114.476571468,0.021749940565070684
2919,DATA13,DATA13,2021-11-18 06:04:26.000000,1321250666.0,30.500984918,114.476564001,21.7737,8.7,22,0.005597320787662612,0.0136,30.500985048,114.4765640086,0.014430425885093679
2920,DATA13,DATA13,2021-11-18 06:04:27.000000,1321250667.0,30.500976651,114.476556831,21.7323,11.6,22,0.005597320787662612,0.0136,30.5009767475,114.4765569537,0.01591208072663693
2921,DATA13,DATA13,2021-11-18 06:04:28.000000,1321250668.0,30.500970232,114.476550268,21.7161,9.8,22,0.005597320787662612,0.0136,30.5009703557,114.4765504087,0.019248358215385734
2922,DATA13,DATA13,2021-11-18 06:04:29.000000,1321250669.0,30.500964555,114.476544965,21.6862,8.4,22,0.005597320787662612,0.0136,30.5009646707,114.476545099,0.01816589414406531
2923,DATA13,DATA13,2021-11-18 06:04:30.000000,1321250670.0,30.500961414,114.476541813,21.6766,4.9,22,0.005597320787662612,0.0136,30.5009615109,114.4765419313,0.015632430110965018
2924,DATA13,DATA13,2021-11-18 06:04:31.000000,1321250671.0,30.500955915,114.47653572,21.6656,4.0,22,0.005597320787662612,0.0136,30.5009560789,114.4765358365,0.02133617823981922
2925,DATA13,DATA13,2021-11-18 06:04:32.000000,1321250672.0,30.500952232,114.476531605,21.6311,12.2,21,0.005597320787662612,0.0143,30.5009523767,114.4765316973,0.01832607234248291
2926,DATA13,DATA13,2021-11-18 06:04:33.000000,1321250673.0,30.500949514,114.47652921,21.6342,4.8,21,0.005597320787662612,0.0143,30.5009496794,114.4765292707,0.019240084403358337
2927,DATA13,DATA13,2021-11-18 06:04:34.000000,1321250674.0,30.500949784,114.47652928,21.6226,4.9,22,0.005597320787662612,0.0143,30.5009499149,114.476529365,0.016648543659128566
2928,DATA13,DATA13,2021-11-18 06:04:35.000000,1321250675.0,30.500949845,114.476529375,21.6355,5.3,22,0.005597320787662612,0.0143,30.5009500042,114.4765294299,0.018419217959586204
2929,DATA13,DATA13,2021-11-18 06:04:36.000000,1321250676.0,30.500949872,114.476529373,21.6229,5.7,22,0.005597320787662612,0.0143,30.5009500038,114.4765294294,0.015582402066075765
2930,DATA13,DATA13,2021-11-18 06:04:37.000000,1321250677.0,30.500949872,114.476529361,21.6262,5.3,22,0.005597320787662612,0.0143,30.5009500031,114.4765294288,0.015924752680939406
2931,DATA13,DATA13,2021-11-18 06:04:38.000000,1321250678.0,30.500949863,114.476529357,21.6277,5.4,22,0.005597320787662612,0.0143,30.5009500023,114.4765294279,0.01687634650156435
2932,DATA13,DATA13,2021-11-18 06:04:39.000000,1321250679.0,30.500949849,114.476529338,21.6306,4.3,22,0.005597320787662612,0.0143,30.5009500058,114.4765294261,0.019331296451984493
2933,DATA13,DATA13,2021-11-18 06:04:40.000000,1321250680.0,30.500949849,114.476529381,21.6307,5.6,22,0.005597320787662612,0.0143,30.500950005,114.4765294265,0.01783742556188173
2934,DATA13,DATA13,2021-11-18 06:04:41.000000,1321250681.0,30.500949837,114.476529375,21.6388,5.8,22,0.005597320787662612,0.0143,30.5009500049,114.4765294263,0.019254075660488243
2935,DATA13,DATA13,2021-11-18 06:04:42.000000,1321250682.0,30.500949845,114.47652937,21.6264,4.5,22,0.005597320787662612,0.0143,30.5009500049,114.4765294263,0.01853233820417096
2936,DATA13,DATA13,2021-11-18 06:04:43.000000,1321250683.0,30.500949851,114.476529361,21.6324,4.4,22,0.005597320787662612,0.0143,30.5009500051,114.476529426,0.018187632006377973
2937,DATA13,DATA13,2021-11-18 06:04:44.000000,1321250684.0,30.500949847,114.476529361,21.6355,6.5,22,0.005597320787662612,0.0143,30.5009500049,114.4765294263,0.018593587203331492
2938,DATA13,DATA13,2021-11-18 06:04:45.000000,1321250685.0,30.500949853,114.476529385,21.6269,6.0,22,0.005597320787662612,0.0143,30.500950006,114.4765294283,0.017463687665032136
2939,DATA13,DATA13,2021-11-18 06:04:46.000000,1321250686.0,30.500949826,114.476529384,21.6357,5.2,22,0.005597320787662612,0.0143,30.5009500039,114.4765294264,0.020137870302316913
2940,DATA13,DATA13,2021-11-18 06:04:47.000000,1321250687.0,30.500949847,114.476529361,21.6317,5.7,22,0.005597320787662612,0.0143,30.5009500034,114.4765294261,0.018430596490630446
2941,DATA13,DATA13,2021-11-18 06:04:48.000000,1321250688.0,30.500949848,114.476529376,21.6335,4.1,22,0.005597320787662612,0.0143,30.500950006,114.4765294298,0.018261640554167777
2942,DATA13,DATA13,2021-11-18 06:04:49.000000,1321250689.0,30.500949845,114.476529362,21.629,5.5,22,0.005597320787662612,0.0143,30.5009500049,114.4765294242,0.01870536501330783
2943,DATA13,DATA13,2021-11-18 06:04:50.000000,1321250690.0,30.500949849,114.476529354,21.6333,4.2,22,0.005597320787662612,0.0143,30.500950005,114.476529424,0.018554024578134726
2944,DATA13,DATA13,2021-11-18 06:04:51.000000,1321250691.0,30.500949867,114.47652936,21.6342,7.4,22,0.005597320787662612,0.0143,30.5009500053,114.476529424,0.016517302596462908
2945,DATA13,DATA13,2021-11-18 06:04:52.000000,1321250692.0,30.500949864,114.476529363,21.6298,6.1,22,0.005597320787662612,0.0143,30.5009500054,114.4765294236,0.016720455739656505
2946,DATA13,DATA13,2021-11-18 06:04:53.000000,1321250693.0,30.500949848,114.476529368,21.6382,7.2,22,0.005597320787662612,0.0143,30.5009500051,114.4765294234,0.018210224502641325
2947,DATA13,DATA13,2021-11-18 06:04:54.000000,1321250694.0,30.500949847,114.476529366,21.6359,7.5,22,0.005597320787662612,0.0143,30.5009500048,114.4765294227,0.01832114642628894
2948,DATA13,DATA13,2021-11-18 06:04:55.000000,1321250695.0,30.500949858,114.476529356,21.629,7.7,22,0.005597320787662612,0.0143,30.5009500022,114.4765294214,0.01717485251876314
2949,DATA13,DATA13,2021-11-18 06:04:56.000000,1321250696.0,30.500949837,114.47652937,21.6384,4.9,22,0.005597320787662612,0.0143,30.5009500011,114.4765294215,0.01885214986811563
2950,DATA13,DATA13,2021-11-18 06:04:57.000000,1321250697.0,30.500949852,114.476529389,21.6368,6.7,22,0.005597320787662612,0.0143,30.5009500004,114.4765294218,0.016750429072772223
2951,DATA13,DATA13,2021-11-18 06:04:58.000000,1321250698.0,30.50094987,114.476529369,21.6297,6.5,22,0.005597320787662612,0.0143,30.5009499993,114.4765294217,0.015200942949411484
2952,DATA13,DATA13,2021-11-18 06:04:59.000000,1321250699.0,30.500949866,114.476529348,21.6385,7.8,22,0.005597320787662612,0.0143,30.5009499971,114.476529417,0.015972181823343777
2953,DATA13,DATA13,2021-11-18 06:05:00.000000,1321250700.0,30.500949838,114.476529405,21.6424,4.6,22,0.005597320787662612,0.0143,30.5009499986,114.4765294097,0.017810041427897983
2954,DATA13,DATA13,2021-11-18 06:05:01.000000,1321250701.0,30.500949535,114.476529139,21.6287,5.5,22,0.005597320787662612,0.0143,30.5009496707,114.4765291755,0.015446550205952049
2955,DATA13,DATA13,2021-11-18 06:05:02.000000,1321250702.0,30.500948835,114.476528706,21.6353,3.5,22,0.005597320787662612,0.0143,30.5009489788,114.476528755,0.016621359770517055
2956,DATA13,DATA13,2021-11-18 06:05:06.000000,1321250706.0,30.500927434,114.476517935,21.6002,6.9,20,0.00587962583843564,0.0144,30.5009275814,114.4765180851,0.021786606770256352
2957,DATA13,DATA13,2021-11-18 06:05:08.000000,1321250708.0,30.500898726,114.476504145,21.5219,3.3,20,0.00587962583843564,0.0144,30.5008987856,114.4765042075,0.008925001670216638
2958,DATA13,DATA13,2021-11-18 06:05:10.000000,1321250710.0,30.500860718,114.476467515,21.4591,5.6,20,0.006030754513325841,0.0144,30.5008607434,114.47646764,0.012325761208638252
2959,DATA13,DATA13,2021-11-18 06:05:11.000000,1321250711.0,30.500841755,114.476438476,21.4147,3.1,20,0.006030754513325841,0.0144,30.5008419864,114.4764385234,0.026053742875863477
2960,DATA13,DATA13,2021-11-18 06:05:12.000000,1321250712.0,30.500824032,114.476403663,21.3526,10.8,19,0.006780117993073573,0.0148,30.5008241412,114.4764037809,0.016572825932206624
2961,DATA13,DATA13,2021-11-18 06:05:13.000000,1321250713.0,30.500806063,114.476364481,21.259,6.5,17,0.006902897942168927,0.0158,30.500806106,114.4763646112,0.013377203522378433
2962,DATA13,DATA13,2021-11-18 06:05:14.000000,1321250714.0,30.500784918,114.476323063,21.1931,6.7,18,0.006780117993073573,0.0148,30.5007849813,114.4763232599,0.02016271173553076
2963,DATA13,DATA13,2021-11-18 06:05:16.000000,1321250716.0,30.500740078,114.476229897,21.073,4.6,16,0.007684399781375251,0.0148,30.5007402084,114.4762300254,0.018997906090845135
2964,DATA13,DATA13,2021-11-18 06:05:21.000000,1321250721.0,30.500613325,114.475941033,20.5734,3.6,14,0.013520724832641185,0.018,30.5006133167,114.4759413415,0.029629870578423173
2965,DATA13,DATA13,2021-11-18 06:05:26.000000,1321250726.0,30.500449907,114.475597925,20.0853,3.1,12,0.011651609330903607,0.0174,30.5004499911,114.4755981779,0.026006772212857528
2966,DATA13,DATA13,2021-11-18 06:05:33.000000,1321250733.0,30.500226622,114.475122223,19.4076,4.0,19,0.009602083107326242,0.0165,30.5002266338,114.4751225108,0.02765946400944738
2967,DATA13,DATA13,2021-11-18 06:05:34.000000,1321250734.0,30.500196705,114.475058133,19.2943,6.8,17,0.009440338976964757,0.016,30.5001966865,114.4750584312,0.028700281986892756
2968,DATA13,DATA13,2021-11-18 06:05:35.000000,1321250735.0,30.500167035,114.474994414,19.2275,8.8,16,0.009440338976964757,0.016,30.5001669977,114.4749947042,0.02816414347644682
2969,DATA13,DATA13,2021-11-18 06:05:36.000000,1321250736.0,30.500137908,114.474931631,19.1332,11.1,18,0.009440338976964757,0.016,30.5001378763,114.4749319856,0.03422219282945639
2970,DATA13,DATA13,2021-11-18 06:05:37.000000,1321250737.0,30.50010924,114.47487007,19.0324,10.4,17,0.008780091115700338,0.016,30.5001091981,114.4748703559,0.02783644482435502
2971,DATA13,DATA13,2021-11-18 06:05:38.000000,1321250738.0,30.500080658,114.47480924,18.9411,7.6,18,0.00834865258589672,0.0158,30.5000806054,114.4748095031,0.02592178574230065
2972,DATA13,DATA13,2021-11-18 06:05:39.000000,1321250739.0,30.500051625,114.474747883,18.8459,4.7,17,0.008130190649671139,0.0157,30.5000516107,114.4747481749,0.028066960996119827
2973,DATA13,DATA13,2021-11-18 06:05:44.000000,1321250744.0,30.49990921,114.474442675,18.4047,10.6,22,0.007666159403508383,0.0133,30.499909209,114.4744429249,0.02399047958896952
2974,DATA13,DATA13,2021-11-18 06:05:48.000000,1321250748.0,30.499801035,114.474214806,18.0563,10.6,23,0.007666159403508383,0.0133,30.4998011062,114.4742150129,0.02137321672364536
2975,DATA13,DATA13,2021-11-18 06:05:49.000000,1321250749.0,30.499779079,114.474167298,17.9854,11.5,23,0.0066850579653433065,0.013,30.4997791363,114.4741675219,0.022413297153104524
2976,DATA13,DATA13,2021-11-18 06:05:50.000000,1321250750.0,30.49976201,114.474123696,17.8954,7.7,23,0.0066850579653433065,0.013,30.4997620889,114.4741238844,0.020090373630065023
2977,DATA13,DATA13,2021-11-18 06:05:53.000000,1321250753.0,30.499743622,114.474013857,17.7847,16.0,22,0.006020797289396148,0.0154,30.4997437579,114.474014007,0.020840900057272592
2978,DATA13,DATA13,2021-11-18 06:05:55.000000,1321250755.0,30.499739466,114.473980826,17.7408,15.6,21,0.0058137767414994535,0.0142,30.4997395401,114.4739809145,0.011817968727606919
2979,DATA13,DATA13,2021-11-18 06:05:56.000000,1321250756.0,30.499734172,114.473971873,17.7497,11.4,21,0.0058137767414994535,0.0142,30.499734264,114.4739720135,0.01691000919515183
2980,DATA13,DATA13,2021-11-18 06:05:57.000000,1321250757.0,30.499726286,114.473963973,17.7357,15.4,21,0.0058137767414994535,0.0142,30.4997263427,114.4739640821,0.012215020909222834
2981,DATA13,DATA13,2021-11-18 06:05:58.000000,1321250758.0,30.499713738,114.473957949,17.7304,29.1,21,0.005663920903402518,0.0142,30.4997138135,114.4739581041,0.017080838588185276
2982,DATA13,DATA13,2021-11-18 06:05:59.000000,1321250759.0,30.499697378,114.473958252,17.7431,13.2,21,0.005663920903402518,0.0142,30.4996974728,114.4739584577,0.02236962993613839
2983,DATA13,DATA13,2021-11-18 06:06:00.000000,1321250760.0,30.499681555,114.473967608,17.7779,21.5,21,0.005663920903402518,0.0142,30.4996816796,114.473967787,0.022047546461681757
2984,DATA13,DATA13,2021-11-18 06:06:01.000000,1321250761.0,30.499671618,114.473982851,17.7905,29.0,21,0.005663920903402518,0.0142,30.499671724,114.4739830411,0.021705697581472377
2985,DATA13,DATA13,2021-11-18 06:06:02.000000,1321250762.0,30.499668281,114.473999661,17.8032,12.0,21,0.005663920903402518,0.0142,30.4996684375,114.4739997714,0.020330761246029734
2986,DATA13,DATA13,2021-11-18 06:06:03.000000,1321250763.0,30.499670435,114.474015373,17.8016,25.5,21,0.005663920903402518,0.0142,30.4996705741,114.4740154723,0.018129375774237073
2987,DATA13,DATA13,2021-11-18 06:06:07.000000,1321250767.0,30.499709393,114.474089229,17.8288,18.2,21,0.005663920903402518,0.0142,30.4997094852,114.4740893377,0.014607167189092744
2988,DATA13,DATA13,2021-11-18 06:06:08.000000,1321250768.0,30.499725783,114.47412177,17.8674,23.2,22,0.005663920903402518,0.0142,30.4997258604,114.4741218729,0.013084701210937223
2989,DATA13,DATA13,2021-11-18 06:06:09.000000,1321250769.0,30.499745602,114.474161449,17.9174,29.3,22,0.005663920903402518,0.0142,30.4997456776,114.4741615557,0.013234987710488097
2990,DATA13,DATA13,2021-11-18 06:06:10.000000,1321250770.0,30.499768852,114.474207935,18.023,31.3,22,0.005663920903402518,0.0142,30.4997689246,114.4742080596,0.014417243984278759
2991,DATA13,DATA13,2021-11-18 06:06:11.000000,1321250771.0,30.499794599,114.474259852,18.1362,14.0,22,0.005663920903402518,0.0142,30.4997946778,114.4742600049,0.017081220909904486
2992,DATA13,DATA13,2021-11-18 06:06:12.000000,1321250772.0,30.499821803,114.47431594,18.1998,17.8,22,0.005663920903402518,0.0142,30.4998218746,114.4743160599,0.013981920412773591
2993,DATA13,DATA13,2021-11-18 06:06:13.000000,1321250773.0,30.499850042,114.47437509,18.2777,16.3,22,0.005663920903402518,0.0142,30.4998501117,114.4743752456,0.016817724857276534
2994,DATA13,DATA13,2021-11-18 06:06:14.000000,1321250774.0,30.499879051,114.474436036,18.3951,8.4,22,0.005663920903402518,0.0142,30.4998791051,114.4744361128,0.009504133345731029
2995,DATA13,DATA13,2021-11-18 06:06:15.000000,1321250775.0,30.499908758,114.474498578,18.4539,3.4,21,0.005946427498927403,0.0144,30.4999089349,114.4744987396,0.025005467289063686
2996,DATA13,DATA13,2021-11-18 06:06:16.000000,1321250776.0,30.4999394,114.474562934,18.5456,5.2,20,0.006044005294504631,0.0142,30.4999394429,114.4745631188,0.01836709561527796
2997,DATA13,DATA13,2021-11-18 06:06:17.000000,1321250777.0,30.499970232,114.474628653,18.6422,7.0,18,0.006906518659932803,0.0145,30.4999702338,114.4746287885,0.013009427353729725
2998,DATA13,DATA13,2021-11-18 06:06:19.000000,1321250779.0,30.500031636,114.474761475,18.8493,19.3,16,0.008881441324469807,0.017,30.5000317055,114.4747616286,0.016637122680875988
2999,DATA13,DATA13,2021-11-18 06:06:20.000000,1321250780.0,30.500062563,114.474827823,18.9437,7.8,19,0.008881441324469807,0.017,30.5000626454,114.4748279775,0.017419297817074415
3000,DATA13,DATA13,2021-11-18 06:06:23.000000,1321250783.0,30.500155765,114.475025985,19.228,5.4,17,0.01026498904042279,0.017,30.5001558139,114.4750261593,0.017588906902507754
3001,DATA13,DATA13,2021-11-18 06:06:25.000000,1321250785.0,30.500218381,114.475157213,19.4318,4.9,16,0.011356936206565572,0.0168,30.5002182401,114.4751576426,0.04410022247237219
3002,DATA13,DATA13,2021-11-18 06:06:26.000000,1321250786.0,30.500249224,114.475222784,19.5256,3.7,17,0.011356936206565572,0.0168,30.5002491452,114.4752231168,0.03312128319957972
3003,DATA13,DATA13,2021-11-18 06:06:28.000000,1321250788.0,30.500310364,114.475352753,19.6973,4.7,14,0.010922453936730518,0.016,30.5003102774,114.4753530956,0.034261826003995646
3004,DATA13,DATA13,2021-11-18 06:06:29.000000,1321250789.0,30.500340618,114.475416654,19.7887,5.6,14,0.010922453936730518,0.016,30.5003404829,114.4754170306,0.03913277143902369
3005,DATA13,DATA13,2021-11-18 06:06:30.000000,1321250790.0,30.500370183,114.475479167,19.8836,4.2,15,0.010922453936730518,0.016,30.5003700973,114.4754795441,0.03742713168863755
3006,DATA13,DATA13,2021-11-18 06:06:32.000000,1321250792.0,30.500426051,114.475596833,20.059,3.5,14,0.009440338976964757,0.0159,30.50042603,114.4755971187,0.027525490098207272
3007,DATA13,DATA13,2021-11-18 06:06:34.000000,1321250794.0,30.500476343,114.475702729,20.2156,3.3,14,0.010922453936730518,0.016,30.5004763158,114.4757030294,0.028995252700876346
3008,DATA13,DATA13,2021-11-18 06:06:38.000000,1321250798.0,30.500565829,114.475890565,20.4874,3.4,17,0.00891403387922662,0.0168,30.500565776,114.4758908763,0.030456525489392514
3009,DATA13,DATA13,2021-11-18 06:06:40.000000,1321250800.0,30.500608451,114.475978226,20.5928,4.6,14,0.011604309544302928,0.0253,30.5006082919,114.4759785364,0.0346268626944799
3010,DATA13,DATA13,2021-11-18 06:06:42.000000,1321250802.0,30.500647567,114.476059569,20.69,3.4,16,0.011604309544302928,0.0253,30.5006474709,114.4760597946,0.024135882041853053
3011,DATA13,DATA13,2021-11-18 06:06:44.000000,1321250804.0,30.500686661,114.476141244,20.8847,3.3,16,0.013790576492663386,0.017,30.500686664,114.4761414641,0.02113190161941393
3012,DATA13,DATA13,2021-11-18 06:06:46.000000,1321250806.0,30.500725619,114.4762204,21.0331,4.3,18,0.010607544484940896,0.0162,30.5007256778,114.4762205875,0.01914373930378765
3013,DATA13,DATA13,2021-11-18 06:06:50.000000,1321250810.0,30.500790951,114.476355463,21.224,4.5,18,0.007580237463298891,0.0148,30.5007910417,114.4763555129,0.011137892474109035
3014,DATA13,DATA13,2021-11-18 06:06:56.000000,1321250816.0,30.500862917,114.476545885,21.5219,8.3,20,0.006466065264130885,0.0144,30.5008629917,114.4765459711,0.01170036105617227
3015,DATA13,DATA13,2021-11-18 06:07:01.000000,1321250821.0,30.500837557,114.47675383,21.8435,3.3,22,0.006030754513325841,0.0144,30.5008377146,114.4767538516,0.01759435797081337
3016,DATA13,DATA13,2021-11-18 06:07:05.000000,1321250825.0,30.500716138,114.476896447,21.8552,12.3,19,0.006876772498781677,0.0188,30.5007161989,114.4768964892,0.007873617053481198
3017,DATA13,DATA13,2021-11-18 06:07:06.000000,1321250826.0,30.500673403,114.476924791,21.8528,4.4,19,0.006876772498781677,0.0188,30.5006733785,114.4769247908,0.002716169805917906
3018,DATA13,DATA13,2021-11-18 06:07:07.000000,1321250827.0,30.500627786,114.476953907,21.886,12.7,16,0.00848999411071645,0.0203,30.5006277972,114.4769539195,0.0017267453687916836
3019,DATA13,DATA13,2021-11-18 06:07:09.000000,1321250829.0,30.500530413,114.477015809,21.9421,8.8,17,0.00686804193347711,0.0155,30.5005304959,114.4770159822,0.018997894525711483
3020,DATA13,DATA13,2021-11-18 06:07:10.000000,1321250830.0,30.500480399,114.477047385,21.9753,10.7,16,0.008266196223173025,0.017,30.5004804024,114.4770474948,0.010547403507775431
3021,DATA13,DATA13,2021-11-18 06:07:11.000000,1321250831.0,30.50042956,114.477079154,21.9813,11.1,18,0.008266196223173025,0.017,30.5004296134,114.4770793569,0.020357927659415104
3022,DATA13,DATA13,2021-11-18 06:07:12.000000,1321250832.0,30.500378207,114.47711166,21.9985,9.3,19,0.007427651041883968,0.0183,30.500378199,114.4771117231,0.006122109859547756
3023,DATA13,DATA13,2021-11-18 06:07:13.000000,1321250833.0,30.500326337,114.477144337,22.0092,8.4,18,0.007427651041883968,0.0183,30.5003262652,114.4771444571,0.014010274452982594
3024,DATA13,DATA13,2021-11-18 06:07:17.000000,1321250837.0,30.500117747,114.477276287,22.1017,8.0,18,0.007924645102463579,0.0185,30.5001177022,114.4772765066,0.02165855414330168
3025,DATA13,DATA13,2021-11-18 06:07:19.000000,1321250839.0,30.500008467,114.477345471,22.1456,9.6,14,0.00978008179924892,0.019,30.5000083843,114.4773454284,0.010038974264027457
3026,DATA13,DATA13,2021-11-18 06:07:20.000000,1321250840.0,30.499952984,114.477380186,22.1616,14.8,15,0.008637129152675673,0.0189,30.4999529264,114.477380249,0.008795100545060858
3027,DATA13,DATA13,2021-11-18 06:07:21.000000,1321250841.0,30.499897071,114.477415482,22.1714,9.0,17,0.008637129152675673,0.0189,30.4998970215,114.4774155407,0.007865696220113225
3028,DATA13,DATA13,2021-11-18 06:07:22.000000,1321250842.0,30.499840598,114.477450947,22.2147,7.0,15,0.010101980003939822,0.0197,30.4998405254,114.4774510218,0.010786199528662829
3029,DATA13,DATA13,2021-11-18 06:07:23.000000,1321250843.0,30.499783189,114.477486848,22.2287,8.5,18,0.010101980003939822,0.0197,30.499783111,114.4774869698,0.014542826751658067
3030,DATA13,DATA13,2021-11-18 06:07:24.000000,1321250844.0,30.499724222,114.477523681,22.214,5.6,18,0.007707788269017254,0.0185,30.4997241096,114.4775237818,0.01577692412233689
3031,DATA13,DATA13,2021-11-18 06:07:26.000000,1321250846.0,30.499602268,114.47760016,22.2702,14.2,17,0.008527602242131137,0.0191,30.4996022113,114.4776002845,0.013504110406767899
3032,DATA13,DATA13,2021-11-18 06:07:27.000000,1321250847.0,30.499540595,114.477638389,22.3268,6.8,17,0.008527602242131137,0.0191,30.4995404496,114.4776384223,0.016433171050034362
3033,DATA13,DATA13,2021-11-18 06:07:28.000000,1321250848.0,30.499479192,114.477676215,22.3761,5.0,14,0.011799152511939153,0.0197,30.4994790179,114.4776761252,0.02113869772978549
3034,DATA13,DATA13,2021-11-18 06:07:30.000000,1321250850.0,30.49936161,114.477747816,22.5141,5.1,14,0.011799152511939153,0.0197,30.4993614877,114.4777477458,0.015140847528657167
3035,DATA13,DATA13,2021-11-18 06:07:31.000000,1321250851.0,30.499306683,114.477781188,22.6042,12.1,16,0.008637129152675673,0.0189,30.4993065482,114.4777811068,0.016855008181867394
3036,DATA13,DATA13,2021-11-18 06:07:32.000000,1321250852.0,30.499254742,114.477812804,22.6849,3.9,15,0.011122050170719424,0.0193,30.4992545715,114.4778126844,0.022115766579151718
3037,DATA13,DATA13,2021-11-18 06:07:38.000000,1321250858.0,30.498981726,114.477958001,23.2134,3.1,18,0.008134494452638098,0.0161,30.4989817162,114.4779580476,0.004603645555569912
3038,DATA13,DATA13,2021-11-18 06:07:45.000000,1321250865.0,30.498651323,114.478167149,23.8658,3.2,22,0.0085146931829632,0.0163,30.4986513153,114.4781673315,0.017540896078095874
3039,DATA13,DATA13,2021-11-18 06:07:46.000000,1321250866.0,30.498609557,114.478194905,23.9452,4.8,22,0.007009279563550023,0.016,30.4986095531,114.4781950476,0.013696518405420067
3040,DATA13,DATA13,2021-11-18 06:07:47.000000,1321250867.0,30.498571214,114.478220135,23.9893,11.9,22,0.007009279563550023,0.016,30.4985711252,114.4782202715,0.01638997101556972
3041,DATA13,DATA13,2021-11-18 06:07:48.000000,1321250868.0,30.498537171,114.478242078,24.0578,9.6,22,0.007009279563550023,0.016,30.4985371074,114.4782421528,0.010063703788474942
3042,DATA13,DATA13,2021-11-18 06:07:49.000000,1321250869.0,30.498509291,114.478259793,24.0999,6.6,22,0.007009279563550023,0.016,30.4985092441,114.4782599077,0.012177114585186194
3043,DATA13,DATA13,2021-11-18 06:07:50.000000,1321250870.0,30.498487807,114.478273397,24.1394,10.6,23,0.007009279563550023,0.016,30.4984877916,114.4782735153,0.011484500351363088
3044,DATA13,DATA13,2021-11-18 06:07:52.000000,1321250872.0,30.498461183,114.478290148,24.1872,10.8,23,0.006378087487640789,0.0153,30.498461216,114.4782903234,0.017231382270064557
3045,DATA13,DATA13,2021-11-18 06:07:53.000000,1321250873.0,30.498451552,114.478296219,24.203,5.6,23,0.006378087487640789,0.0153,30.4984515737,114.4782963888,0.016477497849735956
3046,DATA13,DATA13,2021-11-18 06:07:54.000000,1321250874.0,30.498441553,114.478302492,24.2198,10.9,23,0.006378087487640789,0.0153,30.4984415665,114.478302671,0.017249197363511902
3047,DATA13,DATA13,2021-11-18 06:07:55.000000,1321250875.0,30.498429832,114.478309846,24.2206,8.0,23,0.00618465843842649,0.0148,30.4984298233,114.4783099919,0.014039690423691872
3048,DATA13,DATA13,2021-11-18 06:07:56.000000,1321250876.0,30.498415689,114.47831871,24.2392,6.9,23,0.00618465843842649,0.0148,30.4984156798,114.478318865,0.0149150457554133
3049,DATA13,DATA13,2021-11-18 06:07:57.000000,1321250877.0,30.498399952,114.478328987,24.2776,9.1,22,0.006453681120105021,0.0161,30.4983999536,114.4783291016,0.011003127589393338
3050,DATA13,DATA13,2021-11-18 06:07:58.000000,1321250878.0,30.498381216,114.478340954,24.3091,6.4,23,0.00618465843842649,0.0148,30.4983812859,114.4783411063,0.01654756432246835
3051,DATA13,DATA13,2021-11-18 06:07:59.000000,1321250879.0,30.498360155,114.478353919,24.3211,10.8,23,0.00618465843842649,0.0148,30.4983602025,114.4783541311,0.021031700055808403
3052,DATA13,DATA13,2021-11-18 06:08:00.000000,1321250880.0,30.498335004,114.478367851,24.3385,11.5,23,0.00618465843842649,0.0148,30.4983350296,114.4783680386,0.018232017340362863
3053,DATA13,DATA13,2021-11-18 06:08:01.000000,1321250881.0,30.498302312,114.478380154,24.3509,12.3,23,0.00618465843842649,0.0148,30.4983023473,114.4783802697,0.011776547729676661
3054,DATA13,DATA13,2021-11-18 06:08:02.000000,1321250882.0,30.498262829,114.478387316,24.3444,21.0,24,0.00618465843842649,0.0148,30.4982628589,114.478387421,0.010611130017129673
3055,DATA13,DATA13,2021-11-18 06:08:03.000000,1321250883.0,30.498220682,114.478387334,24.3574,21.9,24,0.00618465843842649,0.0148,30.4982207537,114.4783874569,0.014226312551024238
3056,DATA13,DATA13,2021-11-18 06:08:04.000000,1321250884.0,30.498179891,114.478381991,24.3472,14.7,24,0.00618465843842649,0.0148,30.4981799788,114.4783821228,0.015963720403477658
3057,DATA13,DATA13,2021-11-18 06:08:05.000000,1321250885.0,30.498141759,114.47837241,24.3247,12.5,24,0.00618465843842649,0.0148,30.4981418306,114.4783725843,0.018520251407260515
3058,DATA13,DATA13,2021-11-18 06:08:06.000000,1321250886.0,30.498106532,114.478357881,24.3393,6.3,24,0.00618465843842649,0.0148,30.4981066576,114.4783580617,0.02224444629280456
3059,DATA13,DATA13,2021-11-18 06:08:08.000000,1321250888.0,30.498047133,114.478307424,24.3311,16.2,23,0.0058137767414994535,0.0131,30.4980472247,114.4783075796,0.018068887220574984
3060,DATA13,DATA13,2021-11-18 06:08:09.000000,1321250889.0,30.498026413,114.478273094,24.3038,22.2,23,0.0058137767414994535,0.0131,30.4980264986,114.4782732572,0.0183172703000048
3061,DATA13,DATA13,2021-11-18 06:08:10.000000,1321250890.0,30.498008255,114.478235146,24.2557,22.3,23,0.0058137767414994535,0.0131,30.49800832,114.4782353479,0.020678814497325313
3062,DATA13,DATA13,2021-11-18 06:08:11.000000,1321250891.0,30.497988404,114.47819247,24.235,18.1,23,0.0058137767414994535,0.0131,30.4979884504,114.4781926876,0.021513885688195015
3063,DATA13,DATA13,2021-11-18 06:08:14.000000,1321250894.0,30.497916531,114.478046188,24.1727,17.8,23,0.00618465843842649,0.0134,30.4979166096,114.4780463955,0.021742723077495522
3064,DATA13,DATA13,2021-11-18 06:08:15.000000,1321250895.0,30.497893089,114.477997555,24.1601,13.9,23,0.00618465843842649,0.0134,30.4978931591,114.4779978021,0.024962462498381355
3065,DATA13,DATA13,2021-11-18 06:08:16.000000,1321250896.0,30.497870201,114.477949143,24.117,13.6,23,0.00618465843842649,0.0134,30.4978702926,114.477949332,0.02079269286784644
3066,DATA13,DATA13,2021-11-18 06:08:17.000000,1321250897.0,30.497847862,114.47790094,24.0721,11.1,23,0.005903388857258177,0.0124,30.497847979,114.4779011489,0.023883710505877818
3067,DATA13,DATA13,2021-11-18 06:08:18.000000,1321250898.0,30.497827071,114.477855106,24.0451,17.8,24,0.005903388857258177,0.0124,30.4978271863,114.4778552902,0.02181953723178633
3068,DATA13,DATA13,2021-11-18 06:08:19.000000,1321250899.0,30.497807678,114.477812081,24.0214,16.0,23,0.005903388857258177,0.0124,30.4978078023,114.4778122378,0.02040793001408978
3069,DATA13,DATA13,2021-11-18 06:08:22.000000,1321250902.0,30.497760336,114.477699902,23.919,9.2,25,0.005903388857258177,0.0122,30.4977604766,114.4777000209,0.019319683648814093
3070,DATA13,DATA13,2021-11-18 06:08:24.000000,1321250904.0,30.497749418,114.477651856,23.8896,10.5,24,0.00618465843842649,0.0132,30.4977495894,114.4776519314,0.02033366309722492
3071,DATA13,DATA13,2021-11-18 06:08:26.000000,1321250906.0,30.497744828,114.477630493,23.8714,5.1,25,0.005903388857258177,0.0122,30.4977449727,114.4776306114,0.019660441851838014
3072,DATA13,DATA13,2021-11-18 06:08:27.000000,1321250907.0,30.497743616,114.477626794,23.8709,10.3,25,0.005903388857258177,0.0122,30.4977437241,114.4776268821,0.01466806175548747
3073,DATA13,DATA13,2021-11-18 06:08:28.000000,1321250908.0,30.497742832,114.477625044,23.8738,13.6,25,0.005685068161420758,0.0121,30.4977429287,114.4776251271,0.013362956415749272
3074,DATA13,DATA13,2021-11-18 06:08:29.000000,1321250909.0,30.497741721,114.477623012,23.8715,8.9,25,0.005685068161420758,0.0121,30.4977418192,114.4776231038,0.014006622687420488
3075,DATA13,DATA13,2021-11-18 06:08:30.000000,1321250910.0,30.497741075,114.477621888,23.8654,11.9,25,0.005685068161420758,0.0121,30.4977411691,114.4776219965,0.014741915764172686
3076,DATA13,DATA13,2021-11-18 06:08:31.000000,1321250911.0,30.497740176,114.477620471,23.8713,12.5,25,0.005685068161420758,0.0121,30.4977402915,114.4776206118,0.018618924492475392
3077,DATA13,DATA13,2021-11-18 06:08:32.000000,1321250912.0,30.497739808,114.477619876,23.8677,11.6,25,0.005685068161420758,0.0121,30.4977398995,114.4776200115,0.01649576351289313
3078,DATA13,DATA13,2021-11-18 06:08:33.000000,1321250913.0,30.497738508,114.477618106,23.867,12.7,25,0.005685068161420758,0.0121,30.4977386053,114.4776182694,0.01903748948403368
3079,DATA13,DATA13,2021-11-18 06:08:34.000000,1321250914.0,30.497737459,114.477616816,23.8688,10.2,25,0.005685068161420758,0.0121,30.4977375511,114.4776169494,0.01637863789502665
3080,DATA13,DATA13,2021-11-18 06:08:35.000000,1321250915.0,30.497734626,114.477613828,23.8672,6.9,25,0.005685068161420758,0.0121,30.497734701,114.4776139551,0.014765373339459164
3081,DATA13,DATA13,2021-11-18 06:08:36.000000,1321250916.0,30.497731283,114.477610984,23.8649,7.6,25,0.005685068161420758,0.0121,30.4977313285,114.4776111402,0.01582109099338781
3082,DATA13,DATA13,2021-11-18 06:08:37.000000,1321250917.0,30.497727171,114.477608348,23.8703,7.7,25,0.005889821729050888,0.013,30.4977272533,114.4776084794,0.015568345430309969
3083,DATA13,DATA13,2021-11-18 06:08:38.000000,1321250918.0,30.497720718,114.477605601,23.8523,8.0,25,0.005889821729050888,0.013,30.4977207816,114.4776057417,0.015236921432687197
3084,DATA13,DATA13,2021-11-18 06:08:39.000000,1321250919.0,30.497714157,114.47760421,23.8559,6.9,24,0.005889821729050888,0.013,30.4977142085,114.477604398,0.01892980322645908
3085,DATA13,DATA13,2021-11-18 06:08:40.000000,1321250920.0,30.497706414,114.477604471,23.8542,9.0,25,0.005889821729050888,0.013,30.4977064861,114.4776046106,0.015604431067327956
3086,DATA13,DATA13,2021-11-18 06:08:41.000000,1321250921.0,30.497697314,114.477607331,23.85,8.0,24,0.005889821729050888,0.013,30.4976973577,114.4776074285,0.01053958810465875
3087,DATA13,DATA13,2021-11-18 06:08:42.000000,1321250922.0,30.497687939,114.4776137,23.8591,7.1,25,0.005889821729050888,0.013,30.4976879923,114.4776138521,0.01575210509087489
3088,DATA13,DATA13,2021-11-18 06:08:43.000000,1321250923.0,30.497678568,114.47762666,23.8725,8.7,24,0.005889821729050888,0.013,30.4976786448,114.4776268023,0.01609702567454651
3089,DATA13,DATA13,2021-11-18 06:08:44.000000,1321250924.0,30.497673007,114.477645502,23.8913,11.9,24,0.005889821729050888,0.013,30.4976731457,114.4776456503,0.02095539672835532
3090,DATA13,DATA13,2021-11-18 06:08:45.000000,1321250925.0,30.497673006,114.477665844,23.8908,7.4,25,0.005685068161420758,0.0121,30.4976731151,114.4776659932,0.01874697394724662
3091,DATA13,DATA13,2021-11-18 06:08:46.000000,1321250926.0,30.497677046,114.477687654,23.8947,11.0,26,0.005889821729050888,0.013,30.4976771161,114.4776877969,0.015766894789182796
3092,DATA13,DATA13,2021-11-18 06:08:47.000000,1321250927.0,30.49768303,114.477709071,23.9096,15.5,26,0.005685068161420758,0.0121,30.4976830877,114.4777091915,0.013218952773360536
3093,DATA13,DATA13,2021-11-18 06:08:49.000000,1321250929.0,30.49770033,114.477756219,23.9328,6.4,26,0.005456189146281496,0.0119,30.4977003961,114.4777564131,0.020023005843134083
3094,DATA13,DATA13,2021-11-18 06:08:50.000000,1321250930.0,30.497714002,114.477788512,23.9625,7.4,26,0.005597320787662612,0.0127,30.4977140649,114.4777887588,0.024698013721567602
3095,DATA13,DATA13,2021-11-18 06:08:51.000000,1321250931.0,30.497730021,114.477825397,23.9971,11.7,26,0.005456189146281496,0.0119,30.4977301201,114.4778255906,0.0215901687619188
3096,DATA13,DATA13,2021-11-18 06:08:54.000000,1321250934.0,30.497781832,114.477945484,24.0917,8.7,26,0.005456189146281496,0.0119,30.4977819115,114.4779457413,0.0262264271123649
3097,DATA13,DATA13,2021-11-18 06:08:55.000000,1321250935.0,30.497799631,114.477985648,24.1155,11.1,26,0.005456189146281496,0.0119,30.4977996919,114.4779858886,0.024064442676467526
3098,DATA13,DATA13,2021-11-18 06:08:56.000000,1321250936.0,30.497818881,114.478028158,24.1614,16.4,26,0.005597320787662612,0.0127,30.4978189279,114.4780283896,0.022833778224275472
3099,DATA13,DATA13,2021-11-18 06:08:57.000000,1321250937.0,30.497840605,114.478075097,24.1995,10.6,25,0.005597320787662612,0.0127,30.497840643,114.4780753282,0.022591779357460973
3100,DATA13,DATA13,2021-11-18 06:08:58.000000,1321250938.0,30.49786526,114.478127621,24.2026,10.9,26,0.005597320787662612,0.0127,30.4978653315,114.478127876,0.02573166247518963
3101,DATA13,DATA13,2021-11-18 06:08:59.000000,1321250939.0,30.497892566,114.478185564,24.2017,9.8,26,0.005597320787662612,0.0127,30.4978926566,114.4781857761,0.02270438655244107
3102,DATA13,DATA13,2021-11-18 06:09:03.000000,1321250943.0,30.498014275,114.478444558,24.5234,9.1,26,0.005456189146281496,0.0119,30.4980143436,114.478444733,0.018441383616276466
3103,DATA13,DATA13,2021-11-18 06:09:06.000000,1321250946.0,30.498111335,114.478651006,24.6935,9.1,26,0.005597320787662612,0.0127,30.4981113955,114.4786512277,0.022315258997894747
3104,DATA13,DATA13,2021-11-18 06:09:07.000000,1321250947.0,30.498144253,114.478720709,24.7381,11.5,25,0.005597320787662612,0.0127,30.4981443177,114.478720925,0.021941735834879707
3105,DATA13,DATA13,2021-11-18 06:09:08.000000,1321250948.0,30.498178048,114.478791368,24.7758,8.8,26,0.005597320787662612,0.0127,30.4981780955,114.478791628,0.025509714463454517
3106,DATA13,DATA13,2021-11-18 06:09:14.000000,1321250954.0,30.498357079,114.479176964,25.0515,7.9,25,0.005889821729050888,0.013,30.4983571444,114.4791771961,0.023431740184278637
3107,DATA13,DATA13,2021-11-18 06:09:16.000000,1321250956.0,30.498415346,114.479296984,25.1208,7.7,26,0.005685068161420758,0.0121,30.4984153671,114.4792972704,0.027593972359729546
3108,DATA13,DATA13,2021-11-18 06:09:21.000000,1321250961.0,30.498598158,114.479649958,25.4477,6.3,22,0.007854934754662193,0.0136,30.4985981992,114.4796501595,0.019876057067405854
3109,DATA13,DATA13,2021-11-18 06:09:22.000000,1321250962.0,30.498638542,114.47972737,25.5176,4.0,20,0.007961155694998058,0.0141,30.4986385669,114.479727492,0.012032989081469436
3110,DATA13,DATA13,2021-11-18 06:09:23.000000,1321250963.0,30.498680542,114.479807632,25.6116,4.0,22,0.007854934754662193,0.0136,30.498680578,114.4798078022,0.016819659941178292
3111,DATA13,DATA13,2021-11-18 06:09:26.000000,1321250966.0,30.498809854,114.480068247,25.8397,5.6,20,0.008736704184073076,0.0155,30.498809962,114.4800683435,0.015138555306154563
3112,DATA13,DATA13,2021-11-18 06:09:27.000000,1321250967.0,30.498853252,114.480159175,25.927,3.5,19,0.008438009243891594,0.0154,30.4988533577,114.4801593935,0.02402725936336647
3113,DATA13,DATA13,2021-11-18 06:09:28.000000,1321250968.0,30.498896827,114.480251275,26.0081,4.2,16,0.008736704184073076,0.0155,30.4988969917,114.4802514255,0.02328374053590039
3114,DATA13,DATA13,2021-11-18 06:09:29.000000,1321250969.0,30.498940283,114.480343211,26.1179,4.2,16,0.008736704184073076,0.0155,30.4989403704,114.4803435037,0.029722940003679182
3115,DATA13,DATA13,2021-11-18 06:09:39.000000,1321250979.0,30.499245334,114.480979877,27.172,3.5,23,0.006519202405202649,0.0142,30.4992457971,114.4809798361,0.05148982638055231
3116,DATA13,DATA13,2021-11-18 06:09:40.000000,1321250980.0,30.499253461,114.480996351,27.1948,6.9,23,0.006506919393998976,0.0159,30.4992538719,114.4809963326,0.04558717343173191
3117,DATA13,DATA13,2021-11-18 06:09:41.000000,1321250981.0,30.499258964,114.481007663,27.233,5.4,24,0.006717886572427373,0.0146,30.4992594385,114.4810076146,0.052808528522765075
3118,DATA13,DATA13,2021-11-18 06:09:42.000000,1321250982.0,30.49926233,114.481014354,27.2366,5.2,23,0.0075073297516493834,0.0168,30.4992628026,114.4810143836,0.05247008710518688
3119,DATA13,DATA13,2021-11-18 06:09:43.000000,1321250983.0,30.499263793,114.481017208,27.2346,4.0,24,0.007366138744281158,0.0149,30.4992642269,114.4810172869,0.048695443540401055
3120,DATA13,DATA13,2021-11-18 06:09:44.000000,1321250984.0,30.499264712,114.481019158,27.2448,6.4,26,0.006095900261651269,0.0131,30.499265153,114.481019261,0.04987977187476358
3121,DATA13,DATA13,2021-11-18 06:09:45.000000,1321250985.0,30.499266056,114.481022153,27.2424,9.6,25,0.005663920903402518,0.0131,30.4992665686,114.4810221227,0.056901937338996275
3122,DATA13,DATA13,2021-11-18 06:09:46.000000,1321250986.0,30.499266097,114.481022202,27.2441,9.4,25,0.005590169943749474,0.013,30.4992665968,114.4810221986,0.05540947530990968
3123,DATA13,DATA13,2021-11-18 06:09:47.000000,1321250987.0,30.499266089,114.481022228,27.2465,8.3,25,0.005590169943749474,0.013,30.4992666158,114.4810222024,0.058453457607521984
3124,DATA13,DATA13,2021-11-18 06:09:48.000000,1321250988.0,30.499266092,114.481022214,27.2454,9.7,25,0.005663920903402518,0.013,30.4992666329,114.4810222079,0.05996777609590524
3125,DATA13,DATA13,2021-11-18 06:09:49.000000,1321250989.0,30.499266094,114.481022197,27.2482,10.1,24,0.005663920903402518,0.013,30.4992666581,114.4810222022,0.06253889402397166
3126,DATA13,DATA13,2021-11-18 06:09:50.000000,1321250990.0,30.499266092,114.481022222,27.2476,9.0,25,0.005663920903402518,0.013,30.4992666672,114.4810221994,0.06380436078436168
3127,DATA13,DATA13,2021-11-18 06:09:51.000000,1321250991.0,30.499266097,114.48102222,27.2382,8.5,24,0.005663920903402518,0.0126,30.4992666718,114.4810221983,0.06375716061107777
3128,DATA13,DATA13,2021-11-18 06:09:52.000000,1321250992.0,30.499266069,114.481022219,27.235,5.5,25,0.005663920903402518,0.0123,30.4992666714,114.4810221984,0.066812166681001
3129,DATA13,DATA13,2021-11-18 06:09:53.000000,1321250993.0,30.499266099,114.481022227,27.2306,5.7,25,0.005663920903402518,0.0123,30.4992666712,114.4810221984,0.06349426757692639
3130,DATA13,DATA13,2021-11-18 06:09:54.000000,1321250994.0,30.499266078,114.481022238,27.2335,5.6,25,0.005663920903402518,0.0123,30.4992666711,114.4810221984,0.06586168774812662
3131,DATA13,DATA13,2021-11-18 06:09:55.000000,1321250995.0,30.499266078,114.481022232,27.2361,6.2,25,0.005590169943749474,0.0123,30.4992666711,114.4810221985,0.06583048241979944
3132,DATA13,DATA13,2021-11-18 06:09:56.000000,1321250996.0,30.499266073,114.481022222,27.2334,5.6,25,0.005590169943749474,0.0123,30.499266671,114.4810221985,0.06633347675018902
3133,DATA13,DATA13,2021-11-18 06:09:57.000000,1321250997.0,30.499266061,114.481022247,27.2418,5.1,25,0.005590169943749474,0.0123,30.4992666709,114.4810221986,0.06777381222483758
3134,DATA13,DATA13,2021-11-18 06:09:58.000000,1321250998.0,30.499266096,114.481022207,27.2411,6.1,25,0.005590169943749474,0.0123,30.4992666707,114.4810221987,0.06371701394107657
3135,DATA13,DATA13,2021-11-18 06:10:00.000000,1321251000.0,30.499266086,114.481022227,27.2349,6.6,25,0.005590169943749474,0.0123,30.4992666694,114.4810221996,0.06472999264824288
3136,DATA13,DATA13,2021-11-18 06:10:02.000000,1321251002.0,30.499266088,114.481022204,27.2358,6.9,25,0.005590169943749474,0.0123,30.4992666756,114.4810221903,0.06515541889126557
3137,DATA13,DATA13,2021-11-18 06:10:03.000000,1321251003.0,30.499266099,114.48102218,27.238,6.7,25,0.00573149195236284,0.0132,30.499266689,114.4810221645,0.0654251341774137
3138,DATA13,DATA13,2021-11-18 06:10:04.000000,1321251004.0,30.499267512,114.481025043,27.2473,5.1,25,0.005663920903402518,0.0123,30.4992681148,114.4810250215,0.06685910299596921
3139,DATA13,DATA13,2021-11-18 06:10:05.000000,1321251005.0,30.499272816,114.481035824,27.2486,6.1,24,0.005663920903402518,0.0123,30.4992734302,114.4810357894,0.06817202555653776
3140,DATA13,DATA13,2021-11-18 06:10:06.000000,1321251006.0,30.49928297,114.481056534,27.3031,6.0,24,0.005663920903402518,0.0126,30.4992835651,114.4810565164,0.06599523716601376
3141,DATA13,DATA13,2021-11-18 06:10:08.000000,1321251008.0,30.499318104,114.48112978,27.4243,6.2,20,0.005805170109479997,0.0138,30.4993186702,114.4811297147,0.06308196730759721
3142,DATA13,DATA13,2021-11-18 06:10:09.000000,1321251009.0,30.499341677,114.481179418,27.5167,7.4,25,0.005738466694161429,0.0142,30.4993422541,114.481179393,0.06402310243779576
3143,DATA13,DATA13,2021-11-18 06:10:10.000000,1321251010.0,30.499368973,114.481237132,27.6079,8.2,25,0.00587281874401041,0.0153,30.4993695641,114.4812371061,0.06557731633648886
3144,DATA13,DATA13,2021-11-18 06:10:11.000000,1321251011.0,30.499399378,114.48130202,27.7295,8.9,25,0.005738466694161429,0.0142,30.4993999468,114.4813019757,0.06320120325005747
3145,DATA13,DATA13,2021-11-18 06:10:12.000000,1321251012.0,30.499431893,114.481371886,27.8437,9.1,25,0.005738466694161429,0.0142,30.4994324975,114.4813718259,0.0672636118873366
3146,DATA13,DATA13,2021-11-18 06:10:13.000000,1321251013.0,30.499466409,114.481446303,27.9788,7.2,25,0.005663920903402518,0.0141,30.4994670183,114.4814462665,0.0676386674180633
3147,DATA13,DATA13,2021-11-18 06:10:14.000000,1321251014.0,30.499502767,114.481524602,28.1201,8.4,25,0.005663920903402518,0.0141,30.4995033913,114.4815245613,0.0693209677237528
3148,DATA13,DATA13,2021-11-18 06:10:15.000000,1321251015.0,30.499540415,114.481605537,28.23,8.8,25,0.0058,0.0143,30.4995410272,114.4816054765,0.06811740493127548
3149,DATA13,DATA13,2021-11-18 06:10:16.000000,1321251016.0,30.499578926,114.481688071,28.3958,4.9,24,0.00573149195236284,0.0137,30.4995795011,114.4816881287,0.06399656310429404
3150,DATA13,DATA13,2021-11-18 06:10:17.000000,1321251017.0,30.499617957,114.4817714,28.5185,7.5,20,0.00587281874401041,0.0153,30.4996185362,114.4817713873,0.06422249795113544
3151,DATA13,DATA13,2021-11-18 06:10:18.000000,1321251018.0,30.49965751,114.481854849,28.6768,4.1,23,0.00587281874401041,0.0153,30.4996581333,114.4818548831,0.0691774124053436
3152,DATA13,DATA13,2021-11-18 06:10:19.000000,1321251019.0,30.499697596,114.481938573,28.8185,5.2,21,0.006511528238439882,0.0161,30.4996981363,114.4819387176,0.06148591810068766
3153,DATA13,DATA13,2021-11-18 06:10:20.000000,1321251020.0,30.499737768,114.482022725,28.9876,4.5,21,0.006506919393998976,0.0157,30.499738325,114.4820228582,0.0630598920272413
3154,DATA13,DATA13,2021-11-18 06:10:21.000000,1321251021.0,30.499778263,114.48210702,29.1436,4.4,21,0.006511528238439882,0.0161,30.4997787848,114.4821072631,0.062377645170153255
3155,DATA13,DATA13,2021-11-18 06:10:22.000000,1321251022.0,30.499818931,114.482191755,29.2541,5.0,24,0.006511528238439882,0.0161,30.4998194484,114.4821920013,0.06204197256408497
3156,DATA13,DATA13,2021-11-18 06:10:23.000000,1321251023.0,30.499859603,114.482276344,29.4312,4.6,24,0.006081118318204309,0.0156,30.4998600336,114.4822767052,0.05900145401459556
3157,DATA13,DATA13,2021-11-18 06:10:26.000000,1321251026.0,30.499972973,114.48251606,29.8188,3.7,20,0.006081118318204309,0.0156,30.4999733588,114.482516387,0.05305419490942981
3158,DATA13,DATA13,2021-11-18 06:10:27.000000,1321251027.0,30.50000859,114.482592929,29.9576,5.7,23,0.006081118318204309,0.0156,30.5000089271,114.4825933129,0.05248666084996702
3159,DATA13,DATA13,2021-11-18 06:10:28.000000,1321251028.0,30.500043436,114.482668995,30.097,5.6,22,0.006511528238439882,0.0161,30.5000437548,114.4826694673,0.05748792109573438
3160,DATA13,DATA13,2021-11-18 06:10:30.000000,1321251030.0,30.500112797,114.482820196,30.3517,3.7,22,0.006506919393998976,0.0157,30.5001131269,114.4828207424,0.06394544888577362
3161,DATA13,DATA13,2021-11-18 06:10:31.000000,1321251031.0,30.500147729,114.482895865,30.4678,3.7,23,0.0069656299069072,0.016,30.500148072,114.482896342,0.05952151774752758
3162,DATA13,DATA13,2021-11-18 06:10:33.000000,1321251033.0,30.500217835,114.483046535,30.7286,5.5,21,0.00608276253029822,0.0153,30.5002181491,114.4830470619,0.061409102101731464
3163,DATA13,DATA13,2021-11-18 06:10:34.000000,1321251034.0,30.500252721,114.483121986,30.8588,4.8,24,0.00587281874401041,0.0153,30.5002531025,114.4831224748,0.06317159055043224
3164,DATA13,DATA13,2021-11-18 06:10:35.000000,1321251035.0,30.500287603,114.483196795,30.989,4.3,22,0.00587281874401041,0.0153,30.5002879605,114.4831973349,0.06524655564371702
3165,DATA13,DATA13,2021-11-18 06:10:51.000000,1321251051.0,30.50087509,114.48435289,33.0171,3.3,21,0.007140028011149537,0.0155,30.5008755975,114.4843532132,0.06425025277725745
3166,DATA13,DATA13,2021-11-18 06:10:52.000000,1321251052.0,30.500909444,114.48441203,33.1396,4.9,21,0.007021395872616784,0.0146,30.5009100031,114.4844123694,0.07002450670252416
3167,DATA13,DATA13,2021-11-18 06:10:56.000000,1321251056.0,30.501028071,114.484628314,33.4967,3.1,24,0.006403124237432849,0.0143,30.5010286431,114.4846287898,0.07815938080805004
3168,DATA13,DATA13,2021-11-18 06:10:57.000000,1321251057.0,30.501052081,114.484677472,33.5977,3.3,25,0.006403124237432849,0.0143,30.5010526507,114.4846779215,0.07649144617466806
3169,DATA13,DATA13,2021-11-18 06:10:58.000000,1321251058.0,30.501074706,114.484722383,33.6969,7.2,25,0.0063411355449950755,0.0131,30.5010753023,114.4847228226,0.07842839898711654
3170,DATA13,DATA13,2021-11-18 06:10:59.000000,1321251059.0,30.501095628,114.484761685,33.7939,6.9,25,0.0063411355449950755,0.0131,30.5010961154,114.4847621358,0.06922774204896416
3171,DATA13,DATA13,2021-11-18 06:11:00.000000,1321251060.0,30.501113691,114.48479461,33.8836,5.0,25,0.0063411355449950755,0.0131,30.5011141265,114.4847950474,0.06398523220522379
3172,DATA13,DATA13,2021-11-18 06:11:01.000000,1321251061.0,30.501128471,114.484820796,33.9683,4.6,25,0.0063411355449950755,0.0131,30.5011288877,114.4848212326,0.06237594797637854
3173,DATA13,DATA13,2021-11-18 06:11:02.000000,1321251062.0,30.501139397,114.484839596,34.0183,6.3,25,0.0063411355449950755,0.0131,30.5011397555,114.4848400299,0.05757258480346664
3174,DATA13,DATA13,2021-11-18 06:11:03.000000,1321251063.0,30.50114686,114.484851923,34.0682,4.5,25,0.005903388857258177,0.0127,30.5011472265,114.4848523104,0.05508116758022043
3175,DATA13,DATA13,2021-11-18 06:11:04.000000,1321251064.0,30.501151391,114.484859115,34.0819,6.7,25,0.005597320787662612,0.0126,30.5011517025,114.4848594829,0.049395330981863196
3176,DATA13,DATA13,2021-11-18 06:11:05.000000,1321251065.0,30.501154128,114.484863403,34.0906,6.1,25,0.005597320787662612,0.0126,30.5011544312,114.4848637897,0.05007925237132091
3177,DATA13,DATA13,2021-11-18 06:11:06.000000,1321251066.0,30.50115695,114.484867827,34.1029,6.8,25,0.005597320787662612,0.0126,30.5011572465,114.4848682329,0.05097835445283608
3178,DATA13,DATA13,2021-11-18 06:11:07.000000,1321251067.0,30.50116054,114.484873327,34.1143,9.0,25,0.005597320787662612,0.0126,30.5011608271,114.4848737218,0.04949205238433128
3179,DATA13,DATA13,2021-11-18 06:11:08.000000,1321251068.0,30.501162872,114.484876915,34.131,4.4,25,0.005597320787662612,0.0126,30.5011631823,114.4848773163,0.05164775318450622
3180,DATA13,DATA13,2021-11-18 06:11:09.000000,1321251069.0,30.501166641,114.484882466,34.1398,5.7,25,0.005597320787662612,0.0126,30.5011669593,114.4848828556,0.05142001773278754
3181,DATA13,DATA13,2021-11-18 06:11:10.000000,1321251070.0,30.501171283,114.48488893,34.1515,6.7,25,0.005597320787662612,0.0126,30.5011715656,114.4848893249,0.04918010568033263
3182,DATA13,DATA13,2021-11-18 06:11:11.000000,1321251071.0,30.501173609,114.484892141,34.1707,4.9,25,0.005597320787662612,0.0126,30.5011739244,114.4848925196,0.050433694079880804
3183,DATA13,DATA13,2021-11-18 06:11:12.000000,1321251072.0,30.501175542,114.484894689,34.1747,7.1,25,0.005597320787662612,0.0126,30.5011758682,114.4848950824,0.05228780819657303
3184,DATA13,DATA13,2021-11-18 06:11:13.000000,1321251073.0,30.501177645,114.484897462,34.1805,7.4,25,0.005597320787662612,0.0126,30.5011779854,114.4848978404,0.05237997020775324
3185,DATA13,DATA13,2021-11-18 06:11:14.000000,1321251074.0,30.501182015,114.484903191,34.2057,6.4,25,0.005597320787662612,0.0126,30.5011823696,114.4849035507,0.052323559069958406
3186,DATA13,DATA13,2021-11-18 06:11:15.000000,1321251075.0,30.501189101,114.484912592,34.2214,9.1,25,0.005597320787662612,0.0126,30.5011894597,114.4849129472,0.05238368844761682
3187,DATA13,DATA13,2021-11-18 06:11:16.000000,1321251076.0,30.501198998,114.484926247,34.2693,7.1,24,0.00573149195236284,0.0131,30.501199369,114.4849265705,0.05153723283845566
3188,DATA13,DATA13,2021-11-18 06:11:17.000000,1321251077.0,30.501208845,114.484940315,34.2943,7.0,25,0.005597320787662612,0.0126,30.5012092262,114.48494064,0.052529490357788235
3189,DATA13,DATA13,2021-11-18 06:11:18.000000,1321251078.0,30.5012184,114.484954547,34.309,6.3,25,0.005597320787662612,0.0126,30.5012187647,114.4849548783,0.051441135394852226
3190,DATA13,DATA13,2021-11-18 06:11:19.000000,1321251079.0,30.501228502,114.484972477,34.3358,6.4,25,0.005597320787662612,0.0126,30.5012288723,114.4849727879,0.050754741129945206
3191,DATA13,DATA13,2021-11-18 06:11:20.000000,1321251080.0,30.501237095,114.484994164,34.337,9.3,25,0.005597320787662612,0.0126,30.5012374355,114.4849944823,0.04856564201071462
3192,DATA13,DATA13,2021-11-18 06:11:21.000000,1321251081.0,30.501241368,114.485018031,34.2972,6.9,25,0.005597320787662612,0.0126,30.5012416886,114.4850183764,0.048607483241368404
3193,DATA13,DATA13,2021-11-18 06:11:22.000000,1321251082.0,30.501238888,114.48504414,34.271,7.7,25,0.005597320787662612,0.0126,30.5012392252,114.4850444764,0.04939981535088842
3194,DATA13,DATA13,2021-11-18 06:11:23.000000,1321251083.0,30.501227758,114.485071247,34.2402,6.9,25,0.005597320787662612,0.0126,30.5012280716,114.4850716241,0.05019158003368061
3195,DATA13,DATA13,2021-11-18 06:11:24.000000,1321251084.0,30.501206921,114.485096926,34.2132,8.1,25,0.005597320787662612,0.0126,30.5012072109,114.4850973331,0.05059857465299711
3196,DATA13,DATA13,2021-11-18 06:11:25.000000,1321251085.0,30.501180966,114.485121446,34.2038,7.2,25,0.005597320787662612,0.0126,30.5011812757,114.4851218036,0.04855193145737142
3197,DATA13,DATA13,2021-11-18 06:11:26.000000,1321251086.0,30.501151363,114.485147814,34.1903,4.8,25,0.005597320787662612,0.0126,30.5011517113,114.4851481786,0.052115622513310235
3198,DATA13,DATA13,2021-11-18 06:11:27.000000,1321251087.0,30.501116209,114.485179384,34.1721,6.7,25,0.005597320787662612,0.0126,30.5011165069,114.4851797107,0.04554459188856057
3199,DATA13,DATA13,2021-11-18 06:11:28.000000,1321251088.0,30.501075746,114.485216053,34.1292,7.6,25,0.005597320787662612,0.0126,30.501076068,114.4852163875,0.04801511244338052
3200,DATA13,DATA13,2021-11-18 06:11:29.000000,1321251089.0,30.501032749,114.485255501,34.0865,7.6,25,0.005597320787662612,0.0126,30.501033064,114.4852558616,0.049171553521543294
3201,DATA13,DATA13,2021-11-18 06:11:30.000000,1321251090.0,30.500987199,114.485297138,34.0203,6.5,25,0.005597320787662612,0.0126,30.5009875108,114.485297465,0.04669344220968146
3202,DATA13,DATA13,2021-11-18 06:11:31.000000,1321251091.0,30.500938772,114.485341313,33.9674,7.1,25,0.005597320787662612,0.0126,30.500939076,114.4853416223,0.044916069923856466
3203,DATA13,DATA13,2021-11-18 06:11:32.000000,1321251092.0,30.500887285,114.485388074,33.9427,6.0,25,0.005597320787662612,0.0126,30.5008876064,114.4853884085,0.04796571835080573
3204,DATA13,DATA13,2021-11-18 06:11:33.000000,1321251093.0,30.500832711,114.485437243,33.8946,6.1,25,0.005597320787662612,0.0126,30.5008330488,114.4854375546,0.047929393376533486
3205,DATA13,DATA13,2021-11-18 06:11:34.000000,1321251094.0,30.500775412,114.485488216,33.8373,7.9,25,0.005597320787662612,0.0126,30.5007757383,114.4854885363,0.04747661631442993
3206,DATA13,DATA13,2021-11-18 06:11:35.000000,1321251095.0,30.500716039,114.485539994,33.7944,7.2,25,0.005597320787662612,0.0126,30.5007163707,114.4855403248,0.04858707497441659
3207,DATA13,DATA13,2021-11-18 06:11:36.000000,1321251096.0,30.50065516,114.485592379,33.7384,7.7,25,0.005597320787662612,0.0126,30.5006555119,114.4855927002,0.049726599815301836
3208,DATA13,DATA13,2021-11-18 06:11:37.000000,1321251097.0,30.500593669,114.485645102,33.683,6.2,25,0.005597320787662612,0.0126,30.5005940151,114.4856454462,0.05063615261920236
3209,DATA13,DATA13,2021-11-18 06:11:38.000000,1321251098.0,30.50053117,114.485696405,33.6327,7.0,25,0.005597320787662612,0.0126,30.5005315345,114.4856967299,0.0510461351437883
3210,DATA13,DATA13,2021-11-18 06:11:39.000000,1321251099.0,30.500466893,114.4857468,33.5855,10.5,25,0.005597320787662612,0.0126,30.5004672428,114.4857471111,0.04894663731394436
3211,DATA13,DATA13,2021-11-18 06:11:40.000000,1321251100.0,30.500401389,114.485796617,33.5245,7.3,25,0.005597320787662612,0.0126,30.5004017446,114.4857969578,0.05122976845398129
3212,DATA13,DATA13,2021-11-18 06:11:41.000000,1321251101.0,30.50033618,114.485845309,33.4847,6.4,25,0.005597320787662612,0.0126,30.500336539,114.4858456607,0.05219113788477532
3213,DATA13,DATA13,2021-11-18 06:11:42.000000,1321251102.0,30.500271075,114.485892672,33.4397,6.5,25,0.005597320787662612,0.0126,30.5002714457,114.4858930191,0.05290765847669606
3214,DATA13,DATA13,2021-11-18 06:11:43.000000,1321251103.0,30.50020583,114.485939023,33.3725,7.3,25,0.005597320787662612,0.0126,30.5002062048,114.4859393859,0.054223343464667555
3215,DATA13,DATA13,2021-11-18 06:11:44.000000,1321251104.0,30.500140756,114.485985191,33.3125,5.8,25,0.005597320787662612,0.0126,30.5001411455,114.4859855788,0.05701336015567894
3216,DATA13,DATA13,2021-11-18 06:11:45.000000,1321251105.0,30.5000757,114.486030792,33.2604,7.1,25,0.005597320787662612,0.0126,30.5000760872,114.4860311656,0.055936826213941665
3217,DATA13,DATA13,2021-11-18 06:11:46.000000,1321251106.0,30.500010787,114.486075754,33.2105,6.9,25,0.005597320787662612,0.0126,30.5000111837,114.4860761254,0.05661582546656233
3218,DATA13,DATA13,2021-11-18 06:11:47.000000,1321251107.0,30.499946721,114.486119398,33.169,6.9,25,0.005597320787662612,0.0126,30.4999471657,114.4861197626,0.06046155108676872
3219,DATA13,DATA13,2021-11-18 06:11:48.000000,1321251108.0,30.499883249,114.486162333,33.1158,7.0,25,0.005597320787662612,0.0126,30.4998837285,114.4861627368,0.06579116382664182
3220,DATA13,DATA13,2021-11-18 06:11:49.000000,1321251109.0,30.49981926,114.486204632,33.0641,6.2,25,0.005597320787662612,0.0126,30.4998198346,114.4862050531,0.07544557086037469
3221,DATA13,DATA13,2021-11-18 06:11:50.000000,1321251110.0,30.499754846,114.486246014,33.0092,7.6,25,0.005597320787662612,0.0126,30.4997554189,114.4862464555,0.07635596917056814
3222,DATA13,DATA13,2021-11-18 06:11:51.000000,1321251111.0,30.499690856,114.486286034,32.962,7.1,25,0.005597320787662612,0.0126,30.4996913937,114.4862864675,0.07269979229214554
3223,DATA13,DATA13,2021-11-18 06:11:52.000000,1321251112.0,30.499627694,114.486325663,32.9137,7.2,25,0.005597320787662612,0.0126,30.4996281794,114.4863260815,0.0671554355880647
3224,DATA13,DATA13,2021-11-18 06:11:53.000000,1321251113.0,30.499564062,114.486364821,32.872,8.4,25,0.005597320787662612,0.0126,30.4995645126,114.4863652279,0.06341361442999874
3225,DATA13,DATA13,2021-11-18 06:11:54.000000,1321251114.0,30.499499863,114.486403539,32.82,6.6,25,0.005597320787662612,0.0126,30.4995002994,114.4864039378,0.06169556575249035
3226,DATA13,DATA13,2021-11-18 06:11:55.000000,1321251115.0,30.499434648,114.486441444,32.754,6.6,24,0.00573149195236284,0.0131,30.4994350603,114.4864418196,0.058218451590841915
3227,DATA13,DATA13,2021-11-18 06:11:56.000000,1321251116.0,30.499368182,114.486478958,32.7148,6.6,24,0.00573149195236284,0.0131,30.4993685822,114.486479328,0.05683380064056186
3228,DATA13,DATA13,2021-11-18 06:11:57.000000,1321251117.0,30.499300703,114.486516697,32.6794,5.1,24,0.00573149195236284,0.0131,30.4993011239,114.4865170821,0.05953199615329847
3229,DATA13,DATA13,2021-11-18 06:11:58.000000,1321251118.0,30.49923241,114.486554288,32.6374,6.0,24,0.00573149195236284,0.0131,30.4992328235,114.4865546546,0.05779283028058278
3230,DATA13,DATA13,2021-11-18 06:11:59.000000,1321251119.0,30.499163432,114.486591676,32.572,6.0,24,0.00573149195236284,0.0131,30.4991638361,114.4865920448,0.05710050016060641
3231,DATA13,DATA13,2021-11-18 06:12:00.000000,1321251120.0,30.49909432,114.486628633,32.5257,5.7,25,0.005597320787662612,0.0126,30.4990947151,114.4866290154,0.05715086739917002
3232,DATA13,DATA13,2021-11-18 06:12:01.000000,1321251121.0,30.499025245,114.486665119,32.4734,5.9,25,0.005597320787662612,0.0126,30.4990256013,114.486665479,0.05248474063059696
3233,DATA13,DATA13,2021-11-18 06:12:02.000000,1321251122.0,30.49895565,114.486700873,32.409,7.3,25,0.005597320787662612,0.0126,30.4989559913,114.4867012053,0.04949050481342696
3234,DATA13,DATA13,2021-11-18 06:12:03.000000,1321251123.0,30.49888576,114.4867356,32.3527,7.9,25,0.005597320787662612,0.0126,30.4988860781,114.4867359431,0.048254732888870236
3235,DATA13,DATA13,2021-11-18 06:12:04.000000,1321251124.0,30.498817039,114.486768643,32.2951,7.6,25,0.005597320787662612,0.0126,30.4988173116,114.4867689589,0.042813552206852123
3236,DATA13,DATA13,2021-11-18 06:12:05.000000,1321251125.0,30.498749567,114.486800122,32.2545,6.9,25,0.005597320787662612,0.0126,30.4987498032,114.4868004015,0.03749193171821662
3237,DATA13,DATA13,2021-11-18 06:12:06.000000,1321251126.0,30.498682757,114.486830608,32.2099,8.6,25,0.005597320787662612,0.0126,30.498682929,114.4868308401,0.029326984331492292
3238,DATA13,DATA13,2021-11-18 06:12:07.000000,1321251127.0,30.498617638,114.486859359,32.1649,6.9,25,0.005597320787662612,0.0126,30.4986177969,114.4868595933,0.02857015167699933
3239,DATA13,DATA13,2021-11-18 06:12:08.000000,1321251128.0,30.498554476,114.486886761,32.1162,7.5,25,0.005597320787662612,0.0126,30.4985545969,114.4868869359,0.02148410585579212
3240,DATA13,DATA13,2021-11-18 06:12:09.000000,1321251129.0,30.498493272,114.486912641,32.0694,5.9,24,0.00573149195236284,0.0131,30.4984933958,114.4869128087,0.02115549552076942
3241,DATA13,DATA13,2021-11-18 06:12:10.000000,1321251130.0,30.498433955,114.486936857,32.0316,8.2,25,0.005597320787662612,0.0126,30.4984340696,114.4869370324,0.0210937727825241
3242,DATA13,DATA13,2021-11-18 06:12:11.000000,1321251131.0,30.498376309,114.486958792,31.9847,6.6,25,0.005597320787662612,0.0126,30.498376435,114.486958965,0.02170141946828649
3243,DATA13,DATA13,2021-11-18 06:12:12.000000,1321251132.0,30.498321054,114.486979915,31.944,7.1,25,0.005597320787662612,0.0126,30.4983211454,114.4869800958,0.02009819566773323
3244,DATA13,DATA13,2021-11-18 06:12:13.000000,1321251133.0,30.498266795,114.4870022,31.9062,7.0,25,0.005597320787662612,0.0126,30.4982668703,114.4870023649,0.017896764126558943
3245,DATA13,DATA13,2021-11-18 06:12:14.000000,1321251134.0,30.498211475,114.487025958,31.8757,7.3,25,0.005597320787662612,0.0126,30.4982115298,114.4870261035,0.015232132626687139
3246,DATA13,DATA13,2021-11-18 06:12:15.000000,1321251135.0,30.498153449,114.48704938,31.8434,8.6,25,0.005597320787662612,0.0126,30.498153494,114.4870495238,0.014678729497519994
3247,DATA13,DATA13,2021-11-18 06:12:16.000000,1321251136.0,30.4980934,114.487071636,31.7896,6.9,25,0.005597320787662612,0.0126,30.4980934279,114.4870717617,0.01245744970189476
3248,DATA13,DATA13,2021-11-18 06:12:17.000000,1321251137.0,30.498033788,114.487093296,31.7233,6.9,25,0.005597320787662612,0.0126,30.4980337939,114.4870934066,0.010637874657881028
3249,DATA13,DATA13,2021-11-18 06:12:18.000000,1321251138.0,30.497976375,114.487111958,31.6988,8.1,25,0.005597320787662612,0.0126,30.4979763937,114.4871120492,0.008997416530330798
3250,DATA13,DATA13,2021-11-18 06:12:19.000000,1321251139.0,30.497922666,114.487128723,31.6687,5.0,24,0.00573149195236284,0.0131,30.4979226879,114.4871288428,0.01175444322684451
3251,DATA13,DATA13,2021-11-18 06:12:20.000000,1321251140.0,30.497872392,114.487144665,31.6487,7.1,25,0.005597320787662612,0.0126,30.4978723892,114.4871447809,0.011130902369845305
3252,DATA13,DATA13,2021-11-18 06:12:21.000000,1321251141.0,30.497823371,114.487161262,31.6152,5.8,25,0.005597320787662612,0.0126,30.4978233884,114.4871613706,0.010602719584075193
3253,DATA13,DATA13,2021-11-18 06:12:22.000000,1321251142.0,30.497772692,114.487178279,31.5686,7.3,25,0.005597320787662612,0.0126,30.4977727207,114.4871784116,0.01312141086215395
3254,DATA13,DATA13,2021-11-18 06:12:23.000000,1321251143.0,30.497718077,114.487195876,31.5271,8.7,25,0.005597320787662612,0.0126,30.49771812,114.4871959976,0.012609610324485834
3255,DATA13,DATA13,2021-11-18 06:12:24.000000,1321251144.0,30.497658526,114.487214885,31.4819,6.6,25,0.005597320787662612,0.0126,30.497658554,114.4872150001,0.01147752250698844
3256,DATA13,DATA13,2021-11-18 06:12:25.000000,1321251145.0,30.497595424,114.48723334,31.4455,6.1,25,0.005597320787662612,0.0126,30.4975954652,114.4872334455,0.011110450901614758
3257,DATA13,DATA13,2021-11-18 06:12:26.000000,1321251146.0,30.49752971,114.487251153,31.3944,9.0,25,0.005597320787662612,0.0126,30.4975297327,114.4872512379,0.008530215511867603
3258,DATA13,DATA13,2021-11-18 06:12:27.000000,1321251147.0,30.497461193,114.48726904,31.3504,7.0,24,0.00573149195236284,0.0131,30.4974612128,114.4872691529,0.011058653102007012
3259,DATA13,DATA13,2021-11-18 06:12:28.000000,1321251148.0,30.497391054,114.487287348,31.3015,8.3,25,0.005597320787662612,0.0126,30.4973910631,114.4872874671,0.011478253432651638
3260,DATA13,DATA13,2021-11-18 06:12:29.000000,1321251149.0,30.497321052,114.487304873,31.2539,8.8,25,0.005597320787662612,0.0126,30.4973210908,114.4873049632,0.009668876339162254
3261,DATA13,DATA13,2021-11-18 06:12:30.000000,1321251150.0,30.49725159,114.487321811,31.2047,10.0,25,0.005597320787662612,0.0126,30.4972516249,114.4873219098,0.010243778972158724
3262,DATA13,DATA13,2021-11-18 06:12:31.000000,1321251151.0,30.497184236,114.487338303,31.148,7.1,25,0.005597320787662612,0.0126,30.4971842452,114.4873383929,0.008690649821638086
3263,DATA13,DATA13,2021-11-18 06:12:32.000000,1321251152.0,30.497119072,114.487354624,31.1119,7.8,25,0.005597320787662612,0.0126,30.4971191001,114.4873547229,0.009992611139337037
3264,DATA13,DATA13,2021-11-18 06:12:33.000000,1321251153.0,30.497055053,114.487369931,31.0566,8.9,25,0.00573149195236284,0.0131,30.4970550654,114.4873700073,0.00745285256242755
3265,DATA13,DATA13,2021-11-18 06:12:34.000000,1321251154.0,30.496990614,114.487384017,31.0255,6.3,25,0.005597320787662612,0.0126,30.4969906381,114.487384102,0.00858645131804709
3266,DATA13,DATA13,2021-11-18 06:12:35.000000,1321251155.0,30.496927691,114.487396725,30.9665,6.1,25,0.005597320787662612,0.0126,30.4969276955,114.487396834,0.010476146993438372
3267,DATA13,DATA13,2021-11-18 06:12:36.000000,1321251156.0,30.496867015,114.487408469,30.9169,6.9,25,0.005597320787662612,0.0126,30.4968670307,114.4874085535,0.008296827314021765
3268,DATA13,DATA13,2021-11-18 06:12:37.000000,1321251157.0,30.496809152,114.48741892,30.8853,7.0,25,0.005597320787662612,0.0126,30.4968091717,114.4874190267,0.010473699576894384
3269,DATA13,DATA13,2021-11-18 06:12:38.000000,1321251158.0,30.496755497,114.487427467,30.8467,7.8,25,0.005597320787662612,0.0126,30.496755489,114.4874275711,0.010033143664169436
3270,DATA13,DATA13,2021-11-18 06:12:39.000000,1321251159.0,30.496706853,114.487433995,30.8309,8.0,25,0.005597320787662612,0.0126,30.4967068424,114.4874341287,0.012889233318883909
3271,DATA13,DATA13,2021-11-18 06:12:40.000000,1321251160.0,30.496663639,114.487439199,30.8071,7.0,25,0.005597320787662612,0.0126,30.4966635995,114.4874393092,0.011449959572969336
3272,DATA13,DATA13,2021-11-18 06:12:41.000000,1321251161.0,30.496625485,114.487446548,30.7753,9.2,25,0.005597320787662612,0.0126,30.4966254314,114.4874467023,0.015960601221597436
3273,DATA13,DATA13,2021-11-18 06:12:42.000000,1321251162.0,30.496594049,114.487459015,30.7362,7.9,25,0.005597320787662612,0.0126,30.4965940092,114.4874592234,0.020487729638613658
3274,DATA13,DATA13,2021-11-18 06:12:43.000000,1321251163.0,30.496567329,114.487478577,30.6851,10.6,25,0.005597320787662612,0.0126,30.4965672997,114.4874787417,0.01614185436822219
3275,DATA13,DATA13,2021-11-18 06:12:44.000000,1321251164.0,30.496549834,114.487502707,30.649,10.2,25,0.005597320787662612,0.0126,30.4965498463,114.487502894,0.018004230959203293
3276,DATA13,DATA13,2021-11-18 06:12:45.000000,1321251165.0,30.496541605,114.487528106,30.6474,9.6,25,0.005597320787662612,0.0126,30.496541625,114.4875282814,0.016984236310311318
3277,DATA13,DATA13,2021-11-18 06:12:46.000000,1321251166.0,30.496540502,114.487552786,30.7279,7.6,25,0.005597320787662612,0.0126,30.4965405388,114.4875529286,0.01428495670183697
3278,DATA13,DATA13,2021-11-18 06:12:47.000000,1321251167.0,30.496543301,114.487573009,30.8271,7.8,25,0.005597320787662612,0.0126,30.4965433401,114.4875731389,0.01320262671140463
3279,DATA13,DATA13,2021-11-18 06:12:48.000000,1321251168.0,30.496547521,114.487587969,30.914,7.3,25,0.005597320787662612,0.0126,30.4965475263,114.4875880993,0.01252295400396038
3280,DATA13,DATA13,2021-11-18 06:12:49.000000,1321251169.0,30.496550979,114.487597104,30.9794,8.2,25,0.005597320787662612,0.0126,30.4965510059,114.4875972141,0.010982543900845116
3281,DATA13,DATA13,2021-11-18 06:12:50.000000,1321251170.0,30.496554864,114.487605733,31.0263,10.1,25,0.005597320787662612,0.0126,30.4965548727,114.4876058573,0.011972060135593333
3282,DATA13,DATA13,2021-11-18 06:12:51.000000,1321251171.0,30.496561178,114.487618605,31.0939,8.1,25,0.005597320787662612,0.0126,30.4965611973,114.4876187682,0.015813074209053823
3283,DATA13,DATA13,2021-11-18 06:12:52.000000,1321251172.0,30.496571073,114.487638502,31.1869,8.3,25,0.005597320787662612,0.0126,30.4965711068,114.4876386769,0.017203914776537137
3284,DATA13,DATA13,2021-11-18 06:12:53.000000,1321251173.0,30.496584471,114.487664978,31.2758,8.5,25,0.005597320787662612,0.0126,30.4965845173,114.4876651925,0.02122265875417054
3285,DATA13,DATA13,2021-11-18 06:12:54.000000,1321251174.0,30.496598083,114.487693231,31.3321,7.7,25,0.005597320787662612,0.0126,30.4965981277,114.4876934222,0.019012880422169205
3286,DATA13,DATA13,2021-11-18 06:12:55.000000,1321251175.0,30.49661153,114.487720028,31.4091,7.3,25,0.005597320787662612,0.0126,30.4966115824,114.4877202057,0.018021624440419222
3287,DATA13,DATA13,2021-11-18 06:12:56.000000,1321251176.0,30.496626939,114.487744637,31.4446,7.8,24,0.00573149195236284,0.0131,30.4966269964,114.4877448553,0.02190218425831746
3288,DATA13,DATA13,2021-11-18 06:12:57.000000,1321251177.0,30.496643206,114.487765351,31.4477,9.4,24,0.00573149195236284,0.0131,30.496643245,114.4877655339,0.018083369009718173
3289,DATA13,DATA13,2021-11-18 06:12:58.000000,1321251178.0,30.496659579,114.487782404,31.4199,8.9,23,0.00573149195236284,0.0134,30.4966596225,114.4877825644,0.016136301148085532
3290,DATA13,DATA13,2021-11-18 06:12:59.000000,1321251179.0,30.496678182,114.487798168,31.4371,11.8,24,0.005597320787662612,0.0129,30.4966781813,114.4877983125,0.013872601927975146
3291,DATA13,DATA13,2021-11-18 06:13:00.000000,1321251180.0,30.496697062,114.487812384,31.4374,9.3,24,0.005597320787662612,0.0129,30.4966970471,114.4878125145,0.012636772835086255
3292,DATA13,DATA13,2021-11-18 06:13:01.000000,1321251181.0,30.496716044,114.487827017,31.4613,10.1,24,0.00573149195236284,0.0134,30.4967160339,114.4878271579,0.013573033182441461
3293,DATA13,DATA13,2021-11-18 06:13:02.000000,1321251182.0,30.496732284,114.487842052,31.4998,13.4,24,0.00573149195236284,0.0134,30.4967323068,114.4878421685,0.011466367914290135
3294,DATA13,DATA13,2021-11-18 06:13:03.000000,1321251183.0,30.496744042,114.48785749,31.5387,11.2,25,0.005597320787662612,0.0129,30.4967440746,114.4878576267,0.013612101715496799
3295,DATA13,DATA13,2021-11-18 06:13:04.000000,1321251184.0,30.496750519,114.487871802,31.5686,8.7,25,0.005597320787662612,0.0128,30.4967505451,114.4878718917,0.009084548320087489
3296,DATA13,DATA13,2021-11-18 06:13:05.000000,1321251185.0,30.49675364,114.487882814,31.5871,10.1,25,0.005597320787662612,0.0128,30.4967536237,114.4878829124,0.009617934390615888
3297,DATA13,DATA13,2021-11-18 06:13:06.000000,1321251186.0,30.496754793,114.487893772,31.6267,9.9,25,0.005597320787662612,0.0128,30.4967548208,114.4878938701,0.009909306171472794
3298,DATA13,DATA13,2021-11-18 06:13:07.000000,1321251187.0,30.496753968,114.487906879,31.644,9.6,25,0.005597320787662612,0.0128,30.4967539993,114.4879069925,0.011435465845487535
3299,DATA13,DATA13,2021-11-18 06:13:08.000000,1321251188.0,30.496748347,114.487923738,31.6908,12.7,25,0.005597320787662612,0.0128,30.4967483609,114.4879238521,0.011061754454643797
3300,DATA13,DATA13,2021-11-18 06:13:09.000000,1321251189.0,30.496735467,114.487939892,31.7367,9.4,25,0.005597320787662612,0.0126,30.4967354701,114.4879400454,0.014730809786621215
3301,DATA13,DATA13,2021-11-18 06:13:10.000000,1321251190.0,30.496718863,114.487949567,31.7638,5.5,25,0.005597320787662612,0.0126,30.4967188262,114.4879497634,0.019291236627973572
3302,DATA13,DATA13,2021-11-18 06:13:11.000000,1321251191.0,30.496699152,114.487954548,31.7813,9.8,25,0.005597320787662612,0.0126,30.4966990994,114.4879547233,0.01781090411490292
3303,DATA13,DATA13,2021-11-18 06:13:12.000000,1321251192.0,30.496679594,114.487956416,31.7744,8.3,25,0.005597320787662612,0.0126,30.4966795675,114.4879565591,0.014048592585222688
3304,DATA13,DATA13,2021-11-18 06:13:13.000000,1321251193.0,30.496660723,114.487957029,31.7939,7.3,25,0.005597320787662612,0.0126,30.4966607005,114.4879572198,0.018486368937307356
3305,DATA13,DATA13,2021-11-18 06:13:14.000000,1321251194.0,30.496641744,114.487957025,31.773,7.4,25,0.005597320787662612,0.0126,30.4966417604,114.4879572029,0.017175382467313333
3306,DATA13,DATA13,2021-11-18 06:13:15.000000,1321251195.0,30.496619248,114.487956833,31.7449,10.2,25,0.005597320787662612,0.0126,30.4966192091,114.4879570106,0.017587014836304843
3307,DATA13,DATA13,2021-11-18 06:13:16.000000,1321251196.0,30.496590506,114.487956356,31.7146,9.7,25,0.005597320787662612,0.0126,30.4965904791,114.4879565303,0.016996941455478913
3308,DATA13,DATA13,2021-11-18 06:13:17.000000,1321251197.0,30.496558256,114.487955483,31.688,7.3,25,0.005597320787662612,0.0126,30.4965582457,114.4879556233,0.013517506267423603
3309,DATA13,DATA13,2021-11-18 06:13:18.000000,1321251198.0,30.496525117,114.487954931,31.6538,10.0,25,0.005597320787662612,0.0126,30.4965250951,114.4879550928,0.01572184774288884
3310,DATA13,DATA13,2021-11-18 06:13:19.000000,1321251199.0,30.496493336,114.487959068,31.615,11.0,25,0.005597320787662612,0.0126,30.496493256,114.4879592403,0.01876890784568009
3311,DATA13,DATA13,2021-11-18 06:13:20.000000,1321251200.0,30.496465179,114.487971228,31.6447,7.9,25,0.005597320787662612,0.0126,30.4964651614,114.4879714421,0.020646617676839254
3312,DATA13,DATA13,2021-11-18 06:13:21.000000,1321251201.0,30.496445115,114.487992334,31.6675,7.2,25,0.005597320787662612,0.0126,30.4964451269,114.4879925807,0.023720629043242843
3313,DATA13,DATA13,2021-11-18 06:13:22.000000,1321251202.0,30.496434019,114.488018275,31.7027,8.1,25,0.005597320787662612,0.0126,30.4964340596,114.4880184604,0.018359219770870665
3314,DATA13,DATA13,2021-11-18 06:13:23.000000,1321251203.0,30.496429191,114.488045401,31.7482,11.4,25,0.005597320787662612,0.0126,30.4964292247,114.4880455311,0.013036774611243125
3315,DATA13,DATA13,2021-11-18 06:13:24.000000,1321251204.0,30.496426258,114.488072175,31.7701,15.4,25,0.005597320787662612,0.0126,30.4964262579,114.4880722735,0.009456293457689096
3316,DATA13,DATA13,2021-11-18 06:13:25.000000,1321251205.0,30.496423339,114.488096805,31.8027,8.3,25,0.005597320787662612,0.0126,30.4964233299,114.4880969331,0.01233928284124325
3317,DATA13,DATA13,2021-11-18 06:13:26.000000,1321251206.0,30.496421417,114.488116433,31.8354,10.8,25,0.005597320787662612,0.0126,30.4964213889,114.4881165416,0.010881371908996693
3318,DATA13,DATA13,2021-11-18 06:13:27.000000,1321251207.0,30.496420138,114.488131098,31.8632,9.5,25,0.005597320787662612,0.0126,30.4964201334,114.4881311674,0.006682091250371256
3319,DATA13,DATA13,2021-11-18 06:13:28.000000,1321251208.0,30.496419674,114.488143719,31.8768,14.3,25,0.005597320787662612,0.0126,30.4964196492,114.4881438121,0.009351179499588979
3320,DATA13,DATA13,2021-11-18 06:13:29.000000,1321251209.0,30.496419574,114.488152688,31.887,8.7,25,0.005597320787662612,0.0126,30.496419534,114.4881527618,0.008358338760544957
3321,DATA13,DATA13,2021-11-18 06:13:30.000000,1321251210.0,30.496419469,114.48815691,31.893,9.2,25,0.005597320787662612,0.0126,30.4964194443,114.4881569856,0.007757198541926494
3322,DATA13,DATA13,2021-11-18 06:13:31.000000,1321251211.0,30.496419444,114.488157402,31.8868,13.0,25,0.005597320787662612,0.0126,30.4964194266,114.4881574962,0.00924691518150231
3323,DATA13,DATA13,2021-11-18 06:13:32.000000,1321251212.0,30.496419398,114.48815879,31.894,13.6,25,0.005597320787662612,0.0126,30.4964193854,114.4881588932,0.01000548856610861
3324,DATA13,DATA13,2021-11-18 06:13:33.000000,1321251213.0,30.496419396,114.488159304,31.8966,11.5,25,0.005597320787662612,0.0126,30.4964193749,114.4881593954,0.009081108069863179
3325,DATA13,DATA13,2021-11-18 06:13:34.000000,1321251214.0,30.496419389,114.4881593,31.8958,8.5,25,0.005597320787662612,0.0126,30.4964193793,114.4881593888,0.008592614243166295
3326,DATA13,DATA13,2021-11-18 06:13:35.000000,1321251215.0,30.496419415,114.488159283,31.8914,14.6,25,0.005597320787662612,0.0126,30.4964193799,114.4881593891,0.010903873879249322
3327,DATA13,DATA13,2021-11-18 06:13:36.000000,1321251216.0,30.496419397,114.488159306,31.8934,10.7,25,0.005597320787662612,0.0126,30.4964193799,114.488159389,0.008190647137556207
3328,DATA13,DATA13,2021-11-18 06:13:37.000000,1321251217.0,30.496419397,114.488159283,31.8963,9.2,25,0.005597320787662612,0.0126,30.4964193795,114.4881593885,0.010312444262717615
3329,DATA13,DATA13,2021-11-18 06:13:38.000000,1321251218.0,30.496419388,114.488159285,31.9006,8.7,25,0.005597320787662612,0.0126,30.4964193795,114.4881593887,0.010000000424271367
3330,DATA13,DATA13,2021-11-18 06:13:39.000000,1321251219.0,30.49641939,114.488159301,31.894,9.1,25,0.005597320787662612,0.0126,30.4964193793,114.4881593877,0.008407555182356807
3331,DATA13,DATA13,2021-11-18 06:13:40.000000,1321251220.0,30.496419396,114.488159315,31.8973,12.2,25,0.005597320787662612,0.0126,30.4964193784,114.4881593866,0.007145367624088791
3332,DATA13,DATA13,2021-11-18 06:13:41.000000,1321251221.0,30.496419431,114.488156964,31.8914,12.2,25,0.005597320787662612,0.0126,30.4964194089,114.4881570565,0.009212051585397743
3333,DATA13,DATA13,2021-11-18 06:13:42.000000,1321251222.0,30.496419415,114.48815126,31.8846,6.7,25,0.005597320787662612,0.0126,30.4964194394,114.4881513631,0.01026087718594373
3334,DATA13,DATA13,2021-11-18 06:13:43.000000,1321251223.0,30.496419633,114.48814305,31.8716,10.0,25,0.005597320787662612,0.0126,30.4964196304,114.488143153,0.009892500050430976
3335,DATA13,DATA13,2021-11-18 06:13:44.000000,1321251224.0,30.49642031,114.488132473,31.8648,14.6,25,0.005597320787662612,0.0126,30.496420287,114.48813255,0.00781962688635016
3336,DATA13,DATA13,2021-11-18 06:13:45.000000,1321251225.0,30.496421795,114.488120481,31.8347,12.4,25,0.005597320787662612,0.0126,30.496421759,114.4881205463,0.007431581935311954
3337,DATA13,DATA13,2021-11-18 06:13:46.000000,1321251226.0,30.496423133,114.4881091,31.8091,13.6,25,0.005597320787662612,0.0126,30.4964230943,114.4881092006,0.010567964825408137
3338,DATA13,DATA13,2021-11-18 06:13:47.000000,1321251227.0,30.496423195,114.488102169,31.8094,11.5,25,0.005597320787662612,0.0126,30.4964232138,114.4881022688,0.009805160752234122
3339,DATA13,DATA13,2021-11-18 06:13:48.000000,1321251228.0,30.496423096,114.488100733,31.7974,12.9,25,0.005597320787662612,0.0126,30.4964230991,114.4881008663,0.012801804143645812
3340,DATA13,DATA13,2021-11-18 06:13:49.000000,1321251229.0,30.496423093,114.488100705,31.8014,15.1,25,0.005597320787662612,0.0126,30.4964230975,114.48810086,0.014888814254336703
3341,DATA13,DATA13,2021-11-18 06:13:50.000000,1321251230.0,30.496423192,114.488101149,31.7972,13.0,25,0.005597320787662612,0.0126,30.4964232102,114.4881012896,0.01364797739313643
3342,DATA13,DATA13,2021-11-18 06:13:51.000000,1321251231.0,30.496424696,114.488105842,31.8106,13.7,25,0.005597320787662612,0.0126,30.4964246937,114.4881059856,0.013788377613724458
3343,DATA13,DATA13,2021-11-18 06:13:52.000000,1321251232.0,30.496430195,114.488115241,31.858,8.8,25,0.005597320787662612,0.0126,30.4964302776,114.4881154253,0.019922538822126756
3344,DATA13,DATA13,2021-11-18 06:13:53.000000,1321251233.0,30.496437912,114.488122658,31.8697,11.5,25,0.005597320787662612,0.0126,30.4964379542,114.4881228325,0.017393490609286952
3345,DATA13,DATA13,2021-11-18 06:13:54.000000,1321251234.0,30.496446618,114.488127166,31.8759,11.8,25,0.005597320787662612,0.0126,30.4964466198,114.4881273082,0.013653071895255926
3346,DATA13,DATA13,2021-11-18 06:13:55.000000,1321251235.0,30.496456741,114.488129142,31.9059,12.6,25,0.005597320787662612,0.0126,30.4964567715,114.4881292933,0.014913602006147761
3347,DATA13,DATA13,2021-11-18 06:13:56.000000,1321251236.0,30.496468354,114.4881294,31.9046,7.8,25,0.005597320787662612,0.0126,30.4964683378,114.4881295386,0.01342665430900257
3348,DATA13,DATA13,2021-11-18 06:13:57.000000,1321251237.0,30.496482051,114.488129924,31.9151,12.3,25,0.005597320787662612,0.0126,30.4964820076,114.4881300305,0.011299815688835105
3349,DATA13,DATA13,2021-11-18 06:13:58.000000,1321251238.0,30.496496912,114.488131081,31.9258,10.1,25,0.005597320787662612,0.0126,30.4964968755,114.4881312351,0.015337446749011323
3350,DATA13,DATA13,2021-11-18 06:13:59.000000,1321251239.0,30.496511562,114.488135647,31.9262,12.1,25,0.005597320787662612,0.0126,30.4965115235,114.4881358233,0.01745517162144664
3351,DATA13,DATA13,2021-11-18 06:14:00.000000,1321251240.0,30.496523635,114.488145461,31.9394,20.2,25,0.005597320787662612,0.0126,30.4965236127,114.4881455881,0.012449884188942294
3352,DATA13,DATA13,2021-11-18 06:14:02.000000,1321251242.0,30.496536616,114.488171795,31.9344,10.5,25,0.005597320787662612,0.0126,30.4965365919,114.4881719397,0.014146201837679031
3353,DATA13,DATA13,2021-11-18 06:14:03.000000,1321251243.0,30.496537709,114.488182882,31.9466,13.8,25,0.005597320787662612,0.0126,30.4965377069,114.4881830286,0.014075937718549425
3354,DATA13,DATA13,2021-11-18 06:14:04.000000,1321251244.0,30.496537151,114.488191231,31.9389,9.8,25,0.005597320787662612,0.0126,30.4965371411,114.4881913374,0.010273490382861697
3355,DATA13,DATA13,2021-11-18 06:14:05.000000,1321251245.0,30.496536529,114.488194668,31.9474,12.7,25,0.005597320787662612,0.0126,30.4965365301,114.4881947961,0.012298565034780341
3356,DATA13,DATA13,2021-11-18 06:14:06.000000,1321251246.0,30.496536369,114.488195609,31.9508,10.6,25,0.005597320787662612,0.0126,30.4965363749,114.488195714,0.01010149299885451
3357,DATA13,DATA13,2021-11-18 06:14:07.000000,1321251247.0,30.4965364,114.488195605,31.9484,8.9,25,0.005597320787662612,0.0126,30.4965363848,114.4881956866,0.008013015036583337
3358,DATA13,DATA13,2021-11-18 06:14:08.000000,1321251248.0,30.496536549,114.488194505,31.9465,10.2,25,0.005597320787662612,0.0126,30.4965365259,114.4881945999,0.009463744237518295
3359,DATA13,DATA13,2021-11-18 06:14:09.000000,1321251249.0,30.496537107,114.488189231,31.9429,10.9,25,0.005597320787662612,0.0126,30.4965370588,114.4881892983,0.008384364759863995
3360,DATA13,DATA13,2021-11-18 06:14:10.000000,1321251250.0,30.496537357,114.488181314,31.9408,8.5,25,0.005597320787662612,0.0126,30.4965373046,114.4881813878,0.009162064071619807
3361,DATA13,DATA13,2021-11-18 06:14:11.000000,1321251251.0,30.496537175,114.488170803,31.9427,12.8,25,0.005597320787662612,0.0126,30.496537133,114.4881708839,0.009055411728750873
3362,DATA13,DATA13,2021-11-18 06:14:12.000000,1321251252.0,30.496537472,114.488161526,31.942,8.6,25,0.005597320787662612,0.0126,30.4965374438,114.4881616021,0.007946611170159903
3363,DATA13,DATA13,2021-11-18 06:14:13.000000,1321251253.0,30.496537477,114.488159964,31.9409,14.8,25,0.005597320787662612,0.0126,30.4965374428,114.4881600526,0.009312605176666374
3364,DATA13,DATA13,2021-11-18 06:14:14.000000,1321251254.0,30.496537454,114.48816092,31.9283,11.0,25,0.005597320787662612,0.0126,30.4965374108,114.4881610122,0.010064039088924528
3365,DATA13,DATA13,2021-11-18 06:14:15.000000,1321251255.0,30.496535857,114.488170193,31.9406,9.0,25,0.005597320787662612,0.0126,30.4965358177,114.4881703283,0.013700400470356032
3366,DATA13,DATA13,2021-11-18 06:14:16.000000,1321251256.0,30.496532343,114.488180321,31.9363,7.8,25,0.005597320787662612,0.0126,30.4965322898,114.4881804624,0.01480065808709306
3367,DATA13,DATA13,2021-11-18 06:14:17.000000,1321251257.0,30.49652953,114.488188217,31.9414,8.2,25,0.005597320787662612,0.0126,30.4965294686,114.4881883906,0.018002563962194296
3368,DATA13,DATA13,2021-11-18 06:14:18.000000,1321251258.0,30.496528215,114.488196036,31.9217,7.1,25,0.005597320787662612,0.0126,30.4965281328,114.4881961586,0.01488539201976031
3369,DATA13,DATA13,2021-11-18 06:14:19.000000,1321251259.0,30.496528205,114.488201795,31.945,9.2,25,0.005597320787662612,0.0126,30.4965281769,114.4882019659,0.01670000894286267
3370,DATA13,DATA13,2021-11-18 06:14:20.000000,1321251260.0,30.496528493,114.488205131,31.9555,11.3,25,0.005597320787662612,0.0126,30.4965284473,114.4882052295,0.010727965750710352
3371,DATA13,DATA13,2021-11-18 06:14:21.000000,1321251261.0,30.496528561,114.488205855,31.9538,11.5,25,0.005597320787662612,0.0126,30.4965285031,114.4882059877,0.014265297182524693
3372,DATA13,DATA13,2021-11-18 06:14:22.000000,1321251262.0,30.496528529,114.488206116,31.9526,12.9,25,0.005597320787662612,0.0126,30.4965284672,114.4882062455,0.014195178892430193
3373,DATA13,DATA13,2021-11-18 06:14:23.000000,1321251263.0,30.49652853,114.488206114,31.9554,12.1,25,0.005597320787662612,0.0126,30.4965284636,114.4882062474,0.0147716195123475
3374,DATA13,DATA13,2021-11-18 06:14:24.000000,1321251264.0,30.496528544,114.48820611,31.9513,13.1,25,0.005597320787662612,0.0126,30.4965284673,114.4882062537,0.01620558327509094
3375,DATA13,DATA13,2021-11-18 06:14:25.000000,1321251265.0,30.496528522,114.488206103,31.9465,11.0,25,0.005597320787662612,0.0126,30.4965284638,114.4882062538,0.01584992374311753
3376,DATA13,DATA13,2021-11-18 06:14:26.000000,1321251266.0,30.496528534,114.488206094,31.9552,10.0,25,0.005597320787662612,0.0126,30.4965284638,114.488206254,0.017219474747373988
3377,DATA13,DATA13,2021-11-18 06:14:27.000000,1321251267.0,30.496528534,114.488206105,31.9532,12.0,25,0.005597320787662612,0.0126,30.4965284627,114.488206254,0.016343080536785327
3378,DATA13,DATA13,2021-11-18 06:14:28.000000,1321251268.0,30.49652852,114.488206123,31.9543,10.3,25,0.005597320787662612,0.0126,30.4965284589,114.4882062523,0.014141030535251719
3379,DATA13,DATA13,2021-11-18 06:14:29.000000,1321251269.0,30.49652856,114.48820612,31.9554,14.0,25,0.005597320787662612,0.0126,30.4965284797,114.4882062534,0.015596862603883543
3380,DATA13,DATA13,2021-11-18 06:14:30.000000,1321251270.0,30.496528563,114.488206115,31.9538,9.6,25,0.005597320787662612,0.0126,30.4965284808,114.4882062621,0.016806978331667187
3381,DATA13,DATA13,2021-11-18 06:14:31.000000,1321251271.0,30.496528527,114.488206103,31.9561,10.2,25,0.005597320787662612,0.0126,30.4965284339,114.4882062696,0.019035162208191944
3382,DATA13,DATA13,2021-11-18 06:14:32.000000,1321251272.0,30.496528523,114.48820613,31.9603,11.6,25,0.005597320787662612,0.0126,30.4965284386,114.4882062716,0.01650286928639024
3383,DATA13,DATA13,2021-11-18 06:14:33.000000,1321251273.0,30.496528463,114.488206141,31.9594,10.3,25,0.005597320787662612,0.0126,30.4965283758,114.4882062753,0.01611481209003693
3384,DATA13,DATA13,2021-11-18 06:14:34.000000,1321251274.0,30.496528469,114.48820611,31.9599,10.8,25,0.005597320787662612,0.0126,30.4965283782,114.4882062664,0.018076894925006217
3385,DATA13,DATA13,2021-11-18 06:14:35.000000,1321251275.0,30.496528529,114.48820608,31.9619,9.4,25,0.005597320787662612,0.0126,30.4965284312,114.488206224,0.017568962855830178
3386,DATA13,DATA13,2021-11-18 06:14:36.000000,1321251276.0,30.496528514,114.488206078,31.9664,11.5,25,0.005597320787662612,0.0126,30.4965284269,114.4882062208,0.01676845489615347
3387,DATA13,DATA13,2021-11-18 06:14:37.000000,1321251277.0,30.496528505,114.488206072,31.9671,11.4,25,0.005597320787662612,0.0126,30.4965284292,114.4882062198,0.01649088524153699
3388,DATA13,DATA13,2021-11-18 06:14:38.000000,1321251278.0,30.496528521,114.488206061,31.9621,9.5,25,0.005597320787662612,0.0126,30.4965284324,114.4882062172,0.017926159579207807
3389,DATA13,DATA13,2021-11-18 06:14:39.000000,1321251279.0,30.496528527,114.488206067,31.962,9.4,25,0.005597320787662612,0.0126,30.4965284327,114.4882062167,0.017771730896765606
3390,DATA13,DATA13,2021-11-18 06:14:40.000000,1321251280.0,30.49652851,114.488206078,31.9676,10.9,25,0.005597320787662612,0.0126,30.4965284323,114.4882062155,0.01576229751211801
3391,DATA13,DATA13,2021-11-18 06:14:41.000000,1321251281.0,30.496528535,114.488206081,31.9618,10.2,25,0.005597320787662612,0.0126,30.4965284332,114.4882062166,0.01722889049543909
3392,DATA13,DATA13,2021-11-18 06:14:42.000000,1321251282.0,30.496528536,114.488206072,31.9706,11.5,25,0.005597320787662612,0.0126,30.496528441,114.4882062189,0.01760138997207796
3393,DATA13,DATA13,2021-11-18 06:14:43.000000,1321251283.0,30.496528526,114.48820607,31.9667,11.8,25,0.005597320787662612,0.0126,30.4965284332,114.4882062173,0.017487584598674458
3394,DATA13,DATA13,2021-11-18 06:14:44.000000,1321251284.0,30.49652851,114.488206077,31.9681,9.2,25,0.005597320787662612,0.0126,30.4965284354,114.4882062183,0.015887472984063927
3395,DATA13,DATA13,2021-11-18 06:14:45.000000,1321251285.0,30.496528547,114.488206061,31.9733,11.0,25,0.005597320787662612,0.0126,30.4965284589,114.4882062058,0.0169892825399763
3396,DATA13,DATA13,2021-11-18 06:14:46.000000,1321251286.0,30.496528563,114.488206026,31.9686,10.9,25,0.005597320787662612,0.0126,30.4965284693,114.4882061844,0.018416101772560527
3397,DATA13,DATA13,2021-11-18 06:14:47.000000,1321251287.0,30.496528573,114.48820604,31.9751,10.3,25,0.005597320787662612,0.0126,30.4965284779,114.4882061837,0.017362946319230656
3398,DATA13,DATA13,2021-11-18 06:14:48.000000,1321251288.0,30.496528569,114.488206036,31.9691,8.2,25,0.005597320787662612,0.0126,30.4965284757,114.4882061796,0.01723482590407661
3399,DATA13,DATA13,2021-11-18 06:14:49.000000,1321251289.0,30.496528593,114.488206028,31.9673,8.8,25,0.005597320787662612,0.0126,30.4965284913,114.4882061794,0.018395051587036033
3400,DATA13,DATA13,2021-11-18 06:14:50.000000,1321251290.0,30.49652861,114.488206043,31.9701,12.8,25,0.005597320787662612,0.0126,30.4965285148,114.4882061814,0.01696837747841591
3401,DATA13,DATA13,2021-11-18 06:14:51.000000,1321251291.0,30.496528616,114.48820603,31.9725,10.4,25,0.005597320787662612,0.0126,30.4965285315,114.4882061863,0.01768933846256622
3402,DATA13,DATA13,2021-11-18 06:14:52.000000,1321251292.0,30.496528571,114.488205998,31.979,8.8,25,0.005597320787662612,0.0126,30.4965284756,114.4882061526,0.018224751753256895
3403,DATA13,DATA13,2021-11-18 06:14:53.000000,1321251293.0,30.496528539,114.488205966,31.9834,9.5,25,0.005597320787662612,0.0126,30.4965284763,114.4882061518,0.019143842476829286
3404,DATA13,DATA13,2021-11-18 06:14:54.000000,1321251294.0,30.496528566,114.488205979,31.9772,10.3,25,0.005597320787662612,0.0126,30.4965284766,114.4882061518,0.01932440401122483
3405,DATA13,DATA13,2021-11-18 06:14:55.000000,1321251295.0,30.496528544,114.488205994,31.9828,7.3,25,0.005597320787662612,0.0126,30.4965284763,114.4882061517,0.016897888613371524
3406,DATA13,DATA13,2021-11-18 06:14:56.000000,1321251296.0,30.496528555,114.488205992,31.9849,11.3,25,0.005597320787662612,0.0126,30.4965284767,114.4882061526,0.017693685818655734
3407,DATA13,DATA13,2021-11-18 06:14:57.000000,1321251297.0,30.496528546,114.488205981,31.9827,9.6,25,0.005597320787662612,0.0126,30.496528475,114.4882061586,0.018779272716265533
3408,DATA13,DATA13,2021-11-18 06:14:58.000000,1321251298.0,30.496528537,114.488205964,31.9811,11.0,25,0.005597320787662612,0.0126,30.496528475,114.4882061584,0.019888422003151357
3409,DATA13,DATA13,2021-11-18 06:14:59.000000,1321251299.0,30.496528539,114.488205967,31.9843,9.1,25,0.005597320787662612,0.0126,30.4965284751,114.4882061583,0.019684242120652187
3410,DATA13,DATA13,2021-11-18 06:15:00.000000,1321251300.0,30.496528551,114.488205984,31.9876,9.8,25,0.005597320787662612,0.0126,30.4965284751,114.4882061583,0.018729784313143597
3411,DATA13,DATA13,2021-11-18 06:15:01.000000,1321251301.0,30.496528549,114.488205956,31.9823,9.6,25,0.005597320787662612,0.0126,30.4965284751,114.4882061583,0.02107864498494438
3412,DATA13,DATA13,2021-11-18 06:15:02.000000,1321251302.0,30.496528521,114.488205972,31.9867,8.0,25,0.005597320787662612,0.0126,30.4965284751,114.4882061583,0.018595108633563392
3413,DATA13,DATA13,2021-11-18 06:15:03.000000,1321251303.0,30.496528534,114.488205968,31.9859,10.7,25,0.005597320787662612,0.0126,30.4965284751,114.4882061583,0.0194011888145279
3414,DATA13,DATA13,2021-11-18 06:15:04.000000,1321251304.0,30.496528543,114.48820598,31.9809,10.5,25,0.005597320787662612,0.0126,30.4965284751,114.4882061583,0.018699335314530014
3415,DATA13,DATA13,2021-11-18 06:15:05.000000,1321251305.0,30.496528535,114.488205984,31.9849,9.2,25,0.005597320787662612,0.0126,30.4965284751,114.4882061583,0.018002792799032233
3416,DATA13,DATA13,2021-11-18 06:15:06.000000,1321251306.0,30.496528542,114.488205962,31.985,7.9,25,0.005597320787662612,0.0126,30.4965284751,114.4882061583,0.02025225237501411
3417,DATA13,DATA13,2021-11-18 06:15:07.000000,1321251307.0,30.496528545,114.488205945,31.985,8.8,25,0.005597320787662612,0.0126,30.4965284751,114.4882061583,0.02189461648096289
3418,DATA13,DATA13,2021-11-18 06:15:08.000000,1321251308.0,30.496528534,114.488205956,31.9847,12.3,25,0.005597320787662612,0.0126,30.4965284751,114.4882061583,0.020489682745078272
3419,DATA13,DATA13,2021-11-18 06:15:09.000000,1321251309.0,30.496528539,114.488205963,31.9812,10.4,25,0.005597320787662612,0.0126,30.4965284751,114.4882061583,0.02004299899792002
3420,DATA13,DATA13,2021-11-18 06:15:10.000000,1321251310.0,30.496528543,114.488205976,31.9833,10.3,25,0.005597320787662612,0.0126,30.4965284751,114.4882061583,0.019051485270445048
3421,DATA13,DATA13,2021-11-18 06:15:11.000000,1321251311.0,30.496528529,114.488205962,31.9869,10.5,25,0.005597320787662612,0.0126,30.4965284751,114.4882061583,0.019770005332670197
3422,DATA13,DATA13,2021-11-18 06:15:12.000000,1321251312.0,30.496528534,114.488205957,31.9833,11.4,25,0.005597320787662612,0.0126,30.4965284751,114.4882061583,0.0203987083758783
3423,DATA13,DATA13,2021-11-18 06:15:13.000000,1321251313.0,30.49652854,114.488205957,31.9831,8.5,25,0.005597320787662612,0.0126,30.4965284751,114.4882061583,0.020621263127382983
3424,DATA13,DATA13,2021-11-18 06:15:14.000000,1321251314.0,30.496528533,114.48820597,31.9874,8.7,25,0.005597320787662612,0.0126,30.4965284751,114.4882061583,0.019183114061232402
3425,DATA13,DATA13,2021-11-18 06:15:15.000000,1321251315.0,30.496528532,114.488205972,31.9884,11.6,25,0.005597320787662612,0.0126,30.4965284751,114.4882061583,0.01896512280139554
3426,DATA13,DATA13,2021-11-18 06:15:16.000000,1321251316.0,30.496528524,114.488205957,31.9857,10.2,25,0.005597320787662612,0.0125,30.4965284751,114.4882061583,0.020071333250636633
3427,DATA13,DATA13,2021-11-18 06:15:17.000000,1321251317.0,30.496528534,114.488205987,31.9819,9.7,25,0.005597320787662612,0.0125,30.4965284751,114.4882061583,0.017694202755819954
3428,DATA13,DATA13,2021-11-18 06:15:18.000000,1321251318.0,30.49652854,114.488205969,31.9776,9.7,25,0.005597320787662612,0.0125,30.496528475,114.4882061583,0.019549842872369362
3429,DATA13,DATA13,2021-11-18 06:15:19.000000,1321251319.0,30.496528541,114.488205961,31.9805,8.7,25,0.005597320787662612,0.0125,30.496528475,114.4882061583,0.020305449723208947
3430,DATA13,DATA13,2021-11-18 06:15:20.000000,1321251320.0,30.496528551,114.488205978,31.9777,9.9,24,0.00573149195236284,0.013,30.496528475,114.4882061583,0.01925099122697084
3431,DATA13,DATA13,2021-11-18 06:15:21.000000,1321251321.0,30.496528553,114.488205978,31.9793,10.9,24,0.00573149195236284,0.013,30.496528475,114.4882061583,0.01934905820836756
3432,DATA13,DATA13,2021-11-18 06:15:22.000000,1321251322.0,30.496528527,114.488205969,31.9792,9.1,25,0.005597320787662612,0.0125,30.496528475,114.4882061583,0.019065751595413426
3433,DATA13,DATA13,2021-11-18 06:15:23.000000,1321251323.0,30.49652854,114.488205981,31.9776,7.8,24,0.00573149195236284,0.013,30.496528475,114.4882061583,0.018483803256729523
3434,DATA13,DATA13,2021-11-18 06:15:24.000000,1321251324.0,30.496528539,114.488205971,31.9794,8.3,24,0.00573149195236284,0.013,30.496528475,114.4882061582,0.01932158969676357
3435,DATA13,DATA13,2021-11-18 06:15:25.000000,1321251325.0,30.496528537,114.488205954,31.9843,8.1,25,0.005597320787662612,0.0125,30.496528475,114.4882061582,0.020773822543712416
3436,DATA13,DATA13,2021-11-18 06:15:26.000000,1321251326.0,30.496528526,114.488205968,31.9822,9.2,25,0.005597320787662612,0.0125,30.496528475,114.4882061582,0.019115042954394864
3437,DATA13,DATA13,2021-11-18 06:15:27.000000,1321251327.0,30.496528548,114.488205956,31.9844,9.3,25,0.005597320787662612,0.0125,30.496528475,114.4882061583,0.021040066126853045
3438,DATA13,DATA13,2021-11-18 06:15:28.000000,1321251328.0,30.496528548,114.488205955,31.9757,11.1,25,0.005597320787662612,0.0125,30.496528475,114.4882061582,0.021119847170441818
3439,DATA13,DATA13,2021-11-18 06:15:29.000000,1321251329.0,30.496528525,114.48820597,31.9832,9.3,25,0.005597320787662612,0.0125,30.496528475,114.4882061582,0.01889890184203058
3440,DATA13,DATA13,2021-11-18 06:15:30.000000,1321251330.0,30.496528549,114.488205968,31.9795,10.4,25,0.005597320787662612,0.0125,30.496528475,114.4882061582,0.020017975512776315
3441,DATA13,DATA13,2021-11-18 06:15:31.000000,1321251331.0,30.496528537,114.488205957,31.9841,9.1,25,0.005597320787662612,0.0125,30.496528475,114.4882061582,0.020502257333285676
3442,DATA13,DATA13,2021-11-18 06:15:32.000000,1321251332.0,30.496528531,114.488205965,31.9843,8.6,25,0.005597320787662612,0.0125,30.496528475,114.4882061583,0.01956827272018811
3443,DATA13,DATA13,2021-11-18 06:15:33.000000,1321251333.0,30.496528546,114.488205968,31.9814,8.9,25,0.005597320787662612,0.0125,30.496528475,114.4882061583,0.019892807708617684
3444,DATA13,DATA13,2021-11-18 06:15:34.000000,1321251334.0,30.496528539,114.488205968,31.9826,7.5,25,0.005597320787662612,0.0125,30.496528475,114.4882061582,0.019589762309294042
3445,DATA13,DATA13,2021-11-18 06:15:35.000000,1321251335.0,30.496528556,114.488205963,31.9832,10.0,25,0.005597320787662612,0.0125,30.496528475,114.4882061582,0.020780147382486628
3446,DATA13,DATA13,2021-11-18 06:15:36.000000,1321251336.0,30.496528529,114.488205945,31.9808,8.8,25,0.005597320787662612,0.0125,30.496528475,114.4882061582,0.021325317745761407
3447,DATA13,DATA13,2021-11-18 06:15:37.000000,1321251337.0,30.496528557,114.488205954,31.9749,11.1,25,0.005597320787662612,0.0125,30.496528475,114.4882061582,0.02160897109633805
3448,DATA13,DATA13,2021-11-18 06:15:38.000000,1321251338.0,30.49652852,114.488205957,31.9813,9.4,25,0.005597320787662612,0.0125,30.496528475,114.4882061582,0.019949600550379618
3449,DATA13,DATA13,2021-11-18 06:15:39.000000,1321251339.0,30.496528535,114.488205959,31.9884,8.1,25,0.005597320787662612,0.0125,30.496528475,114.4882061582,0.020247545981486637
3450,DATA13,DATA13,2021-11-18 06:15:40.000000,1321251340.0,30.496528541,114.488205964,31.981,9.9,25,0.005597320787662612,0.0125,30.496528475,114.4882061582,0.02002811982696011
3451,DATA13,DATA13,2021-11-18 06:15:41.000000,1321251341.0,30.49652853,114.488205968,31.9796,10.4,25,0.005597320787662612,0.0125,30.496528475,114.4882061582,0.01925086834870031
3452,DATA13,DATA13,2021-11-18 06:15:42.000000,1321251342.0,30.496528536,114.488205966,31.9819,8.6,25,0.005597320787662612,0.0125,30.496528475,114.4882061582,0.019651941134935336
3453,DATA13,DATA13,2021-11-18 06:15:43.000000,1321251343.0,30.496528534,114.488205974,31.9789,9.5,25,0.005597320787662612,0.0125,30.496528475,114.4882061582,0.018854609565090517
3454,DATA13,DATA13,2021-11-18 06:15:44.000000,1321251344.0,30.496528532,114.488205973,31.9808,9.9,25,0.005597320787662612,0.0125,30.496528475,114.4882061582,0.018869272849821744
3455,DATA13,DATA13,2021-11-18 06:15:45.000000,1321251345.0,30.49652855,114.488205965,31.9795,10.3,25,0.005597320787662612,0.0125,30.496528475,114.4882061582,0.02032612739687358
3456,DATA13,DATA13,2021-11-18 06:15:46.000000,1321251346.0,30.496528542,114.488205963,31.9766,9.8,25,0.005597320787662612,0.0125,30.496528475,114.4882061582,0.020158103130551747
3457,DATA13,DATA13,2021-11-18 06:15:47.000000,1321251347.0,30.496528536,114.488205937,31.9835,11.1,25,0.005597320787662612,0.0125,30.496528475,114.4882061582,0.022286592058574056
3458,DATA13,DATA13,2021-11-18 06:15:48.000000,1321251348.0,30.496528533,114.488205961,31.9801,9.0,25,0.005597320787662612,0.0125,30.496528475,114.4882061582,0.01999389193188079
3459,DATA13,DATA13,2021-11-18 06:15:49.000000,1321251349.0,30.496528526,114.488205979,31.981,8.9,25,0.005597320787662612,0.0125,30.496528475,114.4882061582,0.01810895833172695
3460,DATA13,DATA13,2021-11-18 06:15:50.000000,1321251350.0,30.49652854,114.488205959,31.9738,9.3,25,0.005597320787662612,0.0125,30.496528475,114.4882061582,0.02043635317753913
3461,DATA13,DATA13,2021-11-18 06:15:51.000000,1321251351.0,30.496528484,114.488205995,32.0005,4.7,26,0.005091168824543142,0.011,30.496528475,114.4882061582,0.01569939654901927
3462,DATA13,DATA13,2021-11-18 06:15:52.000000,1321251352.0,30.496528476,114.488205971,32.0002,4.9,26,0.005091168824543142,0.011,30.496528475,114.4882061582,0.017972067980796074
3463,DATA13,DATA13,2021-11-18 06:15:53.000000,1321251353.0,30.49652847,114.488205987,31.9994,4.7,26,0.005091168824543142,0.011,30.496528475,114.4882061582,0.01644502628695699
3464,DATA13,DATA13,2021-11-18 06:15:54.000000,1321251354.0,30.496528489,114.488205981,31.9997,6.7,26,0.005091168824543142,0.0109,30.496528475,114.4882061582,0.01708235330687153
3465,DATA13,DATA13,2021-11-18 06:15:55.000000,1321251355.0,30.49652848,114.488205961,31.998,5.4,26,0.005091168824543142,0.0109,30.496528475,114.4882061582,0.018939867089819325
3466,DATA13,DATA13,2021-11-18 06:15:56.000000,1321251356.0,30.496528476,114.48820598,31.999,5.1,26,0.005091168824543142,0.0109,30.496528475,114.4882061582,0.017108060069010503
3467,DATA13,DATA13,2021-11-18 06:15:57.000000,1321251357.0,30.496528475,114.488205997,32.0015,5.5,26,0.005091168824543142,0.0109,30.496528475,114.4882061582,0.015475653990388964
3468,DATA13,DATA13,2021-11-18 06:15:58.000000,1321251358.0,30.496528468,114.488205998,31.9955,5.4,26,0.005091168824543142,0.0109,30.496528475,114.4882061582,0.015399216810007058
3469,DATA13,DATA13,2021-11-18 06:15:59.000000,1321251359.0,30.496528489,114.488205994,31.9999,5.7,26,0.005091168824543142,0.0109,30.496528475,114.4882061582,0.015839884809092864
3470,DATA13,DATA13,2021-11-18 06:16:00.000000,1321251360.0,30.49652847,114.48820599,32.0024,6.2,26,0.005091168824543142,0.0109,30.496528475,114.4882061582,0.016157184537001792
3471,DATA13,DATA13,2021-11-18 06:16:01.000000,1321251361.0,30.496528481,114.488205999,31.9971,5.7,25,0.005303772242470448,0.0113,30.496528475,114.4882061582,0.015298115056974381
3472,DATA13,DATA13,2021-11-18 06:16:02.000000,1321251362.0,30.496528477,114.488206005,31.996,5.3,25,0.005303772242470448,0.0113,30.496528475,114.4882061582,0.01470930306355255
3473,DATA13,DATA13,2021-11-18 06:16:03.000000,1321251363.0,30.496528468,114.488205964,32.0043,5.5,26,0.005091168824543142,0.0109,30.496528475,114.4882061582,0.01865988976066694
3474,DATA13,DATA13,2021-11-18 06:16:04.000000,1321251364.0,30.49652846,114.488205971,32.0017,5.6,26,0.005091168824543142,0.0109,30.496528475,114.4882061582,0.01804849723800379
3475,DATA13,DATA13,2021-11-18 06:16:05.000000,1321251365.0,30.496528471,114.488205968,32.0038,5.4,26,0.005091168824543142,0.0109,30.496528475,114.4882061582,0.018265118726401085
3476,DATA13,DATA13,2021-11-18 06:16:06.000000,1321251366.0,30.496528478,114.488205968,31.9975,5.2,26,0.005091168824543142,0.0109,30.496528475,114.4882061582,0.01826276354920513
3477,DATA13,DATA13,2021-11-18 06:16:07.000000,1321251367.0,30.496528467,114.488205981,32.003,5.9,26,0.005091168824543142,0.0109,30.496528475,114.4882061582,0.017034801686880333
3478,DATA13,DATA13,2021-11-18 06:16:08.000000,1321251368.0,30.496528463,114.488205982,32.0017,6.1,26,0.005091168824543142,0.0109,30.496528475,114.4882061582,0.016967926975981693
3479,DATA13,DATA13,2021-11-18 06:16:09.000000,1321251369.0,30.496528478,114.48820596,32.0019,5.2,26,0.005091168824543142,0.0109,30.496528475,114.4882061582,0.01903066355072264
3480,DATA13,DATA13,2021-11-18 06:16:10.000000,1321251370.0,30.496528465,114.488205977,32.0037,6.4,26,0.005091168824543142,0.0109,30.496528475,114.4882061582,0.017430999299800135
3481,DATA13,DATA13,2021-11-18 06:16:11.000000,1321251371.0,30.496528464,114.488205958,32.0035,6.3,26,0.005091168824543142,0.0109,30.496528475,114.4882061582,0.019258412432411987
3482,DATA13,DATA13,2021-11-18 06:16:12.000000,1321251372.0,30.49652848,114.488205981,32.0046,6.1,26,0.005091168824543142,0.0109,30.496528475,114.4882061582,0.017020727415816412
3483,DATA13,DATA13,2021-11-18 06:16:13.000000,1321251373.0,30.496528464,114.488205958,32.0064,5.6,26,0.005091168824543142,0.0109,30.496528475,114.4882061582,0.01925841250130067
3484,DATA13,DATA13,2021-11-18 06:16:14.000000,1321251374.0,30.496528449,114.488205972,32.0027,4.8,26,0.005091168824543142,0.0109,30.496528475,114.4882061582,0.018106619939570315
3485,DATA13,DATA13,2021-11-18 06:16:15.000000,1321251375.0,30.496528465,114.488205974,32.0041,6.4,26,0.005091168824543142,0.0109,30.496528475,114.4882061582,0.017718435495509333
3486,DATA13,DATA13,2021-11-18 06:16:16.000000,1321251376.0,30.49652847,114.488205975,32.0046,7.9,26,0.005091168824543142,0.0109,30.496528475,114.4882061582,0.017596448578069444
3487,DATA13,DATA13,2021-11-18 06:16:17.000000,1321251377.0,30.496528471,114.48820597,32.0043,6.0,26,0.005091168824543142,0.0109,30.496528475,114.4882061582,0.01807317041537871
3488,DATA13,DATA13,2021-11-18 06:16:18.000000,1321251378.0,30.496528471,114.488205969,32.0061,5.7,26,0.005091168824543142,0.0109,30.496528475,114.4882061582,0.018169144235885264
3489,DATA13,DATA13,2021-11-18 06:16:19.000000,1321251379.0,30.496528469,114.488205989,32.0013,5.6,26,0.005091168824543142,0.0109,30.496528475,114.4882061582,0.016257289632427892
3490,DATA13,DATA13,2021-11-18 06:16:20.000000,1321251380.0,30.496528476,114.488205968,32.002,5.5,26,0.005091168824543142,0.0109,30.496528475,114.4882061582,0.018260071202328133
3491,DATA13,DATA13,2021-11-18 06:16:21.000000,1321251381.0,30.49652846,114.488205981,32.0039,6.4,26,0.005091168824543142,0.0109,30.496528475,114.4882061582,0.017092782093171874
3492,DATA13,DATA13,2021-11-18 06:16:22.000000,1321251382.0,30.496528472,114.488205967,32.0009,6.2,26,0.005091168824543142,0.0109,30.496528475,114.4882061582,0.018358751137031754
3493,DATA13,DATA13,2021-11-18 06:16:23.000000,1321251383.0,30.496528462,114.488205963,32.0053,6.3,26,0.005091168824543142,0.0109,30.496528475,114.4882061582,0.01879508529036077
3494,DATA13,DATA13,2021-11-18 06:16:24.000000,1321251384.0,30.496528477,114.488205985,32.0001,6.9,26,0.005091168824543142,0.0109,30.496528475,114.4882061582,0.016629166620936962
3495,DATA13,DATA13,2021-11-18 06:16:25.000000,1321251385.0,30.496528471,114.488205964,32.0032,5.9,26,0.005091168824543142,0.0109,30.496528475,114.4882061582,0.018649018738793773
3496,DATA13,DATA13,2021-11-18 06:16:26.000000,1321251386.0,30.496528474,114.488205973,32.0084,7.9,26,0.005091168824543142,0.0109,30.496528475,114.4882061582,0.017780065811317285
3497,DATA13,DATA13,2021-11-18 06:16:27.000000,1321251387.0,30.496528473,114.488205965,32.0038,6.8,26,0.005091168824543142,0.0109,30.496528475,114.4882061582,0.018549068569343515
3498,DATA13,DATA13,2021-11-18 06:16:28.000000,1321251388.0,30.496528478,114.488205978,32.0033,5.6,26,0.005091168824543142,0.0109,30.496528475,114.4882061582,0.017302903917155683
3499,DATA13,DATA13,2021-11-18 06:16:29.000000,1321251389.0,30.496528451,114.488205961,32.0092,6.3,26,0.005091168824543142,0.0109,30.496528475,114.4882061582,0.019117805484655675
3500,DATA13,DATA13,2021-11-18 06:16:30.000000,1321251390.0,30.496528464,114.488205975,32.0033,6.5,26,0.005162363799656123,0.0109,30.496528475,114.4882061582,0.017629942636144338
3501,DATA13,DATA13,2021-11-18 06:16:31.000000,1321251391.0,30.496528467,114.488205986,32.0084,5.8,26,0.005162363799656123,0.0109,30.496528475,114.4882061582,0.016555457546153944
3502,DATA13,DATA13,2021-11-18 06:16:32.000000,1321251392.0,30.496528488,114.488205989,31.9996,6.2,26,0.005162363799656123,0.0109,30.496528475,114.4882061581,0.01629792305400078
3503,DATA13,DATA13,2021-11-18 06:16:33.000000,1321251393.0,30.496528474,114.488205962,32.0036,6.3,26,0.005162363799656123,0.0109,30.496528475,114.4882061581,0.018826478442823553
3504,DATA13,DATA13,2021-11-18 06:16:34.000000,1321251394.0,30.496528472,114.488205975,32.0035,5.9,26,0.005162363799656123,0.0109,30.496528475,114.4882061582,0.01759086019209473
3505,DATA13,DATA13,2021-11-18 06:16:35.000000,1321251395.0,30.496528469,114.488205967,32.0088,5.8,26,0.005162363799656123,0.0109,30.496528475,114.4882061581,0.01835819301293834
3506,DATA13,DATA13,2021-11-18 06:16:36.000000,1321251396.0,30.496528475,114.488205959,32.0065,6.1,26,0.005162363799656123,0.0109,30.496528475,114.4882061581,0.019114160940264312
3507,DATA13,DATA13,2021-11-18 06:16:37.000000,1321251397.0,30.496528486,114.488205959,32.0043,5.5,26,0.005162363799656123,0.0109,30.496528475,114.4882061581,0.01915302258610143
3508,DATA13,DATA13,2021-11-18 06:16:38.000000,1321251398.0,30.496528473,114.488205963,32.0047,5.7,26,0.005162363799656123,0.0109,30.496528475,114.4882061581,0.01873146176445912
3509,DATA13,DATA13,2021-11-18 06:16:39.000000,1321251399.0,30.496528479,114.488205958,32.0049,6.2,26,0.005162363799656123,0.0109,30.496528475,114.4882061581,0.019215282076844028
3510,DATA13,DATA13,2021-11-18 06:16:40.000000,1321251400.0,30.496528478,114.488205946,32.0053,5.6,26,0.005162363799656123,0.0109,30.496528475,114.4882061581,0.020364914499606944
3511,DATA13,DATA13,2021-11-18 06:16:41.000000,1321251401.0,30.496528481,114.488205958,32.0058,7.0,26,0.005162363799656123,0.0109,30.496528475,114.4882061581,0.019221676932023916
3512,DATA13,DATA13,2021-11-18 06:16:42.000000,1321251402.0,30.496528471,114.48820594,32.0058,5.1,26,0.005162363799656123,0.0109,30.496528475,114.4882061581,0.020942909758938595
3513,DATA13,DATA13,2021-11-18 06:16:43.000000,1321251403.0,30.49652849,114.48820595,32.006,5.5,26,0.005162363799656123,0.0109,30.496528475,114.4882061581,0.020047275507354183
3514,DATA13,DATA13,2021-11-18 06:16:44.000000,1321251404.0,30.496528471,114.488205974,32.0065,6.0,26,0.005162363799656123,0.0109,30.496528475,114.4882061581,0.01767968217041204
3515,DATA13,DATA13,2021-11-18 06:16:45.000000,1321251405.0,30.496528464,114.488205966,32.0078,6.1,26,0.005162363799656123,0.0109,30.496528475,114.4882061581,0.01848241663954772
3516,DATA13,DATA13,2021-11-18 06:16:46.000000,1321251406.0,30.496528489,114.488205965,32.001,7.3,26,0.005162363799656123,0.0109,30.496528475,114.4882061581,0.01860300141921197
3517,DATA13,DATA13,2021-11-18 06:16:47.000000,1321251407.0,30.496528464,114.48820593,32.0073,5.4,26,0.005162363799656123,0.0109,30.496528475,114.4882061581,0.021932170883043757
3518,DATA13,DATA13,2021-11-18 06:16:48.000000,1321251408.0,30.496528465,114.488205955,32.0064,6.2,26,0.005162363799656123,0.0109,30.496528475,114.4882061581,0.019529663898471543
3519,DATA13,DATA13,2021-11-18 06:16:49.000000,1321251409.0,30.496528474,114.488205947,32.0065,7.4,26,0.005162363799656123,0.0109,30.496528475,114.4882061581,0.020266498296573225
3520,DATA13,DATA13,2021-11-18 06:16:50.000000,1321251410.0,30.496528468,114.488205946,32.0049,6.3,26,0.005162363799656123,0.0109,30.496528475,114.4882061581,0.020376980865497666
3521,DATA13,DATA13,2021-11-18 06:16:51.000000,1321251411.0,30.49652847,114.488205952,32.01,6.2,26,0.005162363799656123,0.0109,30.496528475,114.4882061581,0.01979394330241893
3522,DATA13,DATA13,2021-11-18 06:16:52.000000,1321251412.0,30.496528463,114.488205951,32.0092,5.9,26,0.005162363799656123,0.0109,30.496528475,114.4882061581,0.019926640756530462
3523,DATA13,DATA13,2021-11-18 06:16:53.000000,1321251413.0,30.496528467,114.488205967,32.0037,7.1,26,0.005162363799656123,0.0109,30.496528475,114.4882061581,0.018367563097761642
3524,DATA13,DATA13,2021-11-18 06:16:54.000000,1321251414.0,30.49652847,114.48820596,32.0071,6.7,26,0.005162363799656123,0.0109,30.496528475,114.4882061581,0.019026234396840872
3525,DATA13,DATA13,2021-11-18 06:16:55.000000,1321251415.0,30.496528482,114.488205972,32.0039,7.4,26,0.005162363799656123,0.0109,30.496528475,114.4882061581,0.017882969296374868
3526,DATA13,DATA13,2021-11-18 06:16:56.000000,1321251416.0,30.496528469,114.488205957,32.004,7.8,26,0.005162363799656123,0.0109,30.496528475,114.4882061581,0.01931762186250201
3527,DATA13,DATA13,2021-11-18 06:16:57.000000,1321251417.0,30.496528473,114.488205963,32.004,6.9,26,0.005162363799656123,0.0109,30.496528475,114.4882061581,0.01873146153739214
3528,DATA13,DATA13,2021-11-18 06:16:58.000000,1321251418.0,30.496528465,114.488205945,32.0075,6.4,26,0.005162363799656123,0.0109,30.496528475,114.4882061581,0.020488214627217508
3529,DATA13,DATA13,2021-11-18 06:16:59.000000,1321251419.0,30.496528462,114.488205948,32.0034,8.3,26,0.005162363799656123,0.0109,30.496528475,114.4882061581,0.020221614464786892
3530,DATA13,DATA13,2021-11-18 06:17:00.000000,1321251420.0,30.496528481,114.488205957,32.0003,6.3,26,0.005162363799656123,0.0109,30.496528475,114.4882061581,0.01931762175515635
3531,DATA13,DATA13,2021-11-18 06:17:01.000000,1321251421.0,30.496528472,114.488205965,32.0006,6.1,25,0.005303772242470448,0.0113,30.496528475,114.4882061581,0.018541127215456782
3532,DATA13,DATA13,2021-11-18 06:17:02.000000,1321251422.0,30.496528467,114.488205944,32.0105,7.6,25,0.005303772242470448,0.0113,30.496528475,114.4882061581,0.020573327681153216
3533,DATA13,DATA13,2021-11-18 06:17:03.000000,1321251423.0,30.496528479,114.488205962,32.0005,6.3,25,0.005303772242470448,0.0113,30.496528475,114.4882061581,0.018831374319407505
3534,DATA13,DATA13,2021-11-18 06:17:04.000000,1321251424.0,30.496528469,114.488205946,32.006,7.0,25,0.005232590180780452,0.011,30.4965284749,114.4882061581,0.02037270115358723
3535,DATA13,DATA13,2021-11-18 06:17:05.000000,1321251425.0,30.496528475,114.488205961,32.004,5.9,26,0.005232590180780452,0.011,30.4965284749,114.4882061581,0.0189221577103572
3536,DATA13,DATA13,2021-11-18 06:17:06.000000,1321251426.0,30.496528472,114.488205933,32.0031,5.6,26,0.005232590180780452,0.011,30.4965284749,114.4882061581,0.02161262536161934
3537,DATA13,DATA13,2021-11-18 06:17:07.000000,1321251427.0,30.49652847,114.488205949,32.0068,6.8,26,0.005162363799656123,0.0109,30.4965284749,114.4882061581,0.02008153744286886
3538,DATA13,DATA13,2021-11-18 06:17:08.000000,1321251428.0,30.496528484,114.488205951,32.006,5.6,25,0.005303772242470448,0.0113,30.4965284749,114.4882061581,0.019907761514458666
3539,DATA13,DATA13,2021-11-18 06:17:09.000000,1321251429.0,30.496528467,114.488205964,32.0038,7.5,25,0.005303772242470448,0.0113,30.4965284749,114.4882061581,0.01865471650349701
3540,DATA13,DATA13,2021-11-18 06:17:10.000000,1321251430.0,30.496528483,114.488205954,32.0032,6.3,25,0.005303772242470448,0.0113,30.4965284749,114.4882061581,0.019614740935025743
3541,DATA13,DATA13,2021-11-18 06:17:11.000000,1321251431.0,30.496528475,114.488205954,32.0018,6.7,26,0.005162363799656123,0.0109,30.4965284749,114.4882061581,0.019594178166879864
3542,DATA13,DATA13,2021-11-18 06:17:12.000000,1321251432.0,30.496528465,114.488205953,32.0109,6.4,26,0.005162363799656123,0.0109,30.4965284749,114.4882061581,0.01972074133877172
3543,DATA13,DATA13,2021-11-18 06:17:13.000000,1321251433.0,30.496528479,114.488205942,32.0033,6.2,26,0.005162363799656123,0.0109,30.4965284749,114.4882061581,0.020751187462762787
3544,DATA13,DATA13,2021-11-18 06:17:14.000000,1321251434.0,30.496528486,114.488205969,32.0001,7.7,26,0.005162363799656123,0.0109,30.4965284749,114.4882061581,0.018195790793420114
3545,DATA13,DATA13,2021-11-18 06:17:15.000000,1321251435.0,30.496528467,114.488205974,32.0035,7.7,26,0.005162363799656123,0.0109,30.4965284749,114.4882061581,0.017695805966143674
3546,DATA13,DATA13,2021-11-18 06:17:16.000000,1321251436.0,30.496528477,114.488205958,32.0045,6.1,26,0.005162363799656123,0.0109,30.4965284749,114.4882061581,0.01921157536194459
3547,DATA13,DATA13,2021-11-18 06:17:17.000000,1321251437.0,30.496528477,114.488205932,32.0072,6.0,26,0.005162363799656123,0.0109,30.4965284749,114.4882061581,0.021707485684794595
3548,DATA13,DATA13,2021-11-18 06:17:18.000000,1321251438.0,30.496528468,114.488205954,32.0033,6.2,26,0.005162363799656123,0.0109,30.4965284749,114.4882061581,0.019609100807212912
3549,DATA13,DATA13,2021-11-18 06:17:19.000000,1321251439.0,30.496528458,114.488205946,32.0035,6.4,26,0.005162363799656123,0.0109,30.4965284749,114.4882061581,0.020448211209184625
3550,DATA13,DATA13,2021-11-18 06:17:20.000000,1321251440.0,30.496528472,114.488205958,32.0006,7.1,26,0.005162363799656123,0.0109,30.4965284749,114.4882061581,0.019212854755358142
3551,DATA13,DATA13,2021-11-18 06:17:21.000000,1321251441.0,30.496528464,114.488205943,32.0027,5.9,26,0.005162363799656123,0.0109,30.4965284749,114.4882061581,0.020685531357094066
3552,DATA13,DATA13,2021-11-18 06:17:22.000000,1321251442.0,30.496528465,114.488205957,32.0082,7.9,26,0.005162363799656123,0.0109,30.4965284749,114.4882061581,0.019337337903445433
3553,DATA13,DATA13,2021-11-18 06:17:23.000000,1321251443.0,30.496528464,114.488205958,32.0063,7.1,26,0.005162363799656123,0.0109,30.4965284749,114.4882061581,0.019248133034370587
3554,DATA13,DATA13,2021-11-18 06:17:24.000000,1321251444.0,30.496528463,114.488205945,32.0061,6.1,26,0.005162363799656123,0.0109,30.4965284749,114.4882061581,0.02050069142521319
3555,DATA13,DATA13,2021-11-18 06:17:25.000000,1321251445.0,30.496528463,114.488205953,32.0049,6.7,26,0.005162363799656123,0.0109,30.4965284749,114.4882061581,0.019734322643433885
3556,DATA13,DATA13,2021-11-18 06:17:26.000000,1321251446.0,30.496528457,114.488205942,32.0058,7.0,26,0.005162363799656123,0.0109,30.4965284749,114.4882061581,0.020840900525519415
3557,DATA13,DATA13,2021-11-18 06:17:27.000000,1321251447.0,30.496528463,114.488205939,32.0071,6.4,26,0.005162363799656123,0.0109,30.4965284749,114.4882061581,0.02107554855331914
3558,DATA13,DATA13,2021-11-18 06:17:28.000000,1321251448.0,30.496528465,114.488205948,32.0078,6.9,26,0.005162363799656123,0.0109,30.4965284749,114.4882061581,0.02020003041864746
3559,DATA13,DATA13,2021-11-18 06:17:29.000000,1321251449.0,30.496528458,114.488205964,32.0058,6.8,26,0.005162363799656123,0.0109,30.4965284749,114.4882061581,0.018728097341730757
3560,DATA13,DATA13,2021-11-18 06:17:30.000000,1321251450.0,30.496528464,114.488205948,32.0068,6.0,26,0.005162363799656123,0.0109,30.4965284749,114.4882061581,0.020206357127735337
3561,DATA13,DATA13,2021-11-18 06:17:31.000000,1321251451.0,30.496528463,114.488205947,32.0052,6.2,26,0.005162363799656123,0.0109,30.4965284749,114.4882061581,0.020309088792054217
3562,DATA13,DATA13,2021-11-18 06:17:32.000000,1321251452.0,30.496528465,114.488205939,32.0053,6.8,25,0.00523450093132096,0.0113,30.4965284749,114.4882061581,0.021062831420511845
3563,DATA13,DATA13,2021-11-18 06:17:33.000000,1321251453.0,30.496528456,114.488205953,32.0074,6.2,25,0.00523450093132096,0.0113,30.4965284749,114.4882061581,0.019801345431851015
3564,DATA13,DATA13,2021-11-18 06:17:34.000000,1321251454.0,30.496528458,114.488205968,32.0065,7.5,25,0.00523450093132096,0.0113,30.4965284749,114.4882061581,0.018346053357315973
3565,DATA13,DATA13,2021-11-18 06:17:35.000000,1321251455.0,30.496528472,114.488205945,32.0077,6.7,26,0.005162363799656123,0.0109,30.4965284749,114.488206158,0.02045112631324675
3566,DATA13,DATA13,2021-11-18 06:17:36.000000,1321251456.0,30.496528451,114.48820595,32.0078,7.6,26,0.005162363799656123,0.0109,30.4965284749,114.488206158,0.020143603513699995
3567,DATA13,DATA13,2021-11-18 06:17:37.000000,1321251457.0,30.496528452,114.488205933,32.0022,6.3,26,0.005162363799656123,0.0109,30.4965284749,114.488206158,0.02174930993463405
3568,DATA13,DATA13,2021-11-18 06:17:38.000000,1321251458.0,30.49652846,114.488205927,32.0056,5.7,26,0.005162363799656123,0.0109,30.4965284749,114.488206158,0.022238085619620776
3569,DATA13,DATA13,2021-11-18 06:17:39.000000,1321251459.0,30.496528457,114.488205947,32.0103,7.1,26,0.005162363799656123,0.0109,30.4965284749,114.488206158,0.020353563668816792
3570,DATA13,DATA13,2021-11-18 06:17:40.000000,1321251460.0,30.496528458,114.488205957,32.009,6.9,26,0.005162363799656123,0.0109,30.4965284749,114.488206158,0.019387307585641687
3571,DATA13,DATA13,2021-11-18 06:17:41.000000,1321251461.0,30.496528457,114.488205948,32.0079,6.5,26,0.005162363799656123,0.0109,30.4965284749,114.488206158,0.02025802028139023
3572,DATA13,DATA13,2021-11-18 06:17:42.000000,1321251462.0,30.496528447,114.488205939,32.0134,6.1,26,0.005162363799656123,0.0109,30.4965284749,114.488206158,0.02125091467957019
3573,DATA13,DATA13,2021-11-18 06:17:43.000000,1321251463.0,30.496528465,114.488205951,32.0049,6.9,26,0.005162363799656123,0.0109,30.4965284749,114.488206158,0.019902867440118637
3574,DATA13,DATA13,2021-11-18 06:17:44.000000,1321251464.0,30.49652846,114.488205948,32.0053,6.3,26,0.005162363799656123,0.0109,30.4965284749,114.488206158,0.020228149480588167
3575,DATA13,DATA13,2021-11-18 06:17:45.000000,1321251465.0,30.496528463,114.488205945,32.0097,6.4,26,0.005162363799656123,0.0109,30.4965284749,114.488206158,0.020491110860094697
3576,DATA13,DATA13,2021-11-18 06:17:46.000000,1321251466.0,30.496528471,114.488205966,32.0017,7.6,26,0.005162363799656123,0.0109,30.4965284749,114.488206158,0.0184376121895969
3577,DATA13,DATA13,2021-11-18 06:17:47.000000,1321251467.0,30.49652845,114.488205949,32.0086,7.0,26,0.005162363799656123,0.0109,30.4965284749,114.488206158,0.020253587331281277
3578,DATA13,DATA13,2021-11-18 06:17:48.000000,1321251468.0,30.496528458,114.48820595,32.0083,5.3,26,0.005162363799656123,0.0109,30.4965284749,114.488206158,0.020056287513864478
3579,DATA13,DATA13,2021-11-18 06:17:49.000000,1321251469.0,30.496528455,114.488205944,32.0052,6.2,26,0.005162363799656123,0.0109,30.4965284749,114.488206158,0.02066271378185807
3580,DATA13,DATA13,2021-11-18 06:17:50.000000,1321251470.0,30.496528449,114.488205946,32.0096,7.6,26,0.005162363799656123,0.0109,30.4965284749,114.488206158,0.02055414025811855
3581,DATA13,DATA13,2021-11-18 06:17:51.000000,1321251471.0,30.496528452,114.48820594,32.0107,6.4,26,0.005162363799656123,0.0109,30.4965284749,114.488206158,0.02108203112461636
3582,DATA13,DATA13,2021-11-18 06:17:52.000000,1321251472.0,30.496528452,114.48820596,32.0085,6.6,26,0.005162363799656123,0.0109,30.4965284749,114.488206158,0.019177340825696033
3583,DATA13,DATA13,2021-11-18 06:17:53.000000,1321251473.0,30.496528467,114.488205946,32.0057,6.4,26,0.005162363799656123,0.0109,30.4965284749,114.488206158,0.02037143330527082
3584,DATA13,DATA13,2021-11-18 06:17:54.000000,1321251474.0,30.496528456,114.488205941,32.007,6.5,26,0.005162363799656123,0.0109,30.4965284749,114.488206158,0.020937714168922303
3585,DATA13,DATA13,2021-11-18 06:17:55.000000,1321251475.0,30.496528464,114.488205943,32.0073,6.5,26,0.005162363799656123,0.0109,30.4965284749,114.488206158,0.020675947574428345
3586,DATA13,DATA13,2021-11-18 06:17:56.000000,1321251476.0,30.496528452,114.488205917,32.007,6.0,26,0.005162363799656123,0.0109,30.4965284749,114.488206158,0.02327554657294216
3587,DATA13,DATA13,2021-11-18 06:17:57.000000,1321251477.0,30.496528454,114.488205938,32.0116,6.5,26,0.005162363799656123,0.0109,30.4965284749,114.488206158,0.021247332205553495
3588,DATA13,DATA13,2021-11-18 06:17:58.000000,1321251478.0,30.496528462,114.488205947,32.008,6.1,26,0.005162363799656123,0.0109,30.4965284749,114.488206158,0.020307015383270118
3589,DATA13,DATA13,2021-11-18 06:17:59.000000,1321251479.0,30.496528456,114.488205938,32.0101,7.2,26,0.005162363799656123,0.0109,30.4965284749,114.488206158,0.02122429777048966
3590,DATA13,DATA13,2021-11-18 06:18:00.000000,1321251480.0,30.496528468,114.488205942,32.0106,5.9,26,0.005162363799656123,0.0109,30.4965284749,114.488206158,0.020750712698554722
3591,DATA13,DATA13,2021-11-18 06:18:01.000000,1321251481.0,30.496528473,114.48820594,32.006,7.1,26,0.005162363799656123,0.0109,30.4965284749,114.488206158,0.020929674232970857
3592,DATA13,DATA13,2021-11-18 06:18:02.000000,1321251482.0,30.496528449,114.488205937,32.0097,6.0,26,0.005162363799656123,0.0109,30.4965284749,114.488206158,0.0214100325901853
3593,DATA13,DATA13,2021-11-18 06:18:03.000000,1321251483.0,30.49652846,114.488205937,32.0089,6.8,26,0.005162363799656123,0.0109,30.4965284749,114.488206158,0.021280828090509865
3594,DATA13,DATA13,2021-11-18 06:18:04.000000,1321251484.0,30.496528455,114.488205944,32.007,6.3,26,0.005162363799656123,0.0109,30.4965284749,114.488206158,0.020662714172001766
3595,DATA13,DATA13,2021-11-18 06:18:05.000000,1321251485.0,30.496528449,114.488205926,32.0174,5.5,26,0.005162363799656123,0.0109,30.4965284749,114.488206158,0.022456970657518765
3596,DATA13,DATA13,2021-11-18 06:18:06.000000,1321251486.0,30.496528452,114.48820594,32.0097,5.6,26,0.005162363799656123,0.0109,30.4965284749,114.488206158,0.021082031280596197
3597,DATA13,DATA13,2021-11-18 06:18:07.000000,1321251487.0,30.496528438,114.488205951,32.0117,5.9,25,0.00523450093132096,0.0113,30.4965284749,114.488206158,0.020289260719610288
3598,DATA13,DATA13,2021-11-18 06:18:08.000000,1321251488.0,30.496528448,114.488205937,32.0101,5.9,25,0.00523450093132096,0.0113,30.4965284749,114.488206158,0.021425182138013525
3599,DATA13,DATA13,2021-11-18 06:18:09.000000,1321251489.0,30.496528459,114.488205925,32.0107,6.4,26,0.005162363799656123,0.0109,30.4965284749,114.488206158,0.022438000258200606
3600,DATA13,DATA13,2021-11-18 06:18:10.000000,1321251490.0,30.496528452,114.48820594,32.0086,6.1,26,0.005162363799656123,0.0109,30.4965284749,114.488206158,0.021082030753652625
3601,DATA13,DATA13,2021-11-18 06:18:11.000000,1321251491.0,30.496528443,114.488205923,32.0088,6.8,26,0.005162363799656123,0.0109,30.4965284749,114.488206158,0.022836159323394414
3602,DATA13,DATA13,2021-11-18 06:18:12.000000,1321251492.0,30.496528441,114.488205921,32.0136,6.2,26,0.005162363799656123,0.0109,30.4965284749,114.488206158,0.02306096157709349
3603,DATA13,DATA13,2021-11-18 06:18:13.000000,1321251493.0,30.496528457,114.488205931,32.0126,5.8,26,0.005162363799656123,0.0109,30.4965284749,114.488206158,0.021882802952796557
3604,DATA13,DATA13,2021-11-18 06:18:14.000000,1321251494.0,30.496528454,114.488205925,32.0156,5.7,26,0.005162363799656123,0.0109,30.4965284749,114.488206158,0.02248833624883664
3605,DATA13,DATA13,2021-11-18 06:18:15.000000,1321251495.0,30.496528467,114.488205929,32.011,5.9,26,0.005162363799656123,0.0109,30.4965284749,114.488206158,0.022002083194500012
3606,DATA13,DATA13,2021-11-18 06:18:16.000000,1321251496.0,30.496528444,114.48820593,32.0075,5.6,26,0.005162363799656123,0.0109,30.4965284749,114.488206158,0.02215507787420195
3607,DATA13,DATA13,2021-11-18 06:18:17.000000,1321251497.0,30.496528459,114.488205929,32.0096,6.0,26,0.005162363799656123,0.0109,30.4965284749,114.488206158,0.02205519709370681
3608,DATA13,DATA13,2021-11-18 06:18:18.000000,1321251498.0,30.496528462,114.488205921,32.0117,5.8,26,0.005162363799656123,0.0109,30.4965284749,114.488206158,0.022797567575502685
3609,DATA13,DATA13,2021-11-18 06:18:19.000000,1321251499.0,30.496528452,114.48820592,32.0089,6.8,26,0.005162363799656123,0.0109,30.4965284749,114.488206158,0.022989277502934825
3610,DATA13,DATA13,2021-11-18 06:18:20.000000,1321251500.0,30.496528449,114.488205918,32.0116,6.7,26,0.005162363799656123,0.0109,30.4965284749,114.488206158,0.02321889672031793
3611,DATA13,DATA13,2021-11-18 06:18:21.000000,1321251501.0,30.496528446,114.48820595,32.0088,6.3,26,0.005162363799656123,0.0109,30.4965284749,114.488206158,0.020223980719967435
3612,DATA13,DATA13,2021-11-18 06:18:22.000000,1321251502.0,30.496528448,114.488205931,32.0143,5.7,26,0.005162363799656123,0.0109,30.4965284749,114.488206158,0.021995737967931
3613,DATA13,DATA13,2021-11-18 06:18:23.000000,1321251503.0,30.496528455,114.488205929,32.0159,5.7,26,0.005162363799656123,0.0109,30.4965284749,114.488206158,0.022095060097427222
3614,DATA13,DATA13,2021-11-18 06:18:24.000000,1321251504.0,30.496528449,114.488205926,32.0105,6.4,26,0.005162363799656123,0.0109,30.4965284749,114.488206158,0.022456970378113974
3615,DATA13,DATA13,2021-11-18 06:18:25.000000,1321251505.0,30.496528453,114.488205935,32.0129,6.1,26,0.005162363799656123,0.0109,30.4965284749,114.488206158,0.02154585645481482
3616,DATA13,DATA13,2021-11-18 06:18:26.000000,1321251506.0,30.496528458,114.488205934,32.0133,5.3,26,0.005162363799656123,0.0109,30.4965284749,114.488206158,0.02158609124488828
3617,DATA13,DATA13,2021-11-18 06:18:27.000000,1321251507.0,30.496528443,114.488205926,32.0131,5.0,26,0.005162363799656123,0.0109,30.4965284749,114.488206158,0.0225516694930222
3618,DATA13,DATA13,2021-11-18 06:18:28.000000,1321251508.0,30.496528457,114.488205937,32.0131,7.1,26,0.005162363799656123,0.0109,30.4965284749,114.488206158,0.021309223525576952
3619,DATA13,DATA13,2021-11-18 06:18:29.000000,1321251509.0,30.496528452,114.488205934,32.0094,6.0,26,0.005162363799656123,0.0109,30.4965284749,114.488206158,0.021653965948485204
3620,DATA13,DATA13,2021-11-18 06:18:30.000000,1321251510.0,30.49652845,114.488205926,32.0172,4.9,25,0.00523450093132096,0.0113,30.4965284749,114.488206158,0.02244306505919213
3621,DATA13,DATA13,2021-11-18 06:18:31.000000,1321251511.0,30.496528459,114.488205921,32.0153,5.3,25,0.00523450093132096,0.0113,30.4965284749,114.488206158,0.022820845328079334
3622,DATA13,DATA13,2021-11-18 06:18:32.000000,1321251512.0,30.496528448,114.48820594,32.0191,5.9,26,0.005162363799656123,0.0109,30.4965284749,114.488206158,0.021140015711142254
3623,DATA13,DATA13,2021-11-18 06:18:33.000000,1321251513.0,30.496528451,114.488205939,32.0182,5.6,26,0.005162363799656123,0.0109,30.4965284749,114.488206158,0.02119091422788919
3624,DATA13,DATA13,2021-11-18 06:18:34.000000,1321251514.0,30.496528446,114.488205941,32.0111,6.7,26,0.005162363799656123,0.0109,30.4965284749,114.488206158,0.021077538450984406
3625,DATA13,DATA13,2021-11-18 06:18:35.000000,1321251515.0,30.496528434,114.488205931,32.013,5.2,26,0.005162363799656123,0.0109,30.4965284749,114.488206158,0.0222593439659058
3626,DATA13,DATA13,2021-11-18 06:18:36.000000,1321251516.0,30.496528447,114.488205928,32.01,6.0,26,0.005162363799656123,0.0109,30.4965284749,114.488206158,0.022296230025895068
3627,DATA13,DATA13,2021-11-18 06:18:37.000000,1321251517.0,30.496528456,114.488205914,32.011,5.3,26,0.005162363799656123,0.0109,30.4965284749,114.488206158,0.023518208812485637
3628,DATA13,DATA13,2021-11-18 06:18:38.000000,1321251518.0,30.496528438,114.488205934,32.0148,6.1,26,0.005162363799656123,0.0109,30.4965284749,114.488206158,0.021890263731348253
3629,DATA13,DATA13,2021-11-18 06:18:39.000000,1321251519.0,30.496528446,114.488205933,32.0149,5.8,26,0.005162363799656123,0.0109,30.4965284749,114.488206158,0.021836948111111542
3630,DATA13,DATA13,2021-11-18 06:18:40.000000,1321251520.0,30.496528441,114.488205922,32.0155,5.9,26,0.005162363799656123,0.0109,30.4965284749,114.488206158,0.022966247564981262
3631,DATA13,DATA13,2021-11-18 06:18:41.000000,1321251521.0,30.496528441,114.488205947,32.0156,6.0,26,0.005162363799656123,0.0109,30.4965284749,114.488206158,0.020602274924240317
3632,DATA13,DATA13,2021-11-18 06:18:42.000000,1321251522.0,30.496528449,114.488205907,32.0153,4.7,26,0.005162363799656123,0.0109,30.4965284749,114.488206158,0.024267174689292
3633,DATA13,DATA13,2021-11-18 06:18:43.000000,1321251523.0,30.496528456,114.488205928,32.0164,5.0,26,0.005162363799656123,0.0109,30.4965284749,114.488206158,0.022179838323115944
3634,DATA13,DATA13,2021-11-18 06:18:44.000000,1321251524.0,30.496528436,114.488205934,32.0147,6.3,26,0.005162363799656123,0.0109,30.4965284749,114.488206158,0.021932780014070362
3635,DATA13,DATA13,2021-11-18 06:18:45.000000,1321251525.0,30.496528455,114.488205946,32.0132,6.3,26,0.005162363799656123,0.0109,30.4965284749,114.488206158,0.020471817980879145
3636,DATA13,DATA13,2021-11-18 06:18:46.000000,1321251526.0,30.496528434,114.48820591,32.0147,6.0,26,0.005162363799656123,0.0109,30.4965284749,114.488206158,0.02423661224008174
3637,DATA13,DATA13,2021-11-18 06:18:47.000000,1321251527.0,30.496528445,114.488205931,32.0152,6.0,26,0.005162363799656123,0.0109,30.4965284749,114.488206158,0.022043292707250348
3638,DATA13,DATA13,2021-11-18 06:18:48.000000,1321251528.0,30.496528445,114.488205922,32.0135,5.6,26,0.005162363799656123,0.0109,30.4965284749,114.488206158,0.02289786125860669
3639,DATA13,DATA13,2021-11-18 06:18:49.000000,1321251529.0,30.496528449,114.488205938,32.0174,5.8,26,0.005162363799656123,0.0109,30.4965284749,114.488206158,0.02131490150587496
3640,DATA13,DATA13,2021-11-18 06:18:50.000000,1321251530.0,30.496528443,114.488205913,32.0168,4.6,26,0.005162363799656123,0.0109,30.4965284749,114.4882061579,0.023775575024534958
3641,DATA13,DATA13,2021-11-18 06:18:51.000000,1321251531.0,30.496528451,114.488205927,32.0121,5.6,26,0.005162363799656123,0.0109,30.4965284749,114.4882061579,0.022324839242880562
3642,DATA13,DATA13,2021-11-18 06:18:52.000000,1321251532.0,30.496528449,114.488205926,32.013,5.3,26,0.005162363799656123,0.0109,30.4965284749,114.4882061579,0.022447448215909663
3643,DATA13,DATA13,2021-11-18 06:18:53.000000,1321251533.0,30.496528451,114.488205918,32.0151,5.7,26,0.005162363799656123,0.0109,30.4965284749,114.4882061579,0.023182983109907945
3644,DATA13,DATA13,2021-11-18 06:18:54.000000,1321251534.0,30.49652845,114.488205927,32.0137,5.7,26,0.005162363799656123,0.0109,30.4965284749,114.4882061579,0.022338268012724843
3645,DATA13,DATA13,2021-11-18 06:18:55.000000,1321251535.0,30.496528434,114.488205924,32.0135,5.6,26,0.005162363799656123,0.0109,30.4965284749,114.4882061579,0.02290827080713982
3646,DATA13,DATA13,2021-11-18 06:18:56.000000,1321251536.0,30.496528447,114.488205926,32.0146,5.6,26,0.005162363799656123,0.0109,30.4965284749,114.4882061579,0.02247688523428111
3647,DATA13,DATA13,2021-11-18 06:18:57.000000,1321251537.0,30.496528442,114.488205931,32.0183,5.7,26,0.005162363799656123,0.0109,30.4965284749,114.4882061579,0.022086282386629907
3648,DATA13,DATA13,2021-11-18 06:18:58.000000,1321251538.0,30.496528457,114.488205915,32.0123,5.7,26,0.005162363799656123,0.0109,30.4965284749,114.4882061579,0.023403366512766085
3649,DATA13,DATA13,2021-11-18 06:18:59.000000,1321251539.0,30.496528436,114.488205891,32.0179,4.9,26,0.005162363799656123,0.0109,30.4965284749,114.4882061579,0.025983524913396817
3650,DATA13,DATA13,2021-11-18 06:19:00.000000,1321251540.0,30.496528467,114.48820591,32.0119,5.5,26,0.005162363799656123,0.0109,30.4965284749,114.4882061579,0.023815206428327972
3651,DATA13,DATA13,2021-11-18 06:19:01.000000,1321251541.0,30.496528443,114.488205932,32.0166,5.7,26,0.005162363799656123,0.0109,30.4965284749,114.4882061579,0.021973488752922356
3652,DATA13,DATA13,2021-11-18 06:19:02.000000,1321251542.0,30.496528443,114.488205917,32.0179,5.2,26,0.005162363799656123,0.0109,30.4965284749,114.4882061579,0.02339590631841084
3653,DATA13,DATA13,2021-11-18 06:19:03.000000,1321251543.0,30.496528445,114.488205917,32.0169,4.2,26,0.005162363799656123,0.0109,30.4965284749,114.4882061579,0.023363419504104935
3654,DATA13,DATA13,2021-11-18 06:19:04.000000,1321251544.0,30.496528453,114.488205931,32.0138,5.6,26,0.005162363799656123,0.0109,30.4965284749,114.4882061579,0.02191792165547228
3655,DATA13,DATA13,2021-11-18 06:19:05.000000,1321251545.0,30.496528461,114.488205924,32.0114,5.2,26,0.005162363799656123,0.0109,30.4965284749,114.4882061579,0.022507870416676894
3656,DATA13,DATA13,2021-11-18 06:19:06.000000,1321251546.0,30.496528454,114.488205913,32.0178,6.0,26,0.005162363799656123,0.0109,30.4965284749,114.4882061579,0.023624982422347892
3657,DATA13,DATA13,2021-11-18 06:19:07.000000,1321251547.0,30.496528439,114.4882059,32.0208,4.6,26,0.005162363799656123,0.0109,30.4965284749,114.4882061579,0.02507696424300699
3658,DATA13,DATA13,2021-11-18 06:19:08.000000,1321251548.0,30.496528441,114.488205902,32.0165,6.1,26,0.005162363799656123,0.0109,30.4965284749,114.4882061579,0.024852916237605424
3659,DATA13,DATA13,2021-11-18 06:19:09.000000,1321251549.0,30.496528451,114.488205907,32.0145,4.7,26,0.005162363799656123,0.0109,30.4965284749,114.4882061579,0.024232396490419368
3660,DATA13,DATA13,2021-11-18 06:19:10.000000,1321251550.0,30.496528436,114.488205904,32.0143,4.8,26,0.005162363799656123,0.0109,30.4965284749,114.4882061579,0.024753664592217433
3661,DATA13,DATA13,2021-11-18 06:19:11.000000,1321251551.0,30.496528456,114.488205919,32.0106,5.8,26,0.005162363799656123,0.0109,30.4965284749,114.4882061579,0.023030583379961406
3662,DATA13,DATA13,2021-11-18 06:19:12.000000,1321251552.0,30.49652844,114.4882059,32.0167,3.6,26,0.005162363799656123,0.0109,30.4965284749,114.4882061579,0.025059608466121347
3663,DATA13,DATA13,2021-11-18 06:19:13.000000,1321251553.0,30.496528453,114.48820592,32.0168,5.8,26,0.005162363799656123,0.0109,30.4965284749,114.4882061579,0.022967751927906715
3664,DATA13,DATA13,2021-11-18 06:19:14.000000,1321251554.0,30.496528442,114.488205923,32.0157,4.7,26,0.005162363799656123,0.0109,30.4965284749,114.4882061579,0.02284411205812865
3665,DATA13,DATA13,2021-11-18 06:19:15.000000,1321251555.0,30.496528449,114.488205914,32.0088,5.3,26,0.005162363799656123,0.0109,30.4965284749,114.4882061579,0.023590477792143717
3666,DATA13,DATA13,2021-11-18 06:19:16.000000,1321251556.0,30.496528452,114.48820589,32.0135,5.1,26,0.005162363799656123,0.0109,30.4965284749,114.4882061579,0.0258441483677957
3667,DATA13,DATA13,2021-11-18 06:19:17.000000,1321251557.0,30.49652846,114.488205911,32.0138,4.4,26,0.005162363799656123,0.0109,30.4965284749,114.4882061579,0.02376058251879552
3668,DATA13,DATA13,2021-11-18 06:19:18.000000,1321251558.0,30.49652844,114.488205898,32.0213,4.4,26,0.005162363799656123,0.0109,30.4965284749,114.4882061579,0.025249328923857558
3669,DATA13,DATA13,2021-11-18 06:19:19.000000,1321251559.0,30.496528448,114.488205889,32.0178,5.2,26,0.005162363799656123,0.0109,30.4965284749,114.4882061579,0.025986836698344326
3670,DATA13,DATA13,2021-11-18 06:19:20.000000,1321251560.0,30.496528443,114.488205886,32.0146,4.8,26,0.005162363799656123,0.0109,30.4965284749,114.4882061579,0.026341637598584187
3671,DATA13,DATA13,2021-11-18 06:19:21.000000,1321251561.0,30.496528443,114.488205926,32.0108,4.4,26,0.005162363799656123,0.0109,30.4965284749,114.4882061579,0.022542186995194988
3672,DATA13,DATA13,2021-11-18 06:19:22.000000,1321251562.0,30.496528437,114.488205911,32.0158,5.0,26,0.005162363799656123,0.0109,30.4965284748,114.4882061578,0.024061224904506462
3673,DATA13,DATA13,2021-11-18 06:19:23.000000,1321251563.0,30.496528458,114.488205908,32.0104,4.7,26,0.005162363799656123,0.0109,30.4965284748,114.4882061578,0.024053717855945095
3674,DATA13,DATA13,2021-11-18 06:19:24.000000,1321251564.0,30.496528435,114.488205916,32.013,4.7,26,0.005162363799656123,0.0109,30.4965284748,114.4882061578,0.023629092424735904
3675,DATA13,DATA13,2021-11-18 06:19:25.000000,1321251565.0,30.496528445,114.488205903,32.0142,5.5,26,0.005162363799656123,0.0109,30.4965284749,114.4882061578,0.02468508572719383
3676,DATA13,DATA13,2021-11-18 06:19:26.000000,1321251566.0,30.496528447,114.488205913,32.0126,4.0,26,0.005162363799656123,0.0109,30.4965284749,114.4882061578,0.02370415207411383
3677,DATA13,DATA13,2021-11-18 06:19:27.000000,1321251567.0,30.496528442,114.488205921,32.0098,4.7,26,0.005162363799656123,0.0109,30.4965284749,114.4882061578,0.023024195366217
3678,DATA13,DATA13,2021-11-18 06:19:28.000000,1321251568.0,30.496528433,114.488205887,32.0159,5.0,26,0.005162363799656123,0.0109,30.4965284749,114.4882061578,0.026409281485845686
3679,DATA13,DATA13,2021-11-18 06:19:29.000000,1321251569.0,30.49652846,114.488205906,32.0136,3.6,26,0.005162363799656123,0.0109,30.4965284749,114.4882061578,0.024229878987928787
3680,DATA13,DATA13,2021-11-18 06:19:30.000000,1321251570.0,30.496528437,114.488205913,32.0152,4.7,26,0.005162363799656123,0.0109,30.4965284749,114.4882061578,0.02387412459025601
3681,DATA13,DATA13,2021-11-18 06:19:31.000000,1321251571.0,30.496528444,114.488205915,32.009,4.8,26,0.005162363799656123,0.0109,30.4965284748,114.4882061578,0.02355824832326064
3682,DATA13,DATA13,2021-11-18 06:19:32.000000,1321251572.0,30.496528442,114.488205916,32.0131,4.7,26,0.005162363799656123,0.0109,30.4965284748,114.4882061578,0.023496554742267126
3683,DATA13,DATA13,2021-11-18 06:19:33.000000,1321251573.0,30.496528441,114.488205907,32.016,4.6,26,0.005162363799656123,0.0109,30.4965284748,114.4882061578,0.024367339695855163
3684,DATA13,DATA13,2021-11-18 06:19:34.000000,1321251574.0,30.496528451,114.488205923,32.0182,4.9,26,0.005162363799656123,0.0109,30.4965284748,114.4882061578,0.02269535543506864
3685,DATA13,DATA13,2021-11-18 06:19:35.000000,1321251575.0,30.496528455,114.488205901,32.0115,4.5,26,0.005162363799656123,0.0109,30.4965284748,114.4882061578,0.024751049908652515
3686,DATA13,DATA13,2021-11-18 06:19:36.000000,1321251576.0,30.496528453,114.488205902,32.0138,4.1,26,0.005162363799656123,0.0109,30.4965284748,114.4882061578,0.024676154575695337
3687,DATA13,DATA13,2021-11-18 06:19:37.000000,1321251577.0,30.496528458,114.488205913,32.0133,4.5,26,0.005162363799656123,0.0109,30.4965284748,114.4882061578,0.02357517274647785
3688,DATA13,DATA13,2021-11-18 06:19:38.000000,1321251578.0,30.496528446,114.488205903,32.0125,4.2,26,0.005162363799656123,0.0109,30.4965284748,114.4882061578,0.0246690066426596
3689,DATA13,DATA13,2021-11-18 06:19:39.000000,1321251579.0,30.496528441,114.488205898,32.0116,5.8,26,0.005162363799656123,0.0109,30.4965284748,114.4882061578,0.025221437029611615
3690,DATA13,DATA13,2021-11-18 06:19:40.000000,1321251580.0,30.49652844,114.488205894,32.0145,4.1,26,0.005162363799656123,0.0109,30.4965284748,114.4882061578,0.025617709825957458
3691,DATA13,DATA13,2021-11-18 06:19:41.000000,1321251581.0,30.496528439,114.488205889,32.0178,4.6,26,0.005162363799656123,0.0109,30.4965284748,114.4882061578,0.026108972706473544
3692,DATA13,DATA13,2021-11-18 06:19:42.000000,1321251582.0,30.496528442,114.488205912,32.0142,3.9,26,0.005162363799656123,0.0109,30.4965284748,114.4882061578,0.023876012475829055
3693,DATA13,DATA13,2021-11-18 06:19:43.000000,1321251583.0,30.496528435,114.488205913,32.0213,4.1,26,0.005162363799656123,0.0109,30.4965284748,114.4882061578,0.02391209412427022
3694,DATA13,DATA13,2021-11-18 06:19:44.000000,1321251584.0,30.496528432,114.488205908,32.0176,4.5,26,0.005162363799656123,0.0109,30.4965284748,114.4882061578,0.024446396819895213
3695,DATA13,DATA13,2021-11-18 06:19:45.000000,1321251585.0,30.49652845,114.488205919,32.0138,4.9,26,0.005162363799656123,0.0109,30.4965284748,114.4882061578,0.02308974472291443
3696,DATA13,DATA13,2021-11-18 06:19:46.000000,1321251586.0,30.496528429,114.488205907,32.0185,4.4,26,0.005162363799656123,0.0109,30.4965284748,114.4882061578,0.024607049359918365
3697,DATA13,DATA13,2021-11-18 06:19:47.000000,1321251587.0,30.496528449,114.488205925,32.0213,4.5,26,0.005162363799656123,0.0109,30.4965284748,114.4882061578,0.022531733234317477
3698,DATA13,DATA13,2021-11-18 06:19:48.000000,1321251588.0,30.496528448,114.488205922,32.0144,4.4,26,0.005162363799656123,0.0109,30.4965284748,114.4882061578,0.02283160347319384
3699,DATA13,DATA13,2021-11-18 06:19:49.000000,1321251589.0,30.496528442,114.488205916,32.0151,4.7,26,0.005162363799656123,0.0109,30.4965284748,114.4882061578,0.023496554874429088
3700,DATA13,DATA13,2021-11-18 06:19:50.000000,1321251590.0,30.496528446,114.488205907,32.017,5.9,26,0.005162363799656123,0.0109,30.4965284748,114.4882061578,0.024288276388445797
3701,DATA13,DATA13,2021-11-18 06:19:51.000000,1321251591.0,30.496528446,114.488205893,32.0163,5.6,26,0.005162363799656123,0.0109,30.4965284748,114.4882061578,0.02562126069254201
3702,DATA13,DATA13,2021-11-18 06:19:52.000000,1321251592.0,30.49652844,114.488205907,32.0161,3.8,26,0.005162363799656123,0.0109,30.4965284748,114.4882061578,0.024384633295185795
3703,DATA13,DATA13,2021-11-18 06:19:53.000000,1321251593.0,30.496528448,114.488205916,32.0144,4.9,26,0.005162363799656123,0.0109,30.4965284748,114.4882061578,0.02340284376020974
3704,DATA13,DATA13,2021-11-18 06:19:54.000000,1321251594.0,30.496528425,114.488205906,32.0152,4.6,26,0.005162363799656123,0.0109,30.4965284748,114.4882061578,0.02479594351707696
3705,DATA13,DATA13,2021-11-18 06:19:55.000000,1321251595.0,30.496528426,114.488205884,32.0176,4.8,26,0.005162363799656123,0.0109,30.4965284748,114.4882061578,0.026836537326356723
3706,DATA13,DATA13,2021-11-18 06:19:56.000000,1321251596.0,30.496528432,114.488205904,32.0141,4.0,26,0.005162363799656123,0.0109,30.4965284748,114.4882061578,0.024823216432183815
3707,DATA13,DATA13,2021-11-18 06:19:57.000000,1321251597.0,30.496528434,114.488205902,32.0221,4.3,26,0.005162363799656123,0.0109,30.4965284748,114.4882061578,0.02497059582629676
3708,DATA13,DATA13,2021-11-18 06:19:58.000000,1321251598.0,30.496528431,114.488205902,32.0155,3.7,26,0.005162363799656123,0.0109,30.4965284748,114.4882061578,0.025032976382301775
3709,DATA13,DATA13,2021-11-18 06:19:59.000000,1321251599.0,30.496528436,114.488205917,32.0166,4.4,26,0.005162363799656123,0.0109,30.4965284748,114.4882061578,0.023514251919072034
3710,DATA13,DATA13,2021-11-18 06:20:00.000000,1321251600.0,30.496528437,114.488205898,32.0163,3.7,26,0.005162363799656123,0.0109,30.4965284748,114.4882061578,0.025291121340408187
3711,DATA13,DATA13,2021-11-18 06:20:01.000000,1321251601.0,30.496528422,114.488205906,32.0213,4.2,26,0.005162363799656123,0.0109,30.4965284748,114.4882061578,0.02487210792069758
3712,DATA13,DATA13,2021-11-18 06:20:02.000000,1321251602.0,30.496528415,114.488205912,32.0197,5.1,26,0.005162363799656123,0.0109,30.4965284748,114.4882061578,0.02451106061970349
3713,DATA13,DATA13,2021-11-18 06:20:03.000000,1321251603.0,30.496528417,114.488205908,32.0225,4.2,26,0.005162363799656123,0.0109,30.4965284748,114.4882061578,0.02482281856798379
3714,DATA13,DATA13,2021-11-18 06:20:04.000000,1321251604.0,30.496528431,114.488205885,32.022,4.7,26,0.005162363799656123,0.0109,30.4965284748,114.4882061578,0.026635907643487194
3715,DATA13,DATA13,2021-11-18 06:20:05.000000,1321251605.0,30.496528427,114.488205888,32.0177,3.9,26,0.005162363799656123,0.0109,30.4965284748,114.4882061578,0.026438080183313197
3716,DATA13,DATA13,2021-11-18 06:20:06.000000,1321251606.0,30.496528431,114.488205923,32.015,4.3,26,0.005162363799656123,0.0109,30.4965284748,114.4882061578,0.023058525784232165
3717,DATA13,DATA13,2021-11-18 06:20:07.000000,1321251607.0,30.496528433,114.488205902,32.0208,4.3,26,0.005162363799656123,0.0109,30.4965284748,114.4882061578,0.024990914610781657
3718,DATA13,DATA13,2021-11-18 06:20:08.000000,1321251608.0,30.496528425,114.48820591,32.0219,4.0,26,0.005162363799656123,0.0109,30.4965284748,114.4882061577,0.024412372323915386
3719,DATA13,DATA13,2021-11-18 06:20:09.000000,1321251609.0,30.496528434,114.488205932,32.0189,4.3,26,0.005162363799656123,0.0109,30.4965284748,114.4882061577,0.022134905078505483
3720,DATA13,DATA13,2021-11-18 06:20:10.000000,1321251610.0,30.496528427,114.488205895,32.0205,5.0,26,0.005162363799656123,0.0109,30.4965284748,114.4882061577,0.02577065628905759
3721,DATA13,DATA13,2021-11-18 06:20:11.000000,1321251611.0,30.49652844,114.488205894,32.0146,4.6,26,0.005162363799656123,0.0109,30.4965284748,114.4882061577,0.025608220883419765
3722,DATA13,DATA13,2021-11-18 06:20:12.000000,1321251612.0,30.496528426,114.488205916,32.0174,5.2,26,0.005162363799656123,0.0109,30.4965284748,114.4882061577,0.023826218360560758
3723,DATA13,DATA13,2021-11-18 06:20:13.000000,1321251613.0,30.496528415,114.488205916,32.0208,4.8,26,0.005162363799656123,0.0109,30.4965284748,114.4882061577,0.02413235642710637
3724,DATA13,DATA13,2021-11-18 06:20:14.000000,1321251614.0,30.496528432,114.488205891,32.0181,4.3,26,0.005162363799656123,0.0109,30.4965284748,114.4882061577,0.026039895114673826
3725,DATA13,DATA13,2021-11-18 06:20:16.000000,1321251616.0,30.496528423,114.488205888,32.0205,4.4,26,0.005162363799656123,0.0109,30.4965284748,114.4882061577,0.026521149866117553
3726,DATA13,DATA13,2021-11-18 06:20:17.000000,1321251617.0,30.496528422,114.488205895,32.02,5.2,25,0.0053075418038862395,0.0113,30.4965284748,114.4882061578,0.025899671104741714
3727,DATA13,DATA13,2021-11-18 06:20:18.000000,1321251618.0,30.496528423,114.488205895,32.0203,4.5,25,0.0053075418038862395,0.0113,30.4965284748,114.4882061577,0.025865482161546438
3728,DATA13,DATA13,2021-11-18 06:20:19.000000,1321251619.0,30.496528424,114.488205909,32.0202,5.1,25,0.0053075418038862395,0.0113,30.4965284748,114.4882061577,0.024531111576655672
3729,DATA13,DATA13,2021-11-18 06:20:20.000000,1321251620.0,30.496528427,114.488205906,32.0195,5.0,26,0.005162363799656123,0.0109,30.4965284748,114.4882061577,0.02473814416005764
3730,DATA13,DATA13,2021-11-18 06:20:21.000000,1321251621.0,30.496528427,114.488205898,32.0177,4.9,26,0.005162363799656123,0.0109,30.4965284748,114.4882061577,0.025488870882839593
3731,DATA13,DATA13,2021-11-18 06:20:22.000000,1321251622.0,30.496528426,114.488205896,32.019,4.7,26,0.005162363799656123,0.0109,30.4965284748,114.4882061577,0.025699821831881936
3732,DATA13,DATA13,2021-11-18 06:20:23.000000,1321251623.0,30.496528422,114.488205899,32.0196,5.4,26,0.005162363799656123,0.0109,30.4965284748,114.4882061577,0.025516401444648736
3733,DATA13,DATA13,2021-11-18 06:20:24.000000,1321251624.0,30.496528442,114.488205887,32.0161,4.2,26,0.005162363799656123,0.0109,30.4965284748,114.4882061577,0.026241124428870607
3734,DATA13,DATA13,2021-11-18 06:20:25.000000,1321251625.0,30.496528424,114.488205906,32.0172,4.9,26,0.005162363799656123,0.0109,30.4965284748,114.4882061577,0.02481151393907488
3735,DATA13,DATA13,2021-11-18 06:20:26.000000,1321251626.0,30.496528439,114.488205917,32.0167,5.3,25,0.0053075418038862395,0.0113,30.4965284748,114.4882061577,0.023446231697417115
3736,DATA13,DATA13,2021-11-18 06:20:27.000000,1321251627.0,30.496528434,114.488205914,32.02,4.9,25,0.0053075418038862395,0.0113,30.4965284748,114.4882061577,0.023829108225067626
3737,DATA13,DATA13,2021-11-18 06:20:28.000000,1321251628.0,30.496528422,114.488205904,32.0172,4.0,26,0.005162363799656123,0.0109,30.4965284748,114.4882061577,0.025049428980547996
3738,DATA13,DATA13,2021-11-18 06:20:29.000000,1321251629.0,30.496528432,114.48820591,32.0186,5.3,26,0.005162363799656123,0.0109,30.4965284748,114.4882061577,0.024248656917131264
3739,DATA13,DATA13,2021-11-18 06:20:30.000000,1321251630.0,30.496528428,114.488205889,32.0203,5.3,26,0.005162363799656123,0.0109,30.4965284748,114.4882061577,0.026312546197253137
3740,DATA13,DATA13,2021-11-18 06:20:31.000000,1321251631.0,30.496528424,114.488205906,32.0207,5.5,26,0.005162363799656123,0.0109,30.4965284748,114.4882061577,0.024811514293159576
3741,DATA13,DATA13,2021-11-18 06:20:32.000000,1321251632.0,30.496528424,114.488205904,32.0185,5.5,26,0.005162363799656123,0.0109,30.4965284748,114.4882061577,0.024998546985752903
3742,DATA13,DATA13,2021-11-18 06:20:33.000000,1321251633.0,30.49652844,114.488205874,32.0158,4.7,26,0.005162363799656123,0.0109,30.4965284748,114.4882061577,0.02750788380757806
3743,DATA13,DATA13,2021-11-18 06:20:34.000000,1321251634.0,30.496528423,114.488205904,32.0179,4.6,26,0.005162363799656123,0.0109,30.4965284748,114.4882061577,0.025023755336194428
3744,DATA13,DATA13,2021-11-18 06:20:35.000000,1321251635.0,30.496528433,114.488205912,32.0106,5.8,26,0.005162363799656123,0.0109,30.4965284748,114.4882061577,0.024038776025074045
3745,DATA13,DATA13,2021-11-18 06:20:36.000000,1321251636.0,30.496528433,114.488205894,32.0164,4.9,26,0.005162363799656123,0.0109,30.4965284748,114.4882061577,0.025736569607902163
3746,DATA13,DATA13,2021-11-18 06:20:37.000000,1321251637.0,30.496528433,114.488205897,32.0148,5.3,26,0.005162363799656123,0.0109,30.4965284748,114.4882061577,0.02545332221686232
3747,DATA13,DATA13,2021-11-18 06:20:38.000000,1321251638.0,30.496528418,114.488205879,32.0217,4.4,26,0.005162363799656123,0.0109,30.4965284748,114.4882061577,0.027486980858644757
3748,DATA13,DATA13,2021-11-18 06:20:39.000000,1321251639.0,30.496528416,114.488205886,32.0191,5.6,26,0.005162363799656123,0.0109,30.4965284748,114.4882061577,0.02688616933701624
3749,DATA13,DATA13,2021-11-18 06:20:40.000000,1321251640.0,30.496528421,114.488205915,32.022,5.2,26,0.005162363799656123,0.0109,30.4965284748,114.4882061577,0.0240511543464226
3750,DATA13,DATA13,2021-11-18 06:20:41.000000,1321251641.0,30.496528432,114.488205909,32.0139,4.7,26,0.005162363799656123,0.0109,30.4965284748,114.4882061577,0.02434281171859335
3751,DATA13,DATA13,2021-11-18 06:20:42.000000,1321251642.0,30.49652844,114.488205887,32.0172,5.1,26,0.005162363799656123,0.0109,30.4965284748,114.4882061577,0.026272766359038472
3752,DATA13,DATA13,2021-11-18 06:20:43.000000,1321251643.0,30.496528426,114.488205892,32.0176,5.2,26,0.005162363799656123,0.0109,30.4965284748,114.4882061577,0.026075353016182096
3753,DATA13,DATA13,2021-11-18 06:20:44.000000,1321251644.0,30.496528423,114.488205884,32.0139,5.7,26,0.005162363799656123,0.0109,30.4965284748,114.4882061577,0.026896178774512114
3754,DATA13,DATA13,2021-11-18 06:20:45.000000,1321251645.0,30.496528431,114.48820589,32.0186,5.4,26,0.005162363799656123,0.0109,30.4965284748,114.4882061577,0.026154651616988992
3755,DATA13,DATA13,2021-11-18 06:20:46.000000,1321251646.0,30.496528421,114.488205912,32.0172,5.6,26,0.005162363799656123,0.0109,30.4965284748,114.4882061577,0.024330271679785038
3756,DATA13,DATA13,2021-11-18 06:20:47.000000,1321251647.0,30.496528424,114.488205902,32.0133,5.1,26,0.005162363799656123,0.0109,30.4965284748,114.4882061577,0.025185653856301986
3757,DATA13,DATA13,2021-11-18 06:20:48.000000,1321251648.0,30.496528435,114.488205898,32.0075,6.3,26,0.005162363799656123,0.0109,30.4965284748,114.4882061577,0.025319350857290746
3758,DATA13,DATA13,2021-11-18 06:20:49.000000,1321251649.0,30.49652843,114.488205896,32.0162,5.6,26,0.005162363799656123,0.0109,30.4965284748,114.4882061577,0.02561014196708855
3759,DATA13,DATA13,2021-11-18 06:20:50.000000,1321251650.0,30.496528439,114.488205903,32.0115,5.4,26,0.005162363799656123,0.0109,30.4965284748,114.4882061577,0.0247719200549077
3760,DATA13,DATA13,2021-11-18 06:20:51.000000,1321251651.0,30.496528427,114.488205893,32.0114,5.9,26,0.005162363799656123,0.0109,30.4965284748,114.4882061577,0.025958588328120154
3761,DATA13,DATA13,2021-11-18 06:20:52.000000,1321251652.0,30.496528439,114.488205893,32.0121,4.3,26,0.005162363799656123,0.0109,30.4965284748,114.4882061577,0.02572000622701836
3762,DATA13,DATA13,2021-11-18 06:20:53.000000,1321251653.0,30.496528434,114.488205915,32.0142,4.6,26,0.005162363799656123,0.0109,30.4965284748,114.4882061577,0.023734858180825644
3763,DATA13,DATA13,2021-11-18 06:20:54.000000,1321251654.0,30.496528434,114.488205917,32.0147,4.4,26,0.005162363799656123,0.0109,30.4965284748,114.4882061577,0.023546399839834305
3764,DATA13,DATA13,2021-11-18 06:20:55.000000,1321251655.0,30.496528441,114.488205902,32.0141,4.4,26,0.005162363799656123,0.0109,30.4965284748,114.4882061577,0.024832263932502496
3765,DATA13,DATA13,2021-11-18 06:20:56.000000,1321251656.0,30.496528435,114.488205906,32.0145,4.4,26,0.005162363799656123,0.0109,30.4965284748,114.4882061577,0.024563443930891306
3766,DATA13,DATA13,2021-11-18 06:20:57.000000,1321251657.0,30.496528439,114.488205903,32.0115,5.7,26,0.005162363799656123,0.0109,30.4965284748,114.4882061577,0.0247719200549077
3767,DATA13,DATA13,2021-11-18 06:20:58.000000,1321251658.0,30.496528443,114.488205916,32.0122,5.6,26,0.005162363799656123,0.0109,30.4965284748,114.4882061577,0.02347016357024774
3768,DATA13,DATA13,2021-11-18 06:20:59.000000,1321251659.0,30.496528419,114.488205911,32.0093,5.7,26,0.005162363799656123,0.0109,30.4965284748,114.4882061577,0.024478447363156176
3769,DATA13,DATA13,2021-11-18 06:21:00.000000,1321251660.0,30.496528435,114.488205903,32.0118,5.3,26,0.005162363799656123,0.0109,30.4965284748,114.4882061577,0.024846822774121032
3770,DATA13,DATA13,2021-11-18 06:21:01.000000,1321251661.0,30.496528439,114.488205893,32.0105,5.4,26,0.005162363799656123,0.0109,30.4965284748,114.4882061577,0.025720005963494854
3771,DATA13,DATA13,2021-11-18 06:21:02.000000,1321251662.0,30.496528428,114.488205892,32.0143,5.4,26,0.005162363799656123,0.0109,30.4965284748,114.4882061577,0.02603025410927727
3772,DATA13,DATA13,2021-11-18 06:21:03.000000,1321251663.0,30.496528437,114.4882059,32.0154,5.9,26,0.005162363799656123,0.0109,30.4965284748,114.4882061577,0.025092325870680936
3773,DATA13,DATA13,2021-11-18 06:21:04.000000,1321251664.0,30.496528428,114.488205913,32.0085,5.7,26,0.005162363799656123,0.0109,30.4965284748,114.4882061577,0.02405800291977085
3774,DATA13,DATA13,2021-11-18 06:21:05.000000,1321251665.0,30.496528439,114.488205897,32.0097,5.8,26,0.005162363799656123,0.0109,30.4965284748,114.4882061577,0.0253406645253827
3775,DATA13,DATA13,2021-11-18 06:21:06.000000,1321251666.0,30.496528434,114.488205912,32.0133,6.6,26,0.005162363799656123,0.0109,30.4965284748,114.4882061577,0.024017651434270613
3776,DATA13,DATA13,2021-11-18 06:21:07.000000,1321251667.0,30.49652844,114.488205895,32.0155,4.1,26,0.005162363799656123,0.0109,30.4965284748,114.4882061577,0.025513319274515743
3777,DATA13,DATA13,2021-11-18 06:21:08.000000,1321251668.0,30.496528437,114.488205909,32.0099,5.0,26,0.005162363799656123,0.0109,30.4965284748,114.4882061577,0.02424086449997277
3778,DATA13,DATA13,2021-11-18 06:21:09.000000,1321251669.0,30.496528445,114.488205894,32.0061,4.6,26,0.005162363799656123,0.0109,30.4965284748,114.4882061577,0.02553059390956824
3779,DATA13,DATA13,2021-11-18 06:21:10.000000,1321251670.0,30.496528441,114.488205897,32.0117,5.3,26,0.005162363799656123,0.0109,30.4965284748,114.4882061577,0.025306885977452603
3780,DATA13,DATA13,2021-11-18 06:21:11.000000,1321251671.0,30.496528449,114.488205888,32.0081,5.0,26,0.005162363799656123,0.0109,30.4965284748,114.4882061577,0.0260494637519772
3781,DATA13,DATA13,2021-11-18 06:21:12.000000,1321251672.0,30.496528455,114.488205903,32.0128,5.5,26,0.005162363799656123,0.0109,30.4965284748,114.4882061577,0.024550247130147248
3782,DATA13,DATA13,2021-11-18 06:21:13.000000,1321251673.0,30.496528448,114.488205931,32.0071,5.3,25,0.0053075418038862395,0.0113,30.4965284748,114.4882061577,0.021965702509470282
3783,DATA13,DATA13,2021-11-18 06:21:14.000000,1321251674.0,30.496528459,114.488205907,32.0029,4.4,25,0.0053075418038862395,0.0113,30.4965284748,114.4882061577,0.02413156371057328
3784,DATA13,DATA13,2021-11-18 06:21:15.000000,1321251675.0,30.496528435,114.488205918,32.0063,5.2,26,0.005162363799656123,0.0109,30.4965284748,114.4882061577,0.02343106296268945
3785,DATA13,DATA13,2021-11-18 06:21:16.000000,1321251676.0,30.496528438,114.488205923,32.0073,5.3,26,0.005162363799656123,0.0109,30.4965284748,114.4882061576,0.022888779204973064
3786,DATA13,DATA13,2021-11-18 06:21:17.000000,1321251677.0,30.496528438,114.488205917,32.0044,5.4,26,0.005162363799656123,0.0109,30.4965284748,114.4882061576,0.023455797445520715
3787,DATA13,DATA13,2021-11-18 06:21:18.000000,1321251678.0,30.496528446,114.488205919,32.0071,6.3,26,0.005162363799656123,0.0109,30.4965284748,114.4882061576,0.02312771861793504
3788,DATA13,DATA13,2021-11-18 06:21:19.000000,1321251679.0,30.496528449,114.488205923,32.0037,5.9,26,0.005162363799656123,0.0109,30.4965284748,114.4882061576,0.02270315304592617
3789,DATA13,DATA13,2021-11-18 06:21:20.000000,1321251680.0,30.496528447,114.488205923,32.0101,5.2,25,0.0053075418038862395,0.0113,30.4965284748,114.4882061576,0.022732150308457485
3790,DATA13,DATA13,2021-11-18 06:21:21.000000,1321251681.0,30.496528446,114.488205919,32.0076,4.4,25,0.0053075418038862395,0.0113,30.4965284748,114.4882061576,0.0231277187049085
3791,DATA13,DATA13,2021-11-18 06:21:22.000000,1321251682.0,30.496528449,114.488205906,32.0084,6.2,26,0.005162363799656123,0.0109,30.4965284748,114.4882061576,0.024323064666469957
3792,DATA13,DATA13,2021-11-18 06:21:23.000000,1321251683.0,30.496528447,114.488205903,32.0115,5.0,26,0.005162363799656123,0.0109,30.4965284748,114.4882061576,0.02463585406782165
3793,DATA13,DATA13,2021-11-18 06:21:24.000000,1321251684.0,30.496528452,114.488205901,32.0107,4.6,26,0.005162363799656123,0.0109,30.4965284748,114.4882061576,0.024763659639197858
3794,DATA13,DATA13,2021-11-18 06:21:25.000000,1321251685.0,30.49652845,114.488205909,32.0082,5.4,26,0.005162363799656123,0.0109,30.4965284748,114.4882061576,0.024024140255050903
3795,DATA13,DATA13,2021-11-18 06:21:26.000000,1321251686.0,30.496528447,114.488205923,32.0107,5.7,26,0.005162363799656123,0.0109,30.4965284748,114.4882061576,0.02273215067117194
3796,DATA13,DATA13,2021-11-18 06:21:27.000000,1321251687.0,30.496528445,114.488205915,32.0076,5.3,26,0.005162363799656123,0.0109,30.4965284748,114.4882061576,0.02352342579094589
3797,DATA13,DATA13,2021-11-18 06:21:28.000000,1321251688.0,30.496528454,114.488205903,32.0081,4.7,26,0.005162363799656123,0.0109,30.4965284748,114.4882061576,0.024550848528724918
3798,DATA13,DATA13,2021-11-18 06:21:29.000000,1321251689.0,30.496528437,114.488205901,32.0058,5.5,26,0.005162363799656123,0.0109,30.4965284748,114.4882061576,0.024988211165155778
3799,DATA13,DATA13,2021-11-18 06:21:30.000000,1321251690.0,30.496528459,114.488205909,32.0099,5.3,26,0.005162363799656123,0.0109,30.4965284748,114.4882061576,0.023930491995633227
3800,DATA13,DATA13,2021-11-18 06:21:31.000000,1321251691.0,30.496528447,114.488205929,32.0067,5.4,26,0.005162363799656123,0.0109,30.4965284748,114.4882061576,0.02216158913808548
3801,DATA13,DATA13,2021-11-18 06:21:32.000000,1321251692.0,30.496528447,114.488205893,32.0058,5.0,26,0.005162363799656123,0.0109,30.4965284748,114.4882061576,0.025588621935059928
3802,DATA13,DATA13,2021-11-18 06:21:33.000000,1321251693.0,30.496528454,114.488205918,32.0092,4.9,26,0.005162363799656123,0.0109,30.4965284748,114.4882061576,0.02311756680428726
3803,DATA13,DATA13,2021-11-18 06:21:34.000000,1321251694.0,30.496528446,114.488205924,32.0073,6.8,26,0.005162363799656123,0.0109,30.4965284748,114.4882061576,0.022652396613080366
3804,DATA13,DATA13,2021-11-18 06:21:35.000000,1321251695.0,30.496528452,114.48820592,32.0103,5.3,26,0.005162363799656123,0.0109,30.4965284748,114.4882061576,0.022949888335147845
3805,DATA13,DATA13,2021-11-18 06:21:36.000000,1321251696.0,30.496528449,114.488205943,32.0095,5.5,26,0.005162363799656123,0.0109,30.4965284748,114.4882061576,0.02079980137945497
3806,DATA13,DATA13,2021-11-18 06:21:37.000000,1321251697.0,30.496528454,114.48820591,32.0099,5.2,26,0.005162363799656123,0.0109,30.4965284748,114.4882061576,0.023881881845429397
3807,DATA13,DATA13,2021-11-18 06:21:38.000000,1321251698.0,30.496528434,114.488205915,32.0098,5.3,26,0.005162363799656123,0.0109,30.4965284748,114.4882061576,0.023725432859667075
3808,DATA13,DATA13,2021-11-18 06:21:39.000000,1321251699.0,30.496528447,114.488205904,32.0103,5.2,26,0.005162363799656123,0.0109,30.4965284748,114.4882061576,0.024540607699927882
3809,DATA13,DATA13,2021-11-18 06:21:40.000000,1321251700.0,30.496528462,114.488205926,32.0071,5.4,26,0.005162363799656123,0.0109,30.4965284748,114.4882061576,0.0222794889352943
3810,DATA13,DATA13,2021-11-18 06:21:41.000000,1321251701.0,30.496528436,114.4882059,32.0146,5.7,26,0.005162363799656123,0.0109,30.4965284748,114.4882061576,0.025101619092267373
3811,DATA13,DATA13,2021-11-18 06:21:42.000000,1321251702.0,30.496528444,114.488205904,32.009,5.0,26,0.005162363799656123,0.0109,30.4965284748,114.4882061576,0.024584590037088693
3812,DATA13,DATA13,2021-11-18 06:21:43.000000,1321251703.0,30.496528452,114.488205914,32.0076,5.2,26,0.005162363799656123,0.0109,30.4965284748,114.4882061576,0.02352248578514034
3813,DATA13,DATA13,2021-11-18 06:21:44.000000,1321251704.0,30.496528443,114.488205908,32.0078,5.9,26,0.005162363799656123,0.0109,30.4965284748,114.4882061576,0.024220247749239025
3814,DATA13,DATA13,2021-11-18 06:21:45.000000,1321251705.0,30.496528455,114.488205905,32.006,6.4,26,0.005162363799656123,0.0109,30.4965284748,114.4882061576,0.02434945311765103
3815,DATA13,DATA13,2021-11-18 06:21:46.000000,1321251706.0,30.496528454,114.488205917,32.0027,6.0,26,0.005162363799656123,0.0109,30.4965284748,114.4882061576,0.02321309387660384
3816,DATA13,DATA13,2021-11-18 06:21:47.000000,1321251707.0,30.496528454,114.488205916,32.008,5.5,26,0.005162363799656123,0.0109,30.4965284748,114.4882061576,0.02330862402830797
3817,DATA13,DATA13,2021-11-18 06:21:48.000000,1321251708.0,30.496528453,114.488205897,32.0079,4.8,26,0.005162363799656123,0.0109,30.4965284748,114.4882061576,0.02513479444062523
3818,DATA13,DATA13,2021-11-18 06:21:49.000000,1321251709.0,30.496528446,114.488205909,32.0086,4.9,26,0.005162363799656123,0.0109,30.4965284748,114.4882061576,0.024078919374824384
3819,DATA13,DATA13,2021-11-18 06:21:50.000000,1321251710.0,30.496528439,114.488205919,32.0124,4.8,26,0.005162363799656123,0.0109,30.4965284748,114.4882061576,0.023247559448349105
3820,DATA13,DATA13,2021-11-18 06:21:51.000000,1321251711.0,30.496528451,114.488205914,32.0094,4.9,26,0.005162363799656123,0.0109,30.4965284748,114.4882061576,0.02353465648878766
3821,DATA13,DATA13,2021-11-18 06:21:52.000000,1321251712.0,30.496528453,114.48820592,32.0119,4.7,26,0.005162363799656123,0.0109,30.4965284748,114.4882061576,0.022937943375326633
3822,DATA13,DATA13,2021-11-18 06:21:53.000000,1321251713.0,30.496528453,114.488205919,32.0087,4.9,26,0.005162363799656123,0.0109,30.4965284748,114.4882061576,0.02303341418650631
3823,DATA13,DATA13,2021-11-18 06:21:54.000000,1321251714.0,30.496528457,114.488205929,32.0099,5.1,26,0.005162363799656123,0.0109,30.4965284748,114.4882061576,0.022034783683643096
3824,DATA13,DATA13,2021-11-18 06:21:55.000000,1321251715.0,30.496528461,114.488205915,32.0088,4.3,26,0.005162363799656123,0.0109,30.4965284748,114.4882061576,0.023340476876283666
3825,DATA13,DATA13,2021-11-18 06:21:56.000000,1321251716.0,30.496528457,114.488205913,32.0109,5.1,26,0.005162363799656123,0.0109,30.4965284748,114.4882061576,0.023565057730745277
3826,DATA13,DATA13,2021-11-18 06:21:57.000000,1321251717.0,30.496528458,114.488205917,32.0069,4.6,26,0.005162363799656123,0.0109,30.4965284748,114.4882061576,0.02317324472651045
3827,DATA13,DATA13,2021-11-18 06:21:58.000000,1321251718.0,30.496528457,114.488205909,32.0104,5.1,26,0.005162363799656123,0.0109,30.4965284748,114.4882061576,0.023947742534291227
3828,DATA13,DATA13,2021-11-18 06:21:59.000000,1321251719.0,30.496528461,114.488205919,32.0074,5.6,26,0.005162363799656123,0.0109,30.4965284748,114.4882061576,0.022957306345806394
3829,DATA13,DATA13,2021-11-18 06:22:00.000000,1321251720.0,30.496528457,114.488205936,32.006,4.8,26,0.005162363799656123,0.0109,30.4965284748,114.4882061576,0.02136554966687833
3830,DATA13,DATA13,2021-11-18 06:22:01.000000,1321251721.0,30.496528455,114.488205919,32.0064,5.0,26,0.005162363799656123,0.0109,30.4965284748,114.4882061576,0.023011206131651266
3831,DATA13,DATA13,2021-11-18 06:22:02.000000,1321251722.0,30.496528458,114.488205935,32.0117,5.1,26,0.005162363799656123,0.0109,30.4965284748,114.4882061576,0.02145123457267736
3832,DATA13,DATA13,2021-11-18 06:22:03.000000,1321251723.0,30.496528473,114.488205931,32.0073,4.9,26,0.005162363799656123,0.0109,30.4965284748,114.4882061576,0.021755153654563777
3833,DATA13,DATA13,2021-11-18 06:22:04.000000,1321251724.0,30.496528454,114.488205914,32.0099,5.4,26,0.005162363799656123,0.0109,30.4965284748,114.4882061576,0.02349969405423122
3834,DATA13,DATA13,2021-11-18 06:22:05.000000,1321251725.0,30.49652846,114.488205928,32.0081,5.4,26,0.005162363799656123,0.0109,30.4965284748,114.4882061576,0.022103228932133585
3835,DATA13,DATA13,2021-11-18 06:22:06.000000,1321251726.0,30.49652846,114.488205924,32.0068,4.2,26,0.005162363799656123,0.0109,30.4965284748,114.4882061576,0.02248619817050484
3836,DATA13,DATA13,2021-11-18 06:22:07.000000,1321251727.0,30.496528454,114.488205916,32.0125,5.6,26,0.005162363799656123,0.0109,30.4965284748,114.4882061576,0.023308624344518726
3837,DATA13,DATA13,2021-11-18 06:22:08.000000,1321251728.0,30.496528458,114.488205932,32.0099,4.9,26,0.005162363799656123,0.0109,30.4965284748,114.4882061576,0.02173816883013985
3838,DATA13,DATA13,2021-11-18 06:22:09.000000,1321251729.0,30.496528454,114.488205929,32.0096,5.2,26,0.005162363799656123,0.0109,30.4965284748,114.4882061576,0.022067054310006367
3839,DATA13,DATA13,2021-11-18 06:22:10.000000,1321251730.0,30.496528451,114.488205935,32.0034,5.9,26,0.005162363799656123,0.0109,30.4965284748,114.4882061576,0.021532495428738183
3840,DATA13,DATA13,2021-11-18 06:22:11.000000,1321251731.0,30.496528461,114.488205931,32.0088,4.9,26,0.005162363799656123,0.0109,30.4965284748,114.4882061576,0.02180796778509148
3841,DATA13,DATA13,2021-11-18 06:22:12.000000,1321251732.0,30.496528448,114.488205921,32.0095,4.3,26,0.005162363799656123,0.0109,30.4965284748,114.4882061576,0.022907755444619534
3842,DATA13,DATA13,2021-11-18 06:22:13.000000,1321251733.0,30.49652846,114.488205918,32.0099,4.4,26,0.005162363799656123,0.0109,30.4965284748,114.4882061576,0.023060718183494165
3843,DATA13,DATA13,2021-11-18 06:22:14.000000,1321251734.0,30.496528449,114.488205943,32.0084,5.6,26,0.005162363799656123,0.0109,30.4965284748,114.4882061576,0.02079980122589155
3844,DATA13,DATA13,2021-11-18 06:22:15.000000,1321251735.0,30.496528467,114.48820594,32.0085,6.2,26,0.005162363799656123,0.0109,30.4965284748,114.4882061576,0.020908102559557128
3845,DATA13,DATA13,2021-11-18 06:22:16.000000,1321251736.0,30.496528458,114.488205912,32.007,5.8,26,0.005162363799656123,0.0109,30.4965284748,114.4882061576,0.023651737088846995
3846,DATA13,DATA13,2021-11-18 06:22:17.000000,1321251737.0,30.496528462,114.488205944,32.0078,6.0,26,0.005162363799656123,0.0109,30.4965284748,114.4882061576,0.02055524084953673
3847,DATA13,DATA13,2021-11-18 06:22:18.000000,1321251738.0,30.496528446,114.488205932,32.004,6.0,26,0.005162363799656123,0.0109,30.4965284748,114.4882061576,0.02189230930898623
3848,DATA13,DATA13,2021-11-18 06:22:19.000000,1321251739.0,30.496528452,114.488205947,32.0055,5.5,26,0.005162363799656123,0.0109,30.4965284748,114.4882061576,0.02037558213071167
3849,DATA13,DATA13,2021-11-18 06:22:20.000000,1321251740.0,30.496528466,114.488205948,32.0089,5.0,26,0.005162363799656123,0.0109,30.4965284748,114.4882061576,0.02014582647236371
3850,DATA13,DATA13,2021-11-18 06:22:21.000000,1321251741.0,30.496528462,114.488205954,32.0082,6.6,26,0.005162363799656123,0.0109,30.4965284748,114.4882061576,0.019597615761377744
3851,DATA13,DATA13,2021-11-18 06:22:22.000000,1321251742.0,30.496528464,114.488205913,32.0096,5.3,26,0.005162363799656123,0.0109,30.4965284748,114.4882061576,0.023512792654098235
3852,DATA13,DATA13,2021-11-18 06:22:23.000000,1321251743.0,30.496528459,114.488205936,32.0036,5.7,26,0.005162363799656123,0.0109,30.4965284748,114.4882061576,0.021346212306992254
3853,DATA13,DATA13,2021-11-18 06:22:24.000000,1321251744.0,30.496528469,114.488205934,32.0061,6.0,26,0.005162363799656123,0.0109,30.4965284748,114.4882061576,0.021475856839133684
3854,DATA13,DATA13,2021-11-18 06:22:25.000000,1321251745.0,30.496528459,114.488205932,32.0103,5.2,26,0.005162363799656123,0.0109,30.4965284748,114.4882061576,0.021728951138404767
3855,DATA13,DATA13,2021-11-18 06:22:26.000000,1321251746.0,30.496528465,114.488205944,32.0086,6.6,25,0.0053075418038862395,0.0112,30.4965284748,114.4882061576,0.020534961563483944
3856,DATA13,DATA13,2021-11-18 06:22:27.000000,1321251747.0,30.496528469,114.488205952,32.0054,5.3,25,0.0053075418038862395,0.0112,30.4965284748,114.4882061576,0.019748649486597738
3857,DATA13,DATA13,2021-11-18 06:22:28.000000,1321251748.0,30.496528465,114.488205946,32.0065,5.2,26,0.005162363799656123,0.0109,30.4965284748,114.4882061576,0.0203432290712673
3858,DATA13,DATA13,2021-11-18 06:22:29.000000,1321251749.0,30.496528472,114.488205925,32.0032,5.0,26,0.005162363799656123,0.0109,30.4965284748,114.4882061576,0.02233241258346265
3859,DATA13,DATA13,2021-11-18 06:22:30.000000,1321251750.0,30.496528458,114.488205943,32.0086,5.9,26,0.005162363799656123,0.0109,30.4965284748,114.4882061576,0.020686218689835403
3860,DATA13,DATA13,2021-11-18 06:22:31.000000,1321251751.0,30.496528454,114.488205952,32.0083,4.9,26,0.005162363799656123,0.0109,30.4965284748,114.4882061576,0.019872417349729617
3861,DATA13,DATA13,2021-11-18 06:22:32.000000,1321251752.0,30.496528474,114.488205938,32.0023,5.1,26,0.005162363799656123,0.0109,30.4965284748,114.4882061576,0.02108240626873515
3862,DATA13,DATA13,2021-11-18 06:22:33.000000,1321251753.0,30.496528469,114.488205945,32.0084,5.2,26,0.005162363799656123,0.0109,30.4965284748,114.4882061576,0.0204203240027459
3863,DATA13,DATA13,2021-11-18 06:22:34.000000,1321251754.0,30.496528467,114.488205934,32.0078,5.7,26,0.005162363799656123,0.0109,30.4965284748,114.4882061575,0.02147404702028516
3864,DATA13,DATA13,2021-11-18 06:22:35.000000,1321251755.0,30.496528472,114.488205924,32.0068,4.1,26,0.005162363799656123,0.0109,30.4965284748,114.4882061576,0.02242840590595147
3865,DATA13,DATA13,2021-11-18 06:22:36.000000,1321251756.0,30.496528462,114.48820595,32.0108,6.3,26,0.005162363799656123,0.0109,30.4965284748,114.4882061575,0.019971064001777256
3866,DATA13,DATA13,2021-11-18 06:22:37.000000,1321251757.0,30.496528468,114.48820594,32.0037,5.1,26,0.005162363799656123,0.0109,30.4965284748,114.4882061575,0.020894217897959377
3867,DATA13,DATA13,2021-11-18 06:22:38.000000,1321251758.0,30.496528478,114.488205947,32.0104,5.2,26,0.005162363799656123,0.0109,30.4965284748,114.4882061575,0.020211707976420003
3868,DATA13,DATA13,2021-11-18 06:22:39.000000,1321251759.0,30.496528474,114.488205919,32.003,5.1,26,0.005162363799656123,0.0109,30.4965284748,114.4882061575,0.022896845207057422
3869,DATA13,DATA13,2021-11-18 06:22:40.000000,1321251760.0,30.496528472,114.488205923,32.0046,4.7,26,0.005162363799656123,0.0109,30.4965284748,114.4882061575,0.02251480171771653
3870,DATA13,DATA13,2021-11-18 06:22:41.000000,1321251761.0,30.49652848,114.488205938,32.0028,4.9,26,0.005162363799656123,0.0109,30.4965284748,114.4882061575,0.02108050392561697
3871,DATA13,DATA13,2021-11-18 06:22:42.000000,1321251762.0,30.496528483,114.488205939,32.0065,4.9,26,0.005162363799656123,0.0109,30.4965284748,114.4882061575,0.02099630552537408
3872,DATA13,DATA13,2021-11-18 06:22:43.000000,1321251763.0,30.49652849,114.488205939,32.0019,5.8,26,0.005162363799656123,0.0109,30.4965284748,114.4882061576,0.02105376027263157
3873,DATA13,DATA13,2021-11-18 06:22:44.000000,1321251764.0,30.496528488,114.48820593,31.9996,6.0,26,0.005162363799656123,0.0109,30.4965284748,114.4882061576,0.021899188729388033
3874,DATA13,DATA13,2021-11-18 06:22:45.000000,1321251765.0,30.496528493,114.488205955,32.0058,5.5,26,0.005162363799656123,0.0109,30.4965284748,114.4882061576,0.019554544521277094
3875,DATA13,DATA13,2021-11-18 06:22:46.000000,1321251766.0,30.496528482,114.488205947,32.0024,5.2,26,0.005162363799656123,0.0109,30.4965284748,114.4882061576,0.02023394456756892
3876,DATA13,DATA13,2021-11-18 06:22:47.000000,1321251767.0,30.496528481,114.48820595,32.0033,5.1,26,0.005162363799656123,0.0109,30.4965284748,114.4882061575,0.019932440530563988
3877,DATA13,DATA13,2021-11-18 06:22:48.000000,1321251768.0,30.496528483,114.488205954,32.0018,5.7,26,0.005162363799656123,0.0109,30.4965284748,114.4882061575,0.019557712642889778
3878,DATA13,DATA13,2021-11-18 06:22:49.000000,1321251769.0,30.496528487,114.488205947,32.0048,5.3,26,0.005162363799656123,0.0109,30.4965284748,114.4882061575,0.020253803955257554
3879,DATA13,DATA13,2021-11-18 06:22:50.000000,1321251770.0,30.496528491,114.488205935,32.0073,4.8,26,0.005162363799656123,0.0109,30.4965284748,114.4882061575,0.02143599567158983
3880,DATA13,DATA13,2021-11-18 06:22:51.000000,1321251771.0,30.496528487,114.488205937,32.0061,5.4,26,0.005162363799656123,0.0109,30.4965284748,114.4882061575,0.021211785525780055
3881,DATA13,DATA13,2021-11-18 06:22:52.000000,1321251772.0,30.496528495,114.488205949,32.0031,5.0,26,0.005162363799656123,0.0109,30.4965284748,114.4882061575,0.020141467382781417
3882,DATA13,DATA13,2021-11-18 06:22:53.000000,1321251773.0,30.496528479,114.488205937,32.0031,6.2,26,0.005162363799656123,0.0109,30.4965284748,114.4882061575,0.021173742359364516
3883,DATA13,DATA13,2021-11-18 06:22:54.000000,1321251774.0,30.496528499,114.488205912,32.0047,4.9,26,0.005162363799656123,0.0109,30.4965284748,114.4882061575,0.023720896877300522
3884,DATA13,DATA13,2021-11-18 06:22:55.000000,1321251775.0,30.4965285,114.488205927,32.0025,4.6,26,0.005162363799656123,0.0109,30.4965284748,114.4882061575,0.02230430440880026
3885,DATA13,DATA13,2021-11-18 06:22:56.000000,1321251776.0,30.496528489,114.488205951,31.9989,5.6,26,0.005162363799656123,0.0109,30.4965284748,114.4882061575,0.01988698775668971
3886,DATA13,DATA13,2021-11-18 06:22:57.000000,1321251777.0,30.496528502,114.488205965,31.9995,5.8,26,0.005162363799656123,0.0109,30.4965284748,114.4882061575,0.018724937823792327
3887,DATA13,DATA13,2021-11-18 06:22:58.000000,1321251778.0,30.49652849,114.48820595,31.9986,5.1,26,0.005162363799656123,0.0109,30.4965284748,114.4882061575,0.01999173056550485
3888,DATA13,DATA13,2021-11-18 06:22:59.000000,1321251779.0,30.496528483,114.488205938,32.0013,5.1,26,0.005162363799656123,0.0109,30.4965284748,114.4882061575,0.021092219208890966
3889,DATA13,DATA13,2021-11-18 06:23:00.000000,1321251780.0,30.496528493,114.488205956,32.0031,5.5,26,0.005162363799656123,0.0109,30.4965284748,114.4882061575,0.019449508248558216
3890,DATA13,DATA13,2021-11-18 06:23:01.000000,1321251781.0,30.496528506,114.48820595,31.999,5.6,26,0.005162363799656123,0.0109,30.4965284748,114.4882061575,0.020218644030736654
3891,DATA13,DATA13,2021-11-18 06:23:02.000000,1321251782.0,30.496528492,114.488205949,31.9996,4.7,26,0.005162363799656123,0.0109,30.4965284748,114.4882061575,0.020107206216207197
3892,DATA13,DATA13,2021-11-18 06:23:03.000000,1321251783.0,30.496528498,114.488205956,32.0012,4.5,26,0.005162363799656123,0.0109,30.4965284748,114.4882061575,0.01951480055185221
3893,DATA13,DATA13,2021-11-18 06:23:04.000000,1321251784.0,30.496528491,114.488205958,32.0034,4.6,26,0.005162363799656123,0.0109,30.4965284748,114.4882061575,0.019236583566808206
3894,DATA13,DATA13,2021-11-18 06:23:05.000000,1321251785.0,30.496528489,114.488205962,32.003,5.1,26,0.005162363799656123,0.0109,30.4965284748,114.4882061575,0.01883445626361065
3895,DATA13,DATA13,2021-11-18 06:23:06.000000,1321251786.0,30.496528491,114.488205963,32.0036,5.7,26,0.005162363799656123,0.0109,30.4965284748,114.4882061575,0.0187587186299097
3896,DATA13,DATA13,2021-11-18 06:23:07.000000,1321251787.0,30.496528495,114.488205956,32.0043,5.8,26,0.005162363799656123,0.0109,30.4965284748,114.4882061575,0.019473758095921265
3897,DATA13,DATA13,2021-11-18 06:23:08.000000,1321251788.0,30.4965285,114.488205957,32.0053,5.1,26,0.005162363799656123,0.0109,30.4965284748,114.4882061575,0.019450246387531046
3898,DATA13,DATA13,2021-11-18 06:23:09.000000,1321251789.0,30.496528491,114.488205944,32.0042,5.1,26,0.005162363799656123,0.0109,30.4965284748,114.4882061575,0.020575133775043455
3899,DATA13,DATA13,2021-11-18 06:23:10.000000,1321251790.0,30.496528504,114.488205961,32.0038,6.0,26,0.005162363799656123,0.0109,30.4965284748,114.4882061575,0.019140285844055957
3900,DATA13,DATA13,2021-11-18 06:23:11.000000,1321251791.0,30.496528485,114.488205945,32.0061,5.0,26,0.005162363799656123,0.0109,30.4965284748,114.4882061575,0.02043191375796819
3901,DATA13,DATA13,2021-11-18 06:23:12.000000,1321251792.0,30.496528499,114.488205944,32.0058,4.7,26,0.005162363799656123,0.0109,30.4965284748,114.4882061575,0.020671437952487683
3902,DATA13,DATA13,2021-11-18 06:23:13.000000,1321251793.0,30.496528493,114.48820596,31.9982,4.9,26,0.005162363799656123,0.0109,30.4965284748,114.4882061575,0.019067609966680592
3903,DATA13,DATA13,2021-11-18 06:23:14.000000,1321251794.0,30.496528496,114.488205972,32.0068,5.5,26,0.005162363799656123,0.0109,30.4965284748,114.4882061575,0.017962940248489427
3904,DATA13,DATA13,2021-11-18 06:23:15.000000,1321251795.0,30.496528494,114.488205959,32.0068,5.3,26,0.005162363799656123,0.0109,30.4965284748,114.4882061575,0.019175066312759597
3905,DATA13,DATA13,2021-11-18 06:23:16.000000,1321251796.0,30.496528479,114.48820595,32.003,6.0,26,0.005162363799656123,0.0109,30.4965284748,114.4882061575,0.019926026704453145
3906,DATA13,DATA13,2021-11-18 06:23:17.000000,1321251797.0,30.496528498,114.488205974,32.0032,5.0,26,0.005162363799656123,0.0109,30.4965284748,114.4882061575,0.01780328234477266
3907,DATA13,DATA13,2021-11-18 06:23:18.000000,1321251798.0,30.496528497,114.48820595,32.005,4.9,26,0.005162363799656123,0.0109,30.4965284748,114.4882061575,0.02007204237427696
3908,DATA13,DATA13,2021-11-18 06:23:19.000000,1321251799.0,30.496528495,114.488205959,32.0075,5.0,26,0.005162363799656123,0.0109,30.4965284748,114.4882061575,0.019187689150958153
3909,DATA13,DATA13,2021-11-18 06:23:20.000000,1321251800.0,30.496528491,114.488205962,32.0011,5.8,26,0.005162363799656123,0.0109,30.4965284748,114.4882061575,0.018854282724757004
3910,DATA13,DATA13,2021-11-18 06:23:21.000000,1321251801.0,30.496528481,114.48820593,32.006,4.8,26,0.005162363799656123,0.0109,30.4965284748,114.4882061575,0.02185145407015745
3911,DATA13,DATA13,2021-11-18 06:23:22.000000,1321251802.0,30.496528496,114.488205963,32.0033,5.6,26,0.005162363799656123,0.0109,30.4965284748,114.4882061575,0.018819877897441883
3912,DATA13,DATA13,2021-11-18 06:23:23.000000,1321251803.0,30.496528499,114.488205944,32.0029,5.5,26,0.005232590180780452,0.011,30.4965284748,114.4882061575,0.02067143795740572
3913,DATA13,DATA13,2021-11-18 06:23:24.000000,1321251804.0,30.49652849,114.488205942,32.0087,4.9,25,0.005232590180780452,0.011,30.4965284748,114.4882061575,0.02075712046978237
3914,DATA13,DATA13,2021-11-18 06:23:25.000000,1321251805.0,30.496528493,114.48820594,32.0065,5.2,25,0.005232590180780452,0.011,30.4965284748,114.4882061575,0.02097787034545142
3915,DATA13,DATA13,2021-11-18 06:23:26.000000,1321251806.0,30.496528492,114.488205985,32.0079,6.1,26,0.005232590180780452,0.011,30.4965284748,114.4882061575,0.01666990431408889
3916,DATA13,DATA13,2021-11-18 06:23:27.000000,1321251807.0,30.496528498,114.488205938,32.006,5.3,26,0.005232590180780452,0.011,30.4965284748,114.4882061575,0.021228999934043917
3917,DATA13,DATA13,2021-11-18 06:23:28.000000,1321251808.0,30.496528482,114.488205963,32.009,5.0,26,0.005232590180780452,0.011,30.4965284748,114.4882061574,0.01868000822367431
3918,DATA13,DATA13,2021-11-18 06:23:29.000000,1321251809.0,30.496528486,114.488205936,32.0048,5.9,26,0.005232590180780452,0.011,30.4965284748,114.4882061575,0.021300844487257765
3919,DATA13,DATA13,2021-11-18 06:23:30.000000,1321251810.0,30.496528495,114.488205915,32.0132,5.1,25,0.005232590180780452,0.011,30.4965284748,114.4882061574,0.023378583840296074
3920,DATA13,DATA13,2021-11-18 06:23:31.000000,1321251811.0,30.496528486,114.488205949,32.0118,4.5,25,0.005232590180780452,0.011,30.4965284748,114.4882061574,0.020045477766038537
3921,DATA13,DATA13,2021-11-18 06:23:32.000000,1321251812.0,30.496528508,114.488205969,32.009,5.3,25,0.005232590180780452,0.011,30.4965284748,114.4882061574,0.018457622430998646
3922,DATA13,DATA13,2021-11-18 06:23:33.000000,1321251813.0,30.496528493,114.488205971,32.0073,5.2,25,0.005232590180780452,0.011,30.4965284748,114.4882061574,0.018008312725375588
3923,DATA13,DATA13,2021-11-18 06:23:34.000000,1321251814.0,30.496528492,114.488205963,32.0079,5.6,25,0.005232590180780452,0.011,30.4965284748,114.4882061574,0.018760104438859837
3924,DATA13,DATA13,2021-11-18 06:23:35.000000,1321251815.0,30.496528482,114.488205985,32.0076,5.2,25,0.005232590180780452,0.011,30.4965284748,114.4882061574,0.016570122437941485
3925,DATA13,DATA13,2021-11-18 06:23:36.000000,1321251816.0,30.496528493,114.488205989,32.0079,4.8,25,0.005232590180780452,0.011,30.4965284748,114.4882061574,0.016292293808412652
3926,DATA13,DATA13,2021-11-18 06:23:37.000000,1321251817.0,30.496528485,114.488205958,32.0065,4.8,25,0.005232590180780452,0.011,30.4965284748,114.4882061574,0.019176330553236347
3927,DATA13,DATA13,2021-11-18 06:23:38.000000,1321251818.0,30.496528491,114.488205969,32.0089,4.7,25,0.005232590180780452,0.011,30.4965284748,114.4882061574,0.01817587628362726
3928,DATA13,DATA13,2021-11-18 06:23:39.000000,1321251819.0,30.496528504,114.488205951,32.0061,4.7,25,0.005232590180780452,0.011,30.4965284748,114.4882061574,0.020077664302117628
3929,DATA13,DATA13,2021-11-18 06:23:40.000000,1321251820.0,30.496528502,114.488205963,32.0049,5.1,25,0.005232590180780452,0.011,30.4965284748,114.4882061574,0.018904983129967377
3930,DATA13,DATA13,2021-11-18 06:23:41.000000,1321251821.0,30.496528484,114.488205974,32.007,5.2,25,0.005232590180780452,0.011,30.4965284748,114.4882061574,0.017636432837497846
3931,DATA13,DATA13,2021-11-18 06:23:42.000000,1321251822.0,30.496528488,114.488205975,32.0073,4.8,25,0.005232590180780452,0.011,30.4965284748,114.4882061574,0.017571953583908482
3932,DATA13,DATA13,2021-11-18 06:23:43.000000,1321251823.0,30.496528488,114.488205974,32.0146,5.3,25,0.005232590180780452,0.011,30.4965284748,114.4882061574,0.017667625149257148
3933,DATA13,DATA13,2021-11-18 06:23:44.000000,1321251824.0,30.496528498,114.488205975,32.0082,5.9,25,0.005232590180780452,0.011,30.4965284748,114.4882061574,0.017698791269680172
3934,DATA13,DATA13,2021-11-18 06:23:45.000000,1321251825.0,30.496528488,114.488205956,32.0081,5.2,25,0.005232590180780452,0.011,30.4965284748,114.4882061574,0.019390265598946486
3935,DATA13,DATA13,2021-11-18 06:23:46.000000,1321251826.0,30.496528493,114.488205974,32.0075,4.6,25,0.005232590180780452,0.011,30.4965284748,114.4882061574,0.017722148589899987
3936,DATA13,DATA13,2021-11-18 06:23:47.000000,1321251827.0,30.496528493,114.488205958,32.0093,4.5,25,0.005232590180780452,0.011,30.4965284748,114.4882061574,0.01924899981830582
3937,DATA13,DATA13,2021-11-18 06:23:48.000000,1321251828.0,30.496528492,114.488205965,32.0069,4.6,25,0.005232590180780452,0.011,30.4965284748,114.4882061574,0.018569103923001238
3938,DATA13,DATA13,2021-11-18 06:23:49.000000,1321251829.0,30.496528479,114.488205951,32.013,4.4,25,0.005232590180780452,0.011,30.4965284748,114.4882061574,0.019820450675512292
3939,DATA13,DATA13,2021-11-18 06:23:50.000000,1321251830.0,30.496528484,114.488205987,32.0078,5.0,25,0.005232590180780452,0.011,30.4965284748,114.4882061574,0.016390643258640133
3940,DATA13,DATA13,2021-11-18 06:23:51.000000,1321251831.0,30.496528487,114.488205977,32.0123,4.8,25,0.005232590180780452,0.011,30.4965284748,114.4882061574,0.017371638650082993
3941,DATA13,DATA13,2021-11-18 06:23:52.000000,1321251832.0,30.496528499,114.488205965,32.0064,4.7,25,0.005232590180780452,0.011,30.4965284748,114.4882061574,0.01866476168473225
3942,DATA13,DATA13,2021-11-18 06:23:53.000000,1321251833.0,30.496528495,114.488205983,32.0076,4.7,25,0.005232590180780452,0.011,30.4965284748,114.4882061574,0.016891988439187183
3943,DATA13,DATA13,2021-11-18 06:23:54.000000,1321251834.0,30.496528495,114.488205972,32.0096,4.8,25,0.005232590180780452,0.011,30.4965284748,114.4882061574,0.017939244550378083
3944,DATA13,DATA13,2021-11-18 06:23:55.000000,1321251835.0,30.496528496,114.488205957,32.0068,5.1,25,0.005232590180780452,0.011,30.4965284748,114.4882061574,0.019381988200832617
3945,DATA13,DATA13,2021-11-18 06:23:56.000000,1321251836.0,30.496528488,114.48820598,32.0066,4.5,25,0.005232590180780452,0.011,30.4965284748,114.4882061574,0.01709365238494529
3946,DATA13,DATA13,2021-11-18 06:23:57.000000,1321251837.0,30.496528487,114.488205967,32.0073,4.6,25,0.005232590180780452,0.011,30.4965284748,114.4882061574,0.018328905888890364
3947,DATA13,DATA13,2021-11-18 06:23:58.000000,1321251838.0,30.496528493,114.488205978,32.004,4.5,25,0.005232590180780452,0.011,30.4965284748,114.4882061574,0.01734068848928659
3948,DATA13,DATA13,2021-11-18 06:23:59.000000,1321251839.0,30.496528497,114.488205976,32.0089,4.4,25,0.005232590180780452,0.011,30.4965284748,114.4882061574,0.01758795692840198
3949,DATA13,DATA13,2021-11-18 06:24:00.000000,1321251840.0,30.496528488,114.488205984,32.0147,4.7,25,0.005232590180780452,0.011,30.4965284748,114.4882061574,0.016711083031674033
3950,DATA13,DATA13,2021-11-18 06:24:01.000000,1321251841.0,30.496528492,114.488205991,32.0099,4.6,25,0.005232590180780452,0.011,30.4965284748,114.4882061574,0.016088267103265014
3951,DATA13,DATA13,2021-11-18 06:24:02.000000,1321251842.0,30.496528504,114.488205973,32.0092,4.4,25,0.005232590180780452,0.011,30.4965284748,114.4882061574,0.017996456927910194
3952,DATA13,DATA13,2021-11-18 06:24:03.000000,1321251843.0,30.496528502,114.488205972,32.0107,4.1,25,0.005232590180780452,0.011,30.4965284748,114.4882061574,0.01805254593771035
3953,DATA13,DATA13,2021-11-18 06:24:04.000000,1321251844.0,30.49652851,114.488205986,32.0068,4.6,25,0.005232590180780452,0.011,30.4965284748,114.4882061574,0.016911276265995825
3954,DATA13,DATA13,2021-11-18 06:24:05.000000,1321251845.0,30.496528496,114.488206001,32.0066,4.5,25,0.005232590180780452,0.011,30.4965284748,114.4882061574,0.015197669373844888
3955,DATA13,DATA13,2021-11-18 06:24:06.000000,1321251846.0,30.496528497,114.488205988,32.0066,5.0,25,0.005232590180780452,0.011,30.4965284748,114.4882061574,0.016448047329279496
3956,DATA13,DATA13,2021-11-18 06:24:07.000000,1321251847.0,30.496528491,114.488205976,32.0097,5.0,25,0.005232590180780452,0.011,30.4965284748,114.4882061574,0.017507271777873815
3957,DATA13,DATA13,2021-11-18 06:24:08.000000,1321251848.0,30.496528497,114.48820597,32.0073,4.3,25,0.005232590180780452,0.011,30.4965284748,114.4882061574,0.01815848589481019
3958,DATA13,DATA13,2021-11-18 06:24:09.000000,1321251849.0,30.496528504,114.48820599,32.0068,4.6,25,0.005232590180780452,0.011,30.4965284748,114.4882061574,0.016393659019148556
3959,DATA13,DATA13,2021-11-18 06:24:10.000000,1321251850.0,30.496528493,114.488205963,32.0048,4.3,25,0.005232590180780452,0.011,30.4965284748,114.4882061574,0.018771696852205137
3960,DATA13,DATA13,2021-11-18 06:24:11.000000,1321251851.0,30.496528496,114.488205992,32.0101,5.0,25,0.005232590180780452,0.011,30.4965284748,114.4882061574,0.016051855204293478
3961,DATA13,DATA13,2021-11-18 06:24:12.000000,1321251852.0,30.496528506,114.488205987,32.0045,4.7,25,0.005232590180780452,0.011,30.4965284748,114.4882061574,0.016720548978808022
3962,DATA13,DATA13,2021-11-18 06:24:13.000000,1321251853.0,30.496528504,114.488206001,32.0052,5.1,25,0.005232590180780452,0.011,30.4965284748,114.4882061574,0.015359836574522185
3963,DATA13,DATA13,2021-11-18 06:24:14.000000,1321251854.0,30.496528491,114.488205961,32.009,5.1,25,0.005232590180780452,0.011,30.4965284748,114.4882061574,0.01894029232912775
3964,DATA13,DATA13,2021-11-18 06:24:15.000000,1321251855.0,30.4965285,114.488205984,32.0062,5.0,25,0.005232590180780452,0.011,30.4965284748,114.4882061574,0.01687968131382147
3965,DATA13,DATA13,2021-11-18 06:24:16.000000,1321251856.0,30.496528495,114.488205969,32.0115,4.5,25,0.005232590180780452,0.011,30.4965284748,114.4882061574,0.01822503604775617
3966,DATA13,DATA13,2021-11-18 06:24:17.000000,1321251857.0,30.496528494,114.488206009,32.0104,5.3,25,0.005232590180780452,0.011,30.4965284748,114.4882061574,0.014404946864078554
3967,DATA13,DATA13,2021-11-18 06:24:18.000000,1321251858.0,30.496528513,114.488205979,32.0087,3.8,25,0.005232590180780452,0.011,30.4965284748,114.4882061574,0.01764270922719463
3968,DATA13,DATA13,2021-11-18 06:24:19.000000,1321251859.0,30.496528495,114.488206003,32.0085,4.9,25,0.005232590180780452,0.011,30.4965284748,114.4882061574,0.014991040854779397
3969,DATA13,DATA13,2021-11-18 06:24:20.000000,1321251860.0,30.496528496,114.488205995,32.0065,4.2,24,0.005375872022286244,0.0114,30.4965284748,114.4882061574,0.015767008196781274
3970,DATA13,DATA13,2021-11-18 06:24:21.000000,1321251861.0,30.496528503,114.488206003,32.0071,4.6,24,0.005375872022286244,0.0114,30.4965284748,114.4882061574,0.015148930571352776
3971,DATA13,DATA13,2021-11-18 06:24:22.000000,1321251862.0,30.496528497,114.488205984,32.009,4.4,25,0.005232590180780452,0.011,30.4965284748,114.4882061574,0.016827833093478815
3972,DATA13,DATA13,2021-11-18 06:24:23.000000,1321251863.0,30.496528499,114.48820598,32.0105,4.6,26,0.005232590180780452,0.011,30.4965284748,114.4882061574,0.017240915357288212
3973,DATA13,DATA13,2021-11-18 06:24:24.000000,1321251864.0,30.496528491,114.488205969,32.0125,4.9,25,0.005232590180780452,0.011,30.4965284748,114.4882061574,0.01817587616673097
3974,DATA13,DATA13,2021-11-18 06:24:25.000000,1321251865.0,30.496528506,114.488206002,32.007,5.8,25,0.005232590180780452,0.011,30.4965284748,114.4882061574,0.015314552143559186
3975,DATA13,DATA13,2021-11-18 06:24:26.000000,1321251866.0,30.4965285,114.488205983,32.0117,4.5,25,0.005232590180780452,0.011,30.4965284748,114.4882061574,0.016974367975871672
3976,DATA13,DATA13,2021-11-18 06:24:27.000000,1321251867.0,30.496528497,114.488206,32.006,5.5,25,0.005232590180780452,0.011,30.4965284748,114.4882061574,0.015309953826981158
3977,DATA13,DATA13,2021-11-18 06:24:28.000000,1321251868.0,30.496528505,114.488205994,32.011,4.6,25,0.005232590180780452,0.011,30.4965284748,114.4882061574,0.016040161871309196
3978,DATA13,DATA13,2021-11-18 06:24:29.000000,1321251869.0,30.496528502,114.488205995,32.0082,5.1,25,0.005232590180780452,0.011,30.4965284748,114.4882061574,0.015879787406693744
3979,DATA13,DATA13,2021-11-18 06:24:30.000000,1321251870.0,30.496528515,114.488205998,32.0054,5.0,26,0.005232590180780452,0.011,30.4965284748,114.4882061574,0.015938591826061534
3980,DATA13,DATA13,2021-11-18 06:24:31.000000,1321251871.0,30.496528506,114.488205987,32.0089,4.9,25,0.005232590180780452,0.011,30.4965284748,114.4882061574,0.016720548679707167
3981,DATA13,DATA13,2021-11-18 06:24:32.000000,1321251872.0,30.496528488,114.488206003,32.0077,4.9,26,0.005232590180780452,0.011,30.4965284748,114.4882061574,0.014894893183714305
3982,DATA13,DATA13,2021-11-18 06:24:33.000000,1321251873.0,30.496528492,114.488206,32.0066,5.2,26,0.005232590180780452,0.011,30.4965284748,114.4882061574,0.015230676370748193
3983,DATA13,DATA13,2021-11-18 06:24:34.000000,1321251874.0,30.496528502,114.488206002,32.0085,4.6,26,0.005232590180780452,0.011,30.4965284748,114.4882061574,0.015220529313490092
3984,DATA13,DATA13,2021-11-18 06:24:35.000000,1321251875.0,30.496528493,114.488206015,32.0115,4.8,26,0.005232590180780452,0.011,30.4965284748,114.4882061574,0.013818893141227676
3985,DATA13,DATA13,2021-11-18 06:24:36.000000,1321251876.0,30.496528507,114.488206002,32.0035,5.0,26,0.005232590180780452,0.011,30.4965284747,114.4882061574,0.015342555613003194
3986,DATA13,DATA13,2021-11-18 06:24:37.000000,1321251877.0,30.496528509,114.488206,32.0055,5.2,26,0.005162363799656123,0.0109,30.4965284747,114.4882061573,0.015572632832105077
3987,DATA13,DATA13,2021-11-18 06:24:38.000000,1321251878.0,30.496528521,114.488205977,32.01,4.4,26,0.005162363799656123,0.0109,30.4965284747,114.4882061573,0.01805432412548519
3988,DATA13,DATA13,2021-11-18 06:24:39.000000,1321251879.0,30.496528507,114.488205997,32.0095,5.2,26,0.005162363799656123,0.0109,30.4965284747,114.4882061573,0.01580035985345544
3989,DATA13,DATA13,2021-11-18 06:24:40.000000,1321251880.0,30.496528524,114.488206006,32.0099,4.5,26,0.005162363799656123,0.0109,30.4965284747,114.4882061573,0.015519456843158506
3990,DATA13,DATA13,2021-11-18 06:24:41.000000,1321251881.0,30.496528504,114.488205997,32.0083,5.1,26,0.005162363799656123,0.0109,30.4965284747,114.4882061573,0.015728322594211423
3991,DATA13,DATA13,2021-11-18 06:24:42.000000,1321251882.0,30.496528507,114.488206019,32.0072,5.6,26,0.005162363799656123,0.0109,30.4965284747,114.4882061573,0.013751583325709542
3992,DATA13,DATA13,2021-11-18 06:24:43.000000,1321251883.0,30.496528511,114.488205993,32.0079,4.5,26,0.005162363799656123,0.0109,30.4965284747,114.4882061573,0.01627853056685538
3993,DATA13,DATA13,2021-11-18 06:24:44.000000,1321251884.0,30.496528525,114.488205998,32.0106,5.0,26,0.005162363799656123,0.0109,30.4965284747,114.4882061573,0.016278172590376172
3994,DATA13,DATA13,2021-11-18 06:24:45.000000,1321251885.0,30.496528507,114.488205994,32.0104,5.5,26,0.005162363799656123,0.0109,30.4965284747,114.4882061573,0.0160810077230261
3995,DATA13,DATA13,2021-11-18 06:24:46.000000,1321251886.0,30.496528506,114.488206005,32.0096,5.5,26,0.005162363799656123,0.0109,30.4965284747,114.4882061573,0.01502734157820956
3996,DATA13,DATA13,2021-11-18 06:24:47.000000,1321251887.0,30.496528507,114.488206011,32.0117,5.0,26,0.005162363799656123,0.0109,30.4965284747,114.4882061573,0.014494491033652973
3997,DATA13,DATA13,2021-11-18 06:24:48.000000,1321251888.0,30.496528505,114.488206016,32.009,5.4,26,0.005162363799656123,0.0109,30.4965284747,114.4882061573,0.01397491134930035
3998,DATA13,DATA13,2021-11-18 06:24:49.000000,1321251889.0,30.496528522,114.48820601,32.0056,5.0,26,0.005162363799656123,0.0109,30.4965284747,114.4882061573,0.01508213544873867
3999,DATA13,DATA13,2021-11-18 06:24:50.000000,1321251890.0,30.496528517,114.488206016,32.0041,5.0,26,0.005162363799656123,0.0109,30.4965284747,114.4882061573,0.01435288853952257
4000,DATA13,DATA13,2021-11-18 06:24:51.000000,1321251891.0,30.496528518,114.488205995,32.0105,4.9,26,0.005162363799656123,0.0109,30.4965284747,114.4882061573,0.016303940441024962
4001,DATA13,DATA13,2021-11-18 06:24:52.000000,1321251892.0,30.496528508,114.488205991,32.0124,4.4,26,0.005162363799656123,0.0109,30.4965284747,114.4882061573,0.016386528873888126
4002,DATA13,DATA13,2021-11-18 06:24:53.000000,1321251893.0,30.496528522,114.488206002,32.0072,4.4,26,0.005162363799656123,0.0109,30.4965284747,114.4882061573,0.015804499603312847
4003,DATA13,DATA13,2021-11-18 06:24:54.000000,1321251894.0,30.496528498,114.488205997,32.0098,4.5,26,0.005162363799656123,0.0109,30.4965284747,114.4882061573,0.015604529451274914
4004,DATA13,DATA13,2021-11-18 06:24:55.000000,1321251895.0,30.496528515,114.488206027,32.0103,4.5,26,0.005162363799656123,0.0109,30.4965284747,114.4882061573,0.013283062092054577
4005,DATA13,DATA13,2021-11-18 06:24:56.000000,1321251896.0,30.4965285,114.488206001,32.0113,4.4,26,0.005162363799656123,0.0109,30.4965284747,114.4882061573,0.015265127312460249
4006,DATA13,DATA13,2021-11-18 06:24:57.000000,1321251897.0,30.496528503,114.488206011,32.0093,4.8,26,0.005162363799656123,0.0109,30.4965284747,114.4882061573,0.014391355231753503
4007,DATA13,DATA13,2021-11-18 06:24:58.000000,1321251898.0,30.496528507,114.488206002,32.0099,4.5,26,0.005162363799656123,0.0109,30.4965284748,114.4882061573,0.015330635100858175
4008,DATA13,DATA13,2021-11-18 06:24:59.000000,1321251899.0,30.496528506,114.488205999,32.0058,4.9,26,0.005162363799656123,0.0109,30.4965284748,114.4882061573,0.015585893943242385
4009,DATA13,DATA13,2021-11-18 06:25:00.000000,1321251900.0,30.496528511,114.488206022,32.0086,4.7,26,0.005162363799656123,0.0109,30.4965284748,114.4882061573,0.013595015752009477
4010,DATA13,DATA13,2021-11-18 06:25:01.000000,1321251901.0,30.496528497,114.488206003,32.0105,4.5,26,0.005162363799656123,0.0109,30.4965284748,114.4882061573,0.015016292215378613
4011,DATA13,DATA13,2021-11-18 06:25:02.000000,1321251902.0,30.49652852,114.488205999,32.0111,5.5,26,0.005162363799656123,0.0109,30.4965284748,114.4882061573,0.01600205452287792
4012,DATA13,DATA13,2021-11-18 06:25:03.000000,1321251903.0,30.496528505,114.488206005,32.0082,4.5,26,0.005162363799656123,0.0109,30.4965284748,114.4882061573,0.014999652292672907
4013,DATA13,DATA13,2021-11-18 06:25:04.000000,1321251904.0,30.496528508,114.488206015,32.0061,4.7,26,0.005162363799656123,0.0109,30.4965284748,114.4882061573,0.01414832930393892
4014,DATA13,DATA13,2021-11-18 06:25:05.000000,1321251905.0,30.496528521,114.488206007,32.0074,4.8,26,0.005162363799656123,0.0109,30.4965284748,114.4882061573,0.015311279931817386
4015,DATA13,DATA13,2021-11-18 06:25:06.000000,1321251906.0,30.496528511,114.488206004,32.0102,4.4,26,0.005162363799656123,0.0109,30.4965284748,114.4882061573,0.015254591117299593
4016,DATA13,DATA13,2021-11-18 06:25:07.000000,1321251907.0,30.496528501,114.488206005,32.0104,4.0,26,0.005162363799656123,0.0109,30.4965284748,114.4882061573,0.014906940614464216
4017,DATA13,DATA13,2021-11-18 06:25:08.000000,1321251908.0,30.496528503,114.488205993,32.0055,4.8,26,0.005162363799656123,0.0109,30.4965284748,114.4882061573,0.016080097070613628
4018,DATA13,DATA13,2021-11-18 06:25:09.000000,1321251909.0,30.496528517,114.488206008,32.0091,4.9,26,0.005162363799656123,0.0109,30.4965284748,114.4882061573,0.0150774058826738
4019,DATA13,DATA13,2021-11-18 06:25:10.000000,1321251910.0,30.496528509,114.488205982,32.0075,5.0,26,0.005162363799656123,0.0109,30.4965284748,114.4882061573,0.01725109544376764
4020,DATA13,DATA13,2021-11-18 06:25:11.000000,1321251911.0,30.496528511,114.48820601,32.0089,4.5,26,0.005162363799656123,0.0109,30.4965284748,114.4882061573,0.014699646402356556
4021,DATA13,DATA13,2021-11-18 06:25:12.000000,1321251912.0,30.496528512,114.488206,32.0069,4.6,26,0.005162363799656123,0.0109,30.4965284748,114.4882061573,0.01565424148692158
4022,DATA13,DATA13,2021-11-18 06:25:13.000000,1321251913.0,30.496528503,114.488206011,32.0118,4.3,26,0.005162363799656123,0.0109,30.4965284748,114.4882061573,0.014388942608758002
4023,DATA13,DATA13,2021-11-18 06:25:14.000000,1321251914.0,30.496528511,114.488206015,32.0049,4.5,26,0.005162363799656123,0.0109,30.4965284748,114.4882061573,0.014238470569074416
4024,DATA13,DATA13,2021-11-18 06:25:15.000000,1321251915.0,30.496528502,114.488205997,32.0062,4.3,26,0.005162363799656123,0.0109,30.4965284748,114.4882061573,0.01568189730980756
4025,DATA13,DATA13,2021-11-18 06:25:16.000000,1321251916.0,30.496528511,114.488206024,32.0076,4.4,26,0.005162363799656123,0.0109,30.4965284748,114.4882061573,0.013411687879469359
4026,DATA13,DATA13,2021-11-18 06:25:17.000000,1321251917.0,30.4965285,114.488206005,32.0113,4.8,26,0.005162363799656123,0.0109,30.4965284748,114.4882061573,0.014885736805928654
4027,DATA13,DATA13,2021-11-18 06:25:18.000000,1321251918.0,30.49652852,114.488205996,32.0042,4.0,26,0.005162363799656123,0.0109,30.4965284748,114.4882061573,0.016275827859432795
4028,DATA13,DATA13,2021-11-18 06:25:19.000000,1321251919.0,30.496528516,114.488206014,32.0025,4.5,26,0.005162363799656123,0.0109,30.4965284748,114.4882061573,0.014495607214307179
4029,DATA13,DATA13,2021-11-18 06:25:20.000000,1321251920.0,30.496528507,114.488206016,32.0098,5.0,26,0.005162363799656123,0.0109,30.4965284748,114.4882061573,0.014027031372659439
4030,DATA13,DATA13,2021-11-18 06:25:21.000000,1321251921.0,30.496528505,114.488206031,32.0061,4.8,26,0.005162363799656123,0.0109,30.4965284748,114.4882061573,0.012578894477013557
4031,DATA13,DATA13,2021-11-18 06:25:22.000000,1321251922.0,30.496528511,114.488206011,32.0092,4.8,26,0.005162363799656123,0.0109,30.4965284748,114.4882061573,0.014607313481589848
4032,DATA13,DATA13,2021-11-18 06:25:23.000000,1321251923.0,30.496528503,114.488206019,32.0045,4.7,26,0.005162363799656123,0.0109,30.4965284748,114.4882061573,0.013640287495397004
4033,DATA13,DATA13,2021-11-18 06:25:24.000000,1321251924.0,30.49652851,114.48820602,32.0055,4.2,26,0.005162363799656123,0.0109,30.4965284748,114.4882061573,0.013746700229689584
4034,DATA13,DATA13,2021-11-18 06:25:25.000000,1321251925.0,30.496528511,114.488206027,32.0052,4.6,26,0.005162363799656123,0.0109,30.4965284748,114.4882061573,0.013137157161064545
4035,DATA13,DATA13,2021-11-18 06:25:26.000000,1321251926.0,30.496528514,114.488206011,32.0091,4.8,26,0.005162363799656123,0.0109,30.4965284748,114.4882061573,0.014702165010882678
4036,DATA13,DATA13,2021-11-18 06:25:27.000000,1321251927.0,30.496528497,114.488206037,32.0089,4.8,26,0.005162363799656123,0.0109,30.4965284748,114.4882061573,0.011808460322215303
4037,DATA13,DATA13,2021-11-18 06:25:28.000000,1321251928.0,30.496528496,114.488206033,32.0065,4.9,26,0.005162363799656123,0.0109,30.4965284748,114.4882061573,0.012162393555356758
4038,DATA13,DATA13,2021-11-18 06:25:29.000000,1321251929.0,30.49652851,114.488206003,32.0058,4.4,26,0.005162363799656123,0.0109,30.4965284748,114.4882061573,0.015318616325332527
4039,DATA13,DATA13,2021-11-18 06:25:30.000000,1321251930.0,30.496528518,114.488206013,32.0074,5.1,26,0.005162363799656123,0.0109,30.4965284748,114.4882061573,0.014657691587792095
4040,DATA13,DATA13,2021-11-18 06:25:31.000000,1321251931.0,30.496528497,114.488206031,32.0087,4.3,26,0.005162363799656123,0.0109,30.4965284748,114.4882061573,0.012372409003570594
4041,DATA13,DATA13,2021-11-18 06:25:32.000000,1321251932.0,30.496528504,114.488205997,32.0098,4.5,26,0.005162363799656123,0.0109,30.4965284748,114.4882061573,0.015726036797463986
4042,DATA13,DATA13,2021-11-18 06:25:33.000000,1321251933.0,30.496528511,114.488206003,32.0037,5.2,26,0.005162363799656123,0.0109,30.4965284748,114.4882061573,0.015347232241173184
4043,DATA13,DATA13,2021-11-18 06:25:34.000000,1321251934.0,30.496528504,114.488206019,32.0055,4.2,26,0.005162363799656123,0.0109,30.4965284748,114.4882061573,0.013666122736799352
4044,DATA13,DATA13,2021-11-18 06:25:35.000000,1321251935.0,30.496528509,114.488206015,32.0029,4.1,26,0.005162363799656123,0.0109,30.4965284748,114.4882061573,0.014177573136854568
4045,DATA13,DATA13,2021-11-18 06:25:36.000000,1321251936.0,30.496528517,114.488206009,32.0054,5.0,26,0.005162363799656123,0.0109,30.4965284748,114.4882061573,0.014986172044093058
4046,DATA13,DATA13,2021-11-18 06:25:37.000000,1321251937.0,30.496528504,114.488206017,32.0061,5.0,26,0.005162363799656123,0.0109,30.4965284748,114.4882061573,0.013852739270204218
4047,DATA13,DATA13,2021-11-18 06:25:38.000000,1321251938.0,30.496528507,114.488206018,31.997,4.9,26,0.005162363799656123,0.0109,30.4965284748,114.4882061573,0.013841434213815024
4048,DATA13,DATA13,2021-11-18 06:25:39.000000,1321251939.0,30.496528518,114.488206,32.0049,4.5,26,0.005162363799656123,0.0109,30.4965284748,114.4882061573,0.015842477358514656
4049,DATA13,DATA13,2021-11-18 06:25:40.000000,1321251940.0,30.496528509,114.488206024,32.0056,4.5,26,0.005162363799656123,0.0109,30.4965284748,114.4882061573,0.01334701823647612
4050,DATA13,DATA13,2021-11-18 06:25:41.000000,1321251941.0,30.496528519,114.488206,32.0046,4.9,26,0.005162363799656123,0.0109,30.4965284747,114.4882061572,0.015870638612902412
4051,DATA13,DATA13,2021-11-18 06:25:42.000000,1321251942.0,30.496528517,114.488206015,32.006,3.9,26,0.005162363799656123,0.0109,30.4965284747,114.4882061572,0.014434578205585797
4052,DATA13,DATA13,2021-11-18 06:25:43.000000,1321251943.0,30.496528516,114.488206022,32.0058,4.5,26,0.005162363799656123,0.0109,30.4965284747,114.4882061572,0.013763461670440909
4053,DATA13,DATA13,2021-11-18 06:25:44.000000,1321251944.0,30.496528517,114.488206026,32.0052,4.3,26,0.005162363799656123,0.0109,30.4965284747,114.4882061572,0.01344020886469829
4054,DATA13,DATA13,2021-11-18 06:25:45.000000,1321251945.0,30.496528511,114.488206028,32.0008,4.5,26,0.005162363799656123,0.0109,30.4965284747,114.4882061572,0.013040060245250213
4055,DATA13,DATA13,2021-11-18 06:25:46.000000,1321251946.0,30.496528515,114.488206031,32.0039,5.0,26,0.005162363799656123,0.0109,30.4965284747,114.4882061572,0.012913061176161473
4056,DATA13,DATA13,2021-11-18 06:25:47.000000,1321251947.0,30.496528513,114.488206016,32.0048,4.6,26,0.005162363799656123,0.0109,30.4965284747,114.4882061572,0.014205022889330097
4057,DATA13,DATA13,2021-11-18 06:25:48.000000,1321251948.0,30.496528518,114.488206014,31.9994,4.6,26,0.005162363799656123,0.0109,30.4965284747,114.4882061572,0.014561576395984597
4058,DATA13,DATA13,2021-11-18 06:25:49.000000,1321251949.0,30.49652853,114.48820602,32.0061,4.5,26,0.005162363799656123,0.0109,30.4965284747,114.4882061572,0.014528433330792604
4059,DATA13,DATA13,2021-11-18 06:25:50.000000,1321251950.0,30.496528511,114.488206017,32.007,4.2,26,0.005162363799656123,0.0109,30.4965284747,114.4882061572,0.014048325698967053
4060,DATA13,DATA13,2021-11-18 06:25:51.000000,1321251951.0,30.496528503,114.488206038,32.0031,4.7,26,0.005162363799656123,0.0109,30.4965284747,114.4882061572,0.011865818732059344
4061,DATA13,DATA13,2021-11-18 06:25:52.000000,1321251952.0,30.496528523,114.488206017,32.0053,4.3,26,0.005162363799656123,0.0109,30.4965284747,114.4882061572,0.014485596874876206
4062,DATA13,DATA13,2021-11-18 06:25:53.000000,1321251953.0,30.496528524,114.488205991,32.002,4.4,26,0.005162363799656123,0.0109,30.4965284747,114.4882061572,0.016865784200219846
4063,DATA13,DATA13,2021-11-18 06:25:54.000000,1321251954.0,30.496528518,114.488206023,32.0005,4.3,26,0.005162363799656123,0.0109,30.4965284747,114.4882061572,0.013748798374906827
4064,DATA13,DATA13,2021-11-18 06:25:55.000000,1321251955.0,30.49652852,114.48820602,31.9971,4.4,26,0.005162363799656123,0.0109,30.4965284747,114.4882061572,0.014096502724945684
4065,DATA13,DATA13,2021-11-18 06:25:56.000000,1321251956.0,30.496528514,114.488206016,32.0022,4.4,26,0.005162363799656123,0.0109,30.4965284747,114.4882061572,0.01423855345209306
4066,DATA13,DATA13,2021-11-18 06:25:57.000000,1321251957.0,30.496528519,114.488206005,32.001,3.8,26,0.005162363799656123,0.0109,30.4965284747,114.4882061572,0.015414902855521585
4067,DATA13,DATA13,2021-11-18 06:25:58.000000,1321251958.0,30.496528525,114.488206013,32.0066,4.1,26,0.005162363799656123,0.0109,30.4965284747,114.4882061572,0.014924507135146009
4068,DATA13,DATA13,2021-11-18 06:25:59.000000,1321251959.0,30.49652852,114.488206019,31.9979,5.0,26,0.005162363799656123,0.0109,30.4965284747,114.4882061572,0.014186247665824235
4069,DATA13,DATA13,2021-11-18 06:26:00.000000,1321251960.0,30.496528515,114.488206036,32.0007,4.3,25,0.0053075418038862395,0.0112,30.4965284747,114.4882061572,0.01246380073310245
4070,DATA13,DATA13,2021-11-18 06:26:01.000000,1321251961.0,30.496528509,114.488206027,32.0,4.2,25,0.0053075418038862395,0.0112,30.4965284747,114.4882061572,0.0130651646986896
4071,DATA13,DATA13,2021-11-18 06:26:02.000000,1321251962.0,30.496528509,114.488206018,32.0062,4.4,26,0.005162363799656123,0.0109,30.4965284747,114.4882061572,0.0138940624372095
4072,DATA13,DATA13,2021-11-18 06:26:03.000000,1321251963.0,30.496528506,114.488206006,32.0053,4.1,26,0.005162363799656123,0.0109,30.4965284747,114.4882061572,0.014924612011791988
4073,DATA13,DATA13,2021-11-18 06:26:04.000000,1321251964.0,30.496528522,114.488206003,32.0055,4.0,26,0.005162363799656123,0.0109,30.4965284747,114.4882061572,0.0157049176782366
4074,DATA13,DATA13,2021-11-18 06:26:05.000000,1321251965.0,30.496528508,114.488206009,32.004,4.5,26,0.005162363799656123,0.0109,30.4965284747,114.4882061572,0.014698764178141446
4075,DATA13,DATA13,2021-11-18 06:26:06.000000,1321251966.0,30.49652852,114.488206016,32.0022,4.4,26,0.005162363799656123,0.0109,30.4965284747,114.4882061572,0.014455965427082891
4076,DATA13,DATA13,2021-11-18 06:26:07.000000,1321251967.0,30.496528509,114.488206034,32.0041,4.2,26,0.005162363799656123,0.0109,30.4965284747,114.4882061572,0.01242377746047531
4077,DATA13,DATA13,2021-11-18 06:26:08.000000,1321251968.0,30.496528517,114.488206024,32.0034,4.4,26,0.005162363799656123,0.0109,30.4965284747,114.4882061572,0.013620313559966022
4078,DATA13,DATA13,2021-11-18 06:26:09.000000,1321251969.0,30.496528495,114.488206002,32.0051,4.7,26,0.005162363799656123,0.0109,30.4965284747,114.4882061572,0.015068638786484236
4079,DATA13,DATA13,2021-11-18 06:26:10.000000,1321251970.0,30.496528508,114.488206026,32.0063,4.3,26,0.005162363799656123,0.0109,30.4965284747,114.4882061572,0.013125430823190096
4080,DATA13,DATA13,2021-11-18 06:26:11.000000,1321251971.0,30.496528519,114.488206007,32.0071,4.0,26,0.005162363799656123,0.0109,30.4965284747,114.4882061572,0.01523302464228062
4081,DATA13,DATA13,2021-11-18 06:26:12.000000,1321251972.0,30.496528524,114.488206009,32.0034,4.4,26,0.005162363799656123,0.0109,30.4965284747,114.4882061572,0.015241274677755013
4082,DATA13,DATA13,2021-11-18 06:26:13.000000,1321251973.0,30.496528512,114.488206023,32.0068,4.6,26,0.005162363799656123,0.0109,30.4965284747,114.4882061572,0.013530923112919029
4083,DATA13,DATA13,2021-11-18 06:26:14.000000,1321251974.0,30.496528524,114.488206027,32.0006,4.8,26,0.005162363799656123,0.0109,30.4965284747,114.4882061572,0.013642232805557345
4084,DATA13,DATA13,2021-11-18 06:26:15.000000,1321251975.0,30.496528504,114.48820602,32.0085,4.2,26,0.005162363799656123,0.0109,30.4965284747,114.4882061572,0.013566198023823766
4085,DATA13,DATA13,2021-11-18 06:26:16.000000,1321251976.0,30.496528512,114.488206014,32.0083,3.7,26,0.005162363799656123,0.0109,30.4965284747,114.4882061572,0.014356041844066888
4086,DATA13,DATA13,2021-11-18 06:26:17.000000,1321251977.0,30.496528519,114.48820603,31.998,5.3,26,0.005162363799656123,0.0109,30.4965284747,114.4882061572,0.013162129392015215
4087,DATA13,DATA13,2021-11-18 06:26:18.000000,1321251978.0,30.496528512,114.488206033,32.0026,4.8,26,0.005162363799656123,0.0109,30.4965284747,114.4882061572,0.012620237044484001
4088,DATA13,DATA13,2021-11-18 06:26:19.000000,1321251979.0,30.496528512,114.488206037,32.0013,4.9,26,0.005162363799656123,0.0109,30.4965284747,114.4882061572,0.012258069632281664
4089,DATA13,DATA13,2021-11-18 06:26:20.000000,1321251980.0,30.496528527,114.488206015,32.0053,4.4,26,0.005162363799656123,0.0109,30.4965284747,114.4882061572,0.014831844737831343
4090,DATA13,DATA13,2021-11-18 06:26:21.000000,1321251981.0,30.49652852,114.488206026,32.003,4.5,26,0.005162363799656123,0.0109,30.4965284747,114.4882061572,0.01355983379589496
4091,DATA13,DATA13,2021-11-18 06:26:22.000000,1321251982.0,30.496528504,114.488206026,32.0085,4.0,26,0.005162363799656123,0.0109,30.4965284747,114.4882061572,0.013007668512799192
4092,DATA13,DATA13,2021-11-18 06:26:23.000000,1321251983.0,30.49652852,114.488206032,32.0054,4.1,26,0.005162363799656123,0.0109,30.4965284747,114.4882061572,0.013026525510920484
4093,DATA13,DATA13,2021-11-18 06:26:24.000000,1321251984.0,30.496528518,114.488206046,32.0034,5.2,25,0.0053075418038862395,0.0112,30.4965284747,114.4882061572,0.011705104220266887
4094,DATA13,DATA13,2021-11-18 06:26:25.000000,1321251985.0,30.496528517,114.488206039,32.0058,4.5,25,0.0053075418038862395,0.0112,30.4965284747,114.4882061571,0.012269454923636836
4095,DATA13,DATA13,2021-11-18 06:26:26.000000,1321251986.0,30.496528521,114.488206055,32.0088,4.4,25,0.0053075418038862395,0.0112,30.4965284747,114.4882061571,0.01106451402704744
4096,DATA13,DATA13,2021-11-18 06:26:27.000000,1321251987.0,30.496528506,114.488206015,32.0056,5.1,26,0.005162363799656123,0.0109,30.4965284747,114.4882061571,0.014076391397999374
4097,DATA13,DATA13,2021-11-18 06:26:28.000000,1321251988.0,30.496528532,114.488206048,32.0046,4.8,26,0.005162363799656123,0.0109,30.4965284747,114.4882061571,0.01224970209466416
4098,DATA13,DATA13,2021-11-18 06:26:29.000000,1321251989.0,30.496528527,114.488206051,32.0029,5.0,26,0.005162363799656123,0.0109,30.4965284747,114.4882061571,0.011720491291789656
4099,DATA13,DATA13,2021-11-18 06:26:30.000000,1321251990.0,30.496528505,114.488206035,32.0084,4.5,26,0.005162363799656123,0.0109,30.4965284747,114.4882061571,0.012193748966943923
4100,DATA13,DATA13,2021-11-18 06:26:31.000000,1321251991.0,30.496528506,114.488206038,32.0046,4.7,26,0.005162363799656123,0.0109,30.4965284747,114.4882061571,0.011948870106840561
4101,DATA13,DATA13,2021-11-18 06:26:32.000000,1321251992.0,30.496528521,114.488206046,32.0057,5.4,26,0.005162363799656123,0.0109,30.4965284747,114.4882061571,0.0118367303869493
4102,DATA13,DATA13,2021-11-18 06:26:33.000000,1321251993.0,30.496528507,114.488206034,32.0074,4.4,26,0.005162363799656123,0.0109,30.4965284747,114.4882061571,0.012348528516093775
4103,DATA13,DATA13,2021-11-18 06:26:34.000000,1321251994.0,30.496528505,114.488206031,32.0059,4.6,26,0.005162363799656123,0.0109,30.4965284747,114.4882061571,0.012563346577066068
4104,DATA13,DATA13,2021-11-18 06:26:35.000000,1321251995.0,30.496528501,114.488206026,32.0074,5.0,26,0.005162363799656123,0.0109,30.4965284747,114.4882061571,0.012919274494922271
4105,DATA13,DATA13,2021-11-18 06:26:36.000000,1321251996.0,30.496528517,114.488206017,32.0052,4.2,26,0.005162363799656123,0.0109,30.4965284747,114.4882061571,0.014244057623574969
4106,DATA13,DATA13,2021-11-18 06:26:37.000000,1321251997.0,30.496528508,114.488206041,32.0032,4.3,26,0.005162363799656123,0.0109,30.4965284747,114.4882061571,0.011741389089259847
4107,DATA13,DATA13,2021-11-18 06:26:38.000000,1321251998.0,30.496528506,114.488206032,32.0084,4.3,26,0.005162363799656123,0.0109,30.4965284747,114.4882061571,0.012501183051310658
4108,DATA13,DATA13,2021-11-18 06:26:39.000000,1321251999.0,30.49652853,114.488206035,32.0073,5.0,26,0.005162363799656123,0.0109,30.4965284747,114.4882061571,0.013228327741411364
4109,DATA13,DATA13,2021-11-18 06:26:40.000000,1321252000.0,30.496528497,114.488206037,32.0051,4.4,26,0.005162363799656123,0.0109,30.4965284747,114.4882061572,0.011801389075637036
4110,DATA13,DATA13,2021-11-18 06:26:41.000000,1321252001.0,30.496528522,114.48820605,32.0003,3.7,26,0.005162363799656123,0.0109,30.4965284748,114.4882061572,0.011545376036216007
4111,DATA13,DATA13,2021-11-18 06:26:42.000000,1321252002.0,30.496528521,114.48820604,32.0114,4.4,26,0.005162363799656123,0.0109,30.4965284747,114.4882061571,0.012358295377932935
4112,DATA13,DATA13,2021-11-18 06:26:43.000000,1321252003.0,30.49652851,114.488206035,32.0074,4.0,26,0.005162363799656123,0.0109,30.4965284748,114.4882061572,0.012363544957820334
4113,DATA13,DATA13,2021-11-18 06:26:44.000000,1321252004.0,30.496528506,114.488206023,32.0078,4.9,26,0.005162363799656123,0.0109,30.4965284748,114.4882061572,0.013339805024286732
4114,DATA13,DATA13,2021-11-18 06:26:45.000000,1321252005.0,30.49652853,114.488206028,32.0041,4.1,26,0.005162363799656123,0.0109,30.4965284747,114.4882061571,0.013827329228607492
4115,DATA13,DATA13,2021-11-18 06:26:46.000000,1321252006.0,30.496528513,114.488206047,32.0058,4.3,26,0.005162363799656123,0.0109,30.4965284747,114.4882061571,0.01139084846789693
4116,DATA13,DATA13,2021-11-18 06:26:47.000000,1321252007.0,30.496528517,114.488206042,32.0092,4.1,26,0.005162363799656123,0.0109,30.4965284747,114.4882061571,0.012003817154943608
4117,DATA13,DATA13,2021-11-18 06:26:48.000000,1321252008.0,30.496528507,114.488206042,32.0075,3.9,26,0.005162363799656123,0.0109,30.4965284747,114.4882061571,0.011615639760196281
4118,DATA13,DATA13,2021-11-18 06:26:49.000000,1321252009.0,30.496528504,114.488206041,32.0086,4.1,26,0.005162363799656123,0.0109,30.4965284747,114.4882061571,0.011609596292718847
4119,DATA13,DATA13,2021-11-18 06:26:50.000000,1321252010.0,30.496528511,114.488206031,32.0082,3.7,26,0.005162363799656123,0.0109,30.4965284747,114.4882061571,0.012757306224781297
4120,DATA13,DATA13,2021-11-18 06:26:51.000000,1321252011.0,30.496528502,114.488206028,32.0039,4.4,26,0.005162363799656123,0.0109,30.4965284747,114.4882061571,0.012758140127550024
4121,DATA13,DATA13,2021-11-18 06:26:52.000000,1321252012.0,30.496528506,114.48820603,32.0086,4.0,26,0.005162363799656123,0.0109,30.4965284747,114.4882061571,0.012685755225110014
4122,DATA13,DATA13,2021-11-18 06:26:53.000000,1321252013.0,30.496528499,114.488206049,32.013,4.1,26,0.005162363799656123,0.0109,30.4965284747,114.4882061571,0.010721854500892561
4123,DATA13,DATA13,2021-11-18 06:26:54.000000,1321252014.0,30.496528504,114.488206032,32.0085,4.4,26,0.005162363799656123,0.0109,30.4965284747,114.4882061571,0.01244146285352427
4124,DATA13,DATA13,2021-11-18 06:26:55.000000,1321252015.0,30.496528512,114.488206016,32.0113,3.6,26,0.005162363799656123,0.0109,30.4965284747,114.4882061571,0.014163097543830836
4125,DATA13,DATA13,2021-11-18 06:26:56.000000,1321252016.0,30.496528504,114.488206034,32.0108,3.8,26,0.005162363799656123,0.0109,30.4965284747,114.4882061571,0.012256219828123293
4126,DATA13,DATA13,2021-11-18 06:26:57.000000,1321252017.0,30.49652851,114.488206019,32.0098,4.5,26,0.005162363799656123,0.0109,30.4965284747,114.4882061571,0.013823494602584852
4127,DATA13,DATA13,2021-11-18 06:26:58.000000,1321252018.0,30.496528505,114.488206043,32.0159,4.2,26,0.005162363799656123,0.0109,30.4965284747,114.4882061571,0.011457396756371306
4128,DATA13,DATA13,2021-11-18 06:26:59.000000,1321252019.0,30.4965285,114.488206047,32.0131,4.2,26,0.005162363799656123,0.0109,30.4965284747,114.4882061571,0.010935714214746987
4129,DATA13,DATA13,2021-11-18 06:27:00.000000,1321252020.0,30.496528506,114.48820603,32.0159,3.5,26,0.005162363799656123,0.0109,30.4965284747,114.4882061571,0.012685754974899596
4130,DATA13,DATA13,2021-11-18 06:27:01.000000,1321252021.0,30.496528504,114.488206056,32.0083,3.6,26,0.005162363799656123,0.0109,30.4965284747,114.4882061571,0.010235001258336573
4131,DATA13,DATA13,2021-11-18 06:27:02.000000,1321252022.0,30.496528504,114.488206023,32.0167,3.4,26,0.005162363799656123,0.0109,30.4965284747,114.4882061571,0.013277436739126404
4132,DATA13,DATA13,2021-11-18 06:27:03.000000,1321252023.0,30.496528506,114.488206024,32.0133,3.6,26,0.005162363799656123,0.0109,30.4965284747,114.4882061571,0.013240743188836916
4133,DATA13,DATA13,2021-11-18 06:27:04.000000,1321252024.0,30.496528504,114.488206025,32.0122,3.4,26,0.005162363799656123,0.0109,30.4965284747,114.4882061571,0.013091351122292105
4134,DATA13,DATA13,2021-11-18 06:27:05.000000,1321252025.0,30.496528508,114.488206027,32.0056,3.5,26,0.005162363799656123,0.0109,30.4965284747,114.4882061571,0.013024123336373875
4135,DATA13,DATA13,2021-11-18 06:27:06.000000,1321252026.0,30.496528498,114.488206027,32.0095,3.4,26,0.005162363799656123,0.0109,30.4965284747,114.4882061571,0.01275427357447646
4136,DATA13,DATA13,2021-11-18 06:27:07.000000,1321252027.0,30.496528497,114.488206035,32.009,3.5,26,0.005162363799656123,0.0109,30.4965284747,114.4882061571,0.011979806736757704
4137,DATA13,DATA13,2021-11-18 06:27:08.000000,1321252028.0,30.496528508,114.488206045,32.0075,4.0,26,0.005162363799656123,0.0109,30.4965284747,114.4882061571,0.011377494124040181
4138,DATA13,DATA13,2021-11-18 06:27:09.000000,1321252029.0,30.49652851,114.488206036,32.0122,3.1,26,0.005162363799656123,0.0109,30.4965284747,114.4882061571,0.012266917467595827
4139,DATA13,DATA13,2021-11-18 06:27:10.000000,1321252030.0,30.496528499,114.488206048,32.0108,4.0,26,0.005162363799656123,0.0109,30.4965284747,114.4882061571,0.010814804821256812
4140,DATA13,DATA13,2021-11-18 06:27:11.000000,1321252031.0,30.496528493,114.488206051,32.0088,4.3,26,0.005162363799656123,0.0109,30.4965284747,114.4882061571,0.010385970302484818
4141,DATA13,DATA13,2021-11-18 06:27:12.000000,1321252032.0,30.496528513,114.488206053,32.0113,3.6,26,0.005162363799656123,0.0109,30.4965284747,114.4882061571,0.010858469263881641
4142,DATA13,DATA13,2021-11-18 06:27:13.000000,1321252033.0,30.496528497,114.488206033,32.0156,4.2,26,0.005162363799656123,0.0109,30.4965284747,114.4882061571,0.012167744986787759
4143,DATA13,DATA13,2021-11-18 06:27:14.000000,1321252034.0,30.4965285,114.488206019,32.0109,3.3,26,0.005162363799656123,0.0109,30.4965284747,114.4882061571,0.013551424601236097
4144,DATA13,DATA13,2021-11-18 06:27:15.000000,1321252035.0,30.496528495,114.488206034,32.0113,3.6,26,0.005162363799656123,0.0109,30.4965284747,114.4882061571,0.012030317775108594
4145,DATA13,DATA13,2021-11-18 06:27:16.000000,1321252036.0,30.496528487,114.488206028,32.0115,3.5,26,0.005162363799656123,0.0109,30.4965284747,114.4882061571,0.012468749693317049
4146,DATA13,DATA13,2021-11-18 06:27:17.000000,1321252037.0,30.496528492,114.488206033,32.0138,3.8,26,0.005162363799656123,0.0109,30.4965284747,114.4882061571,0.012067334192173942
4147,DATA13,DATA13,2021-11-18 06:27:18.000000,1321252038.0,30.496528498,114.488206041,32.0124,3.9,26,0.005162363799656123,0.0109,30.4965284747,114.4882061571,0.011441325279534238
4148,DATA13,DATA13,2021-11-18 06:27:19.000000,1321252039.0,30.496528507,114.48820602,32.0113,3.4,26,0.005162363799656123,0.0109,30.4965284747,114.4882061571,0.013640386406590668
4149,DATA13,DATA13,2021-11-18 06:27:20.000000,1321252040.0,30.496528486,114.488206036,32.0148,3.6,26,0.005162363799656123,0.0109,30.4965284747,114.4882061571,0.01169323962233963
4150,DATA13,DATA13,2021-11-18 06:27:21.000000,1321252041.0,30.496528481,114.488206034,32.0131,3.5,26,0.005162363799656123,0.0109,30.4965284747,114.4882061571,0.011838566439969314
4151,DATA13,DATA13,2021-11-18 06:27:22.000000,1321252042.0,30.496528495,114.488206031,32.0089,3.8,26,0.005162363799656123,0.0109,30.4965284747,114.4882061571,0.012313358855912124
4152,DATA13,DATA13,2021-11-18 06:27:23.000000,1321252043.0,30.496528495,114.488206039,32.012,4.0,26,0.005162363799656123,0.0109,30.4965284747,114.4882061571,0.011559125245449131
4153,DATA13,DATA13,2021-11-18 06:27:24.000000,1321252044.0,30.496528505,114.488206043,32.0119,3.6,26,0.005162363799656123,0.0109,30.4965284747,114.4882061571,0.011457396871933541
4154,DATA13,DATA13,2021-11-18 06:27:25.000000,1321252045.0,30.496528497,114.488206032,32.0101,3.7,26,0.005162363799656123,0.0109,30.4965284747,114.488206157,0.012252357838724113
4155,DATA13,DATA13,2021-11-18 06:27:26.000000,1321252046.0,30.49652849,114.48820603,32.0107,3.4,26,0.005162363799656123,0.0109,30.4965284747,114.488206157,0.012309776352598977
4156,DATA13,DATA13,2021-11-18 06:27:27.000000,1321252047.0,30.4965285,114.488206048,32.0101,4.0,26,0.005162363799656123,0.0109,30.4965284747,114.488206157,0.010833679119630242
4157,DATA13,DATA13,2021-11-18 06:27:28.000000,1321252048.0,30.496528495,114.488206035,32.0116,3.6,26,0.005162363799656123,0.0109,30.4965284747,114.488206157,0.011926595393711228
4158,DATA13,DATA13,2021-11-18 06:27:29.000000,1321252049.0,30.496528489,114.488206032,32.0076,3.5,26,0.005162363799656123,0.0109,30.4965284747,114.488206157,0.012104614321710375
4159,DATA13,DATA13,2021-11-18 06:27:30.000000,1321252050.0,30.49652848,114.48820605,32.0131,3.7,26,0.005162363799656123,0.0109,30.4965284747,114.488206157,0.010289091010344436
4160,DATA13,DATA13,2021-11-18 06:27:31.000000,1321252051.0,30.49652849,114.488206038,32.0161,4.0,26,0.005162363799656123,0.0109,30.4965284747,114.488206157,0.01154956490686862
4161,DATA13,DATA13,2021-11-18 06:27:32.000000,1321252052.0,30.496528517,114.488206047,32.0091,4.0,26,0.005162363799656123,0.0109,30.4965284747,114.488206157,0.011554694417373088
4162,DATA13,DATA13,2021-11-18 06:27:33.000000,1321252053.0,30.49652849,114.488206048,32.0084,3.9,26,0.005162363799656123,0.0109,30.4965284747,114.488206157,0.010600884904994102
4163,DATA13,DATA13,2021-11-18 06:27:34.000000,1321252054.0,30.496528496,114.488206035,32.0134,3.8,26,0.005162363799656123,0.0109,30.4965284747,114.488206157,0.011948010602563338
4164,DATA13,DATA13,2021-11-18 06:27:35.000000,1321252055.0,30.4965285,114.488206045,32.011,3.8,26,0.005162363799656123,0.0109,30.4965284747,114.488206157,0.011112117918001048
4165,DATA13,DATA13,2021-11-18 06:27:36.000000,1321252056.0,30.496528501,114.488206046,32.008,3.3,26,0.005162363799656123,0.0109,30.4965284747,114.488206157,0.011047988171636108
4166,DATA13,DATA13,2021-11-18 06:27:37.000000,1321252057.0,30.496528493,114.488206047,32.0095,3.8,25,0.0053075418038862395,0.0112,30.4965284747,114.488206157,0.010753419110046115
4167,DATA13,DATA13,2021-11-18 06:27:38.000000,1321252058.0,30.496528493,114.488206049,32.0124,4.2,25,0.0053075418038862395,0.0112,30.4965284747,114.488206157,0.010564923658954463
4168,DATA13,DATA13,2021-11-18 06:27:39.000000,1321252059.0,30.496528488,114.488206037,32.0082,3.6,25,0.0053075418038862395,0.0112,30.4965284747,114.488206157,0.011614310545857652
4169,DATA13,DATA13,2021-11-18 06:27:40.000000,1321252060.0,30.496528493,114.488206035,32.0104,3.3,26,0.005162363799656123,0.0109,30.4965284747,114.488206157,0.011886751935203369
4170,DATA13,DATA13,2021-11-18 06:27:41.000000,1321252061.0,30.496528483,114.488206047,32.0131,3.7,26,0.005162363799656123,0.0109,30.4965284747,114.488206157,0.010600320982039306
4171,DATA13,DATA13,2021-11-18 06:27:42.000000,1321252062.0,30.496528492,114.488206029,32.0093,3.9,26,0.005162363799656123,0.0109,30.4965284747,114.488206157,0.012437128059637398
4172,DATA13,DATA13,2021-11-18 06:27:43.000000,1321252063.0,30.4965285,114.488206041,32.005,4.3,26,0.005162363799656123,0.0109,30.4965284747,114.488206157,0.011484103639348618
4173,DATA13,DATA13,2021-11-18 06:27:44.000000,1321252064.0,30.496528484,114.488206024,32.0105,4.3,26,0.005162363799656123,0.0109,30.4965284747,114.488206157,0.01280993367541025
4174,DATA13,DATA13,2021-11-18 06:27:45.000000,1321252065.0,30.496528504,114.488206028,32.0076,3.9,26,0.005162363799656123,0.0109,30.4965284747,114.488206157,0.012803262499072723
4175,DATA13,DATA13,2021-11-18 06:27:46.000000,1321252066.0,30.496528484,114.488206025,32.0106,3.8,26,0.005162363799656123,0.0109,30.4965284747,114.488206157,0.01271424429279281
4176,DATA13,DATA13,2021-11-18 06:27:47.000000,1321252067.0,30.496528485,114.488206046,32.0121,3.8,26,0.005162363799656123,0.0109,30.4965284747,114.488206157,0.010717316075352359
4177,DATA13,DATA13,2021-11-18 06:27:48.000000,1321252068.0,30.496528492,114.488206021,32.0083,4.1,26,0.005162363799656123,0.0109,30.4965284747,114.488206157,0.01319649524697071
4178,DATA13,DATA13,2021-11-18 06:27:49.000000,1321252069.0,30.4965285,114.488206057,32.0096,4.2,26,0.005162363799656123,0.0109,30.4965284747,114.488206157,0.010001613504761194
4179,DATA13,DATA13,2021-11-18 06:27:50.000000,1321252070.0,30.496528491,114.48820602,32.0126,4.0,26,0.005162363799656123,0.0109,30.4965284747,114.488206157,0.013275941961446169
4180,DATA13,DATA13,2021-11-18 06:27:51.000000,1321252071.0,30.496528486,114.488206037,32.0129,4.6,26,0.005162363799656123,0.0109,30.4965284747,114.488206157,0.01158824968351981
4181,DATA13,DATA13,2021-11-18 06:27:52.000000,1321252072.0,30.4965285,114.488206011,32.0083,4.1,26,0.005162363799656123,0.0109,30.4965284747,114.488206157,0.014294286519848539
4182,DATA13,DATA13,2021-11-18 06:27:53.000000,1321252073.0,30.496528485,114.488206043,32.0081,4.5,26,0.005162363799656123,0.0109,30.4965284747,114.488206157,0.011003728358927605
4183,DATA13,DATA13,2021-11-18 06:27:54.000000,1321252074.0,30.496528483,114.488206032,32.0115,4.0,26,0.005162363799656123,0.0109,30.4965284747,114.488206157,0.0120355772650377
4184,DATA13,DATA13,2021-11-18 06:27:55.000000,1321252075.0,30.49652848,114.488206022,32.0145,4.5,26,0.005162363799656123,0.0109,30.4965284747,114.488206157,0.01297369169914136
4185,DATA13,DATA13,2021-11-18 06:27:56.000000,1321252076.0,30.496528494,114.488206044,32.0033,4.0,26,0.005162363799656123,0.0109,30.4965284747,114.488206157,0.011057306327927684
4186,DATA13,DATA13,2021-11-18 06:27:57.000000,1321252077.0,30.496528491,114.488206039,32.0089,4.0,26,0.005162363799656123,0.0109,30.4965284747,114.488206157,0.011471551538273056
4187,DATA13,DATA13,2021-11-18 06:27:58.000000,1321252078.0,30.496528481,114.488206044,32.0065,4.3,26,0.005162363799656123,0.0109,30.4965284747,114.488206157,0.010870778545615165
4188,DATA13,DATA13,2021-11-18 06:27:59.000000,1321252079.0,30.496528492,114.488206021,32.0078,4.7,26,0.005162363799656123,0.0109,30.4965284747,114.488206157,0.013196495096563522
4189,DATA13,DATA13,2021-11-18 06:28:00.000000,1321252080.0,30.496528498,114.488206044,32.0054,4.5,26,0.005162363799656123,0.0109,30.4965284747,114.488206157,0.011151604383433818
4190,DATA13,DATA13,2021-11-18 06:28:01.000000,1321252081.0,30.496528483,114.488206029,32.009,3.9,26,0.005162363799656123,0.0109,30.4965284747,114.4882061569,0.012313189404833344
4191,DATA13,DATA13,2021-11-18 06:28:02.000000,1321252082.0,30.496528481,114.488206016,32.0119,3.6,26,0.005162363799656123,0.0109,30.4965284747,114.488206157,0.01355440286030047
4192,DATA13,DATA13,2021-11-18 06:28:03.000000,1321252083.0,30.496528486,114.488206032,32.009,4.2,26,0.005162363799656123,0.0109,30.4965284747,114.488206157,0.012065561957330044
4193,DATA13,DATA13,2021-11-18 06:28:04.000000,1321252084.0,30.496528499,114.488206033,32.0073,4.2,26,0.005162363799656123,0.0109,30.4965284747,114.4882061569,0.01219599761591785
4194,DATA13,DATA13,2021-11-18 06:28:05.000000,1321252085.0,30.496528484,114.488206027,32.012,4.7,26,0.005162363799656123,0.0109,30.4965284747,114.4882061569,0.01251331234001409
4195,DATA13,DATA13,2021-11-18 06:28:06.000000,1321252086.0,30.496528498,114.488206025,32.0052,4.4,26,0.005162363799656123,0.0109,30.4965284747,114.4882061569,0.01292354687953316
4196,DATA13,DATA13,2021-11-18 06:28:07.000000,1321252087.0,30.496528499,114.488206024,32.0097,4.4,26,0.005162363799656123,0.0109,30.4965284747,114.4882061569,0.013040077859421084
4197,DATA13,DATA13,2021-11-18 06:28:08.000000,1321252088.0,30.496528485,114.488206033,32.008,4.2,26,0.005162363799656123,0.0109,30.4965284747,114.4882061569,0.011949433239229045
4198,DATA13,DATA13,2021-11-18 06:28:09.000000,1321252089.0,30.496528478,114.488206019,32.0138,4.5,26,0.005162363799656123,0.0109,30.4965284747,114.4882061569,0.013243841908141787
4199,DATA13,DATA13,2021-11-18 06:28:10.000000,1321252090.0,30.496528495,114.488206032,32.0128,4.2,26,0.005162363799656123,0.0109,30.4965284747,114.4882061569,0.012200115649323757
4200,DATA13,DATA13,2021-11-18 06:28:11.000000,1321252091.0,30.496528494,114.488206014,32.0067,4.1,26,0.005162363799656123,0.0109,30.4965284747,114.4882061569,0.01388465234012391
4201,DATA13,DATA13,2021-11-18 06:28:12.000000,1321252092.0,30.496528483,114.488206038,32.0083,5.1,26,0.005162363799656123,0.0109,30.4965284747,114.4882061569,0.011451761930414446
4202,DATA13,DATA13,2021-11-18 06:28:13.000000,1321252093.0,30.496528486,114.488206028,32.0017,3.8,26,0.005162363799656123,0.0109,30.4965284747,114.4882061569,0.012438011033829108
4203,DATA13,DATA13,2021-11-18 06:28:14.000000,1321252094.0,30.49652847,114.488206024,32.0069,4.2,26,0.005162363799656123,0.0109,30.4965284747,114.4882061569,0.01276941080005788
4204,DATA13,DATA13,2021-11-18 06:28:15.000000,1321252095.0,30.49652848,114.48820601,32.0137,4.0,26,0.005162363799656123,0.0109,30.4965284747,114.4882061569,0.014115048551879141
4205,DATA13,DATA13,2021-11-18 06:28:16.000000,1321252096.0,30.496528479,114.488206032,32.0096,4.6,26,0.005162363799656123,0.0109,30.4965284747,114.4882061569,0.012000224297616022
4206,DATA13,DATA13,2021-11-18 06:28:17.000000,1321252097.0,30.496528468,114.488206008,32.0076,4.4,26,0.005162363799656123,0.0109,30.4965284747,114.4882061569,0.014314103914175058
4207,DATA13,DATA13,2021-11-18 06:28:18.000000,1321252098.0,30.496528489,114.488206018,32.0046,4.7,26,0.005162363799656123,0.0109,30.4965284747,114.4882061569,0.013428696879666704
4208,DATA13,DATA13,2021-11-18 06:28:19.000000,1321252099.0,30.49652848,114.488206028,32.01,5.0,26,0.005162363799656123,0.0109,30.4965284747,114.4882061569,0.012388705072954734
4209,DATA13,DATA13,2021-11-18 06:28:20.000000,1321252100.0,30.496528486,114.488206019,32.0081,5.0,26,0.005162363799656123,0.0109,30.4965284747,114.4882061569,0.013297926535259711
4210,DATA13,DATA13,2021-11-18 06:28:21.000000,1321252101.0,30.496528465,114.48820602,32.0094,4.6,26,0.005162363799656123,0.0109,30.4965284747,114.4882061569,0.013186704926507104
4211,DATA13,DATA13,2021-11-18 06:28:22.000000,1321252102.0,30.496528482,114.488206012,32.0073,4.4,26,0.005162363799656123,0.0109,30.4965284747,114.4882061569,0.01393432810655948
4212,DATA13,DATA13,2021-11-18 06:28:23.000000,1321252103.0,30.49652848,114.488206022,32.0078,4.3,26,0.005162363799656123,0.0109,30.4965284747,114.4882061569,0.01296410127378741
4213,DATA13,DATA13,2021-11-18 06:28:24.000000,1321252104.0,30.496528477,114.488206013,32.0071,4.7,26,0.005162363799656123,0.0109,30.4965284747,114.4882061569,0.013817159102333892
4214,DATA13,DATA13,2021-11-18 06:28:25.000000,1321252105.0,30.496528465,114.488206011,32.0105,4.5,26,0.005162363799656123,0.0109,30.4965284747,114.4882061569,0.014048029203959136
4215,DATA13,DATA13,2021-11-18 06:28:26.000000,1321252106.0,30.49652849,114.488206004,32.0097,4.4,26,0.005162363799656123,0.0109,30.4965284747,114.4882061569,0.014776504903625299
4216,DATA13,DATA13,2021-11-18 06:28:27.000000,1321252107.0,30.496528474,114.488206003,32.0104,5.0,26,0.005162363799656123,0.0109,30.4965284747,114.4882061569,0.014775036542239188
4217,DATA13,DATA13,2021-11-18 06:28:28.000000,1321252108.0,30.496528478,114.488206018,32.0109,4.6,26,0.005162363799656123,0.0109,30.4965284747,114.4882061569,0.013339809134611453
4218,DATA13,DATA13,2021-11-18 06:28:29.000000,1321252109.0,30.496528484,114.48820601,32.0135,4.2,26,0.005162363799656123,0.0109,30.4965284747,114.4882061569,0.014140450765975261
4219,DATA13,DATA13,2021-11-18 06:28:30.000000,1321252110.0,30.496528476,114.48820601,32.0123,4.6,26,0.005162363799656123,0.0109,30.4965284747,114.4882061569,0.01410355009366397
4220,DATA13,DATA13,2021-11-18 06:28:31.000000,1321252111.0,30.496528472,114.488205995,32.0085,4.4,26,0.005162363799656123,0.0109,30.4965284747,114.4882061569,0.015545738522848894
4221,DATA13,DATA13,2021-11-18 06:28:32.000000,1321252112.0,30.496528473,114.48820601,32.0068,4.9,26,0.005162363799656123,0.0109,30.4965284747,114.4882061569,0.014104072854392847
4222,DATA13,DATA13,2021-11-18 06:28:33.000000,1321252113.0,30.496528477,114.488206005,32.0119,4.6,26,0.005162363799656123,0.0109,30.4965284747,114.4882061569,0.014585057710430348
4223,DATA13,DATA13,2021-11-18 06:28:34.000000,1321252114.0,30.496528481,114.488206012,32.0089,4.2,26,0.005162363799656123,0.0109,30.4965284747,114.4882061569,0.013928328854444545
4224,DATA13,DATA13,2021-11-18 06:28:35.000000,1321252115.0,30.496528494,114.488206002,32.0075,5.2,26,0.005162363799656123,0.0109,30.4965284747,114.4882061569,0.015023973108639621
4225,DATA13,DATA13,2021-11-18 06:28:36.000000,1321252116.0,30.496528472,114.488206004,32.0117,5.3,26,0.005162363799656123,0.0109,30.4965284747,114.4882061569,0.014681882208890787
4226,DATA13,DATA13,2021-11-18 06:28:37.000000,1321252117.0,30.496528494,114.488206014,32.0015,5.0,26,0.005162363799656123,0.0109,30.4965284747,114.4882061569,0.013884652019143436
4227,DATA13,DATA13,2021-11-18 06:28:38.000000,1321252118.0,30.496528478,114.488206003,32.0037,5.2,26,0.005162363799656123,0.0109,30.4965284747,114.4882061569,0.014779361324917058
4228,DATA13,DATA13,2021-11-18 06:28:39.000000,1321252119.0,30.496528476,114.488206014,32.0086,5.0,26,0.005162363799656123,0.0109,30.4965284747,114.4882061569,0.013719560028312636
4229,DATA13,DATA13,2021-11-18 06:28:40.000000,1321252120.0,30.496528474,114.48820601,32.0111,4.5,26,0.005162363799656123,0.0109,30.4965284747,114.4882061569,0.014103027559085912
4230,DATA13,DATA13,2021-11-18 06:28:41.000000,1321252121.0,30.496528477,114.488205997,32.0032,4.2,26,0.005162363799656123,0.0109,30.4965284747,114.4882061569,0.015352968721581272
4231,DATA13,DATA13,2021-11-18 06:28:42.000000,1321252122.0,30.496528468,114.488205996,32.0124,4.7,26,0.005162363799656123,0.0109,30.4965284746,114.4882061569,0.015464172481612158
4232,DATA13,DATA13,2021-11-18 06:28:43.000000,1321252123.0,30.496528483,114.488205996,32.006,4.4,26,0.005162363799656123,0.0109,30.4965284746,114.4882061569,0.015474897792076054
4233,DATA13,DATA13,2021-11-18 06:28:44.000000,1321252124.0,30.49652848,114.488206,32.0079,5.1,26,0.005162363799656123,0.0109,30.4965284746,114.4882061569,0.015074733076197923
4234,DATA13,DATA13,2021-11-18 06:28:45.000000,1321252125.0,30.496528474,114.488205996,32.0092,4.4,26,0.005162363799656123,0.0109,30.4965284746,114.4882061569,0.01544699595949999
4235,DATA13,DATA13,2021-11-18 06:28:46.000000,1321252126.0,30.496528487,114.488206003,32.0062,3.7,26,0.005162363799656123,0.0109,30.4965284746,114.4882061569,0.014838646915441806
4236,DATA13,DATA13,2021-11-18 06:28:47.000000,1321252127.0,30.496528477,114.488205988,32.0105,5.1,26,0.005162363799656123,0.0109,30.4965284746,114.4882061569,0.016217057914095404
4237,DATA13,DATA13,2021-11-18 06:28:48.000000,1321252128.0,30.496528475,114.488206007,32.0072,5.2,26,0.005162363799656123,0.0109,30.4965284746,114.4882061569,0.014390890690509245
4238,DATA13,DATA13,2021-11-18 06:28:49.000000,1321252129.0,30.496528487,114.488206018,32.0104,5.5,26,0.005162363799656123,0.0109,30.4965284746,114.4882061569,0.013405461840720527
4239,DATA13,DATA13,2021-11-18 06:28:50.000000,1321252130.0,30.496528476,114.488206,32.0042,4.5,26,0.005162363799656123,0.0109,30.4965284746,114.4882061569,0.015063641263425792
4240,DATA13,DATA13,2021-11-18 06:28:51.000000,1321252131.0,30.496528477,114.488206,32.0064,4.8,26,0.005162363799656123,0.0109,30.4965284746,114.4882061569,0.01506519088352903
4241,DATA13,DATA13,2021-11-18 06:28:52.000000,1321252132.0,30.496528486,114.488205994,32.0048,4.9,26,0.005162363799656123,0.0109,30.4965284746,114.4882061569,0.01568984298930323
4242,DATA13,DATA13,2021-11-18 06:28:53.000000,1321252133.0,30.496528482,114.488205992,32.0059,4.8,26,0.005162363799656123,0.0109,30.4965284746,114.4882061569,0.015852105496177965
4243,DATA13,DATA13,2021-11-18 06:28:54.000000,1321252134.0,30.496528464,114.488205996,32.01,6.1,26,0.005162363799656123,0.0109,30.4965284746,114.4882061569,0.015491488027421004
4244,DATA13,DATA13,2021-11-18 06:28:55.000000,1321252135.0,30.496528474,114.488205991,32.0086,4.7,26,0.005162363799656123,0.0109,30.4965284746,114.4882061569,0.01592700597482436
4245,DATA13,DATA13,2021-11-18 06:28:56.000000,1321252136.0,30.49652848,114.488205994,32.0032,4.8,26,0.005162363799656123,0.0109,30.4965284746,114.4882061569,0.015650313899629304
4246,DATA13,DATA13,2021-11-18 06:28:57.000000,1321252137.0,30.496528479,114.48820599,32.0078,4.3,26,0.005162363799656123,0.0109,30.4965284746,114.4882061569,0.01603029382873872
4247,DATA13,DATA13,2021-11-18 06:28:58.000000,1321252138.0,30.496528477,114.488205987,32.0106,5.1,26,0.005162363799656123,0.0109,30.4965284746,114.4882061569,0.016313048793289604
4248,DATA13,DATA13,2021-11-18 06:28:59.000000,1321252139.0,30.496528476,114.488205979,32.0072,5.1,26,0.005162363799656123,0.0109,30.4965284746,114.4882061569,0.01707960632510656
4249,DATA13,DATA13,2021-11-18 06:29:00.000000,1321252140.0,30.496528467,114.488205975,32.0093,5.3,26,0.005162363799656123,0.0109,30.4965284746,114.4882061568,0.01747363790123952
4250,DATA13,DATA13,2021-11-18 06:29:01.000000,1321252141.0,30.496528466,114.488205981,32.0123,4.3,26,0.005162363799656123,0.0109,30.4965284746,114.4882061569,0.01691378846527306
4251,DATA13,DATA13,2021-11-18 06:29:02.000000,1321252142.0,30.496528488,114.488205984,32.0052,4.2,26,0.005162363799656123,0.0109,30.4965284746,114.4882061568,0.01665566708762263
4252,DATA13,DATA13,2021-11-18 06:29:03.000000,1321252143.0,30.496528485,114.488205992,32.008,4.5,26,0.005162363799656123,0.0109,30.4965284746,114.4882061568,0.015863218339194317
4253,DATA13,DATA13,2021-11-18 06:29:04.000000,1321252144.0,30.496528491,114.488206002,32.0071,5.2,26,0.005162363799656123,0.0109,30.4965284746,114.4882061568,0.014972038151873143
4254,DATA13,DATA13,2021-11-18 06:29:05.000000,1321252145.0,30.496528489,114.488206002,32.0106,5.2,26,0.005162363799656123,0.0109,30.4965284746,114.4882061568,0.014946734046391765
4255,DATA13,DATA13,2021-11-18 06:29:06.000000,1321252146.0,30.496528499,114.488206006,32.0039,4.9,26,0.005162363799656123,0.0109,30.4965284746,114.4882061568,0.014727768968724094
4256,DATA13,DATA13,2021-11-18 06:29:07.000000,1321252147.0,30.496528496,114.488205982,32.0076,5.0,26,0.005162363799656123,0.0109,30.4965284746,114.4882061568,0.016948162938311657
4257,DATA13,DATA13,2021-11-18 06:29:08.000000,1321252148.0,30.496528488,114.488205995,32.0028,4.7,26,0.005162363799656123,0.0109,30.4965284746,114.4882061568,0.015604130571475631
4258,DATA13,DATA13,2021-11-18 06:29:09.000000,1321252149.0,30.496528491,114.488205993,32.0014,5.2,26,0.005162363799656123,0.0109,30.4965284746,114.4882061568,0.015830017222620254
4259,DATA13,DATA13,2021-11-18 06:29:10.000000,1321252150.0,30.496528499,114.488205996,32.0033,5.5,26,0.005162363799656123,0.0109,30.4965284746,114.4882061568,0.015672456970879864
4260,DATA13,DATA13,2021-11-18 06:29:11.000000,1321252151.0,30.496528485,114.488205986,32.0082,4.8,26,0.005162363799656123,0.0109,30.4965284746,114.4882061568,0.01643776650919053
4261,DATA13,DATA13,2021-11-18 06:29:12.000000,1321252152.0,30.496528491,114.488205983,32.0072,4.4,26,0.005162363799656123,0.0109,30.4965284746,114.4882061568,0.01678405402163358
4262,DATA13,DATA13,2021-11-18 06:29:13.000000,1321252153.0,30.496528497,114.48820598,32.0048,4.5,26,0.005162363799656123,0.0109,30.4965284746,114.4882061568,0.017153996701027813
4263,DATA13,DATA13,2021-11-18 06:29:14.000000,1321252154.0,30.496528485,114.488205983,32.0072,3.7,26,0.005162363799656123,0.0109,30.4965284746,114.4882061568,0.016725077029101233
4264,DATA13,DATA13,2021-11-18 06:29:15.000000,1321252155.0,30.496528492,114.488205972,32.004,4.1,26,0.005162363799656123,0.0109,30.4965284746,114.4882061568,0.017845880396087383
4265,DATA13,DATA13,2021-11-18 06:29:16.000000,1321252156.0,30.496528491,114.488205957,32.0103,4.2,26,0.005162363799656123,0.0109,30.4965284746,114.4882061568,0.019267337196458772
4266,DATA13,DATA13,2021-11-18 06:29:17.000000,1321252157.0,30.496528497,114.488205965,32.0029,4.3,26,0.005162363799656123,0.0109,30.4965284746,114.4882061568,0.0185800398442123
4267,DATA13,DATA13,2021-11-18 06:29:18.000000,1321252158.0,30.496528497,114.488205968,32.0062,4.4,26,0.005162363799656123,0.0109,30.4965284746,114.4882061568,0.018294655400779094
4268,DATA13,DATA13,2021-11-18 06:29:19.000000,1321252159.0,30.496528485,114.488205974,32.0068,4.7,26,0.005162363799656123,0.0109,30.4965284746,114.4882061568,0.01758714939455811
4269,DATA13,DATA13,2021-11-18 06:29:20.000000,1321252160.0,30.496528481,114.488205977,32.0068,5.1,26,0.005162363799656123,0.0109,30.4965284746,114.4882061568,0.017275882432915196
4270,DATA13,DATA13,2021-11-18 06:29:21.000000,1321252161.0,30.496528504,114.488205975,32.0013,3.9,26,0.005162363799656123,0.0109,30.4965284746,114.4882061568,0.017755037154298534
4271,DATA13,DATA13,2021-11-18 06:29:22.000000,1321252162.0,30.496528495,114.48820598,32.0005,5.2,26,0.005162363799656123,0.0109,30.4965284746,114.4882061568,0.017123304104338186
4272,DATA13,DATA13,2021-11-18 06:29:23.000000,1321252163.0,30.496528483,114.488205979,32.0013,4.8,26,0.005162363799656123,0.0109,30.4965284746,114.4882061568,0.017094684477854942
4273,DATA13,DATA13,2021-11-18 06:29:24.000000,1321252164.0,30.496528499,114.488205964,32.002,5.2,26,0.005162363799656123,0.0109,30.4965284746,114.4882061568,0.018705958709498295
4274,DATA13,DATA13,2021-11-18 06:29:25.000000,1321252165.0,30.49652849,114.488205965,32.0052,5.6,26,0.005162363799656123,0.0109,30.4965284746,114.4882061568,0.018492319279285217
4275,DATA13,DATA13,2021-11-18 06:29:26.000000,1321252166.0,30.496528501,114.488205967,32.0043,5.7,26,0.005162363799656123,0.0109,30.4965284746,114.4882061567,0.018445409826215693
4276,DATA13,DATA13,2021-11-18 06:29:27.000000,1321252167.0,30.496528499,114.488205978,32.0043,4.7,26,0.005162363799656123,0.0109,30.4965284746,114.4882061567,0.017367652054908055
4277,DATA13,DATA13,2021-11-18 06:29:28.000000,1321252168.0,30.496528483,114.488205958,32.0063,4.7,26,0.005162363799656123,0.0109,30.4965284746,114.4882061567,0.01909847866080339
4278,DATA13,DATA13,2021-11-18 06:29:29.000000,1321252169.0,30.496528481,114.488205955,32.0082,4.7,26,0.005162363799656123,0.0109,30.4965284746,114.4882061567,0.01937676450986675
4279,DATA13,DATA13,2021-11-18 06:29:30.000000,1321252170.0,30.496528505,114.488205966,32.0037,4.1,26,0.005162363799656123,0.0109,30.4965284746,114.4882061567,0.018615355726067227
4280,DATA13,DATA13,2021-11-18 06:29:31.000000,1321252171.0,30.496528487,114.48820598,32.0059,4.9,26,0.005162363799656123,0.0109,30.4965284746,114.4882061567,0.017019307294032133
4281,DATA13,DATA13,2021-11-18 06:29:32.000000,1321252172.0,30.496528499,114.488205952,32.0038,4.6,26,0.005162363799656123,0.0109,30.4965284746,114.4882061567,0.019837073389440053
4282,DATA13,DATA13,2021-11-18 06:29:33.000000,1321252173.0,30.496528481,114.488205949,32.0101,4.8,26,0.005162363799656123,0.0109,30.4965284746,114.4882061567,0.019952405288441145
4283,DATA13,DATA13,2021-11-18 06:29:34.000000,1321252174.0,30.496528488,114.488205963,32.0073,4.4,26,0.005162363799656123,0.0109,30.4965284746,114.4882061567,0.018654989069176175
4284,DATA13,DATA13,2021-11-18 06:29:35.000000,1321252175.0,30.496528491,114.488205957,32.0101,4.7,26,0.005162363799656123,0.0109,30.4965284746,114.4882061567,0.019257780180521142
4285,DATA13,DATA13,2021-11-18 06:29:36.000000,1321252176.0,30.496528487,114.488205972,32.0092,4.5,26,0.005162363799656123,0.0109,30.4965284746,114.4882061567,0.017784928165207627
4286,DATA13,DATA13,2021-11-18 06:29:37.000000,1321252177.0,30.496528488,114.488205958,32.0055,4.7,26,0.005162363799656123,0.0109,30.4965284746,114.4882061567,0.01913351803437269
4287,DATA13,DATA13,2021-11-18 06:29:38.000000,1321252178.0,30.496528481,114.488205959,32.0106,4.5,26,0.005162363799656123,0.0109,30.4965284746,114.4882061567,0.018993015037679133
4288,DATA13,DATA13,2021-11-18 06:29:39.000000,1321252179.0,30.496528492,114.488205952,32.0097,4.3,26,0.005162363799656123,0.0109,30.4965284746,114.4882061567,0.019746223837854848
4289,DATA13,DATA13,2021-11-18 06:29:40.000000,1321252180.0,30.496528483,114.488205979,32.0053,5.4,26,0.005162363799656123,0.0109,30.4965284746,114.4882061567,0.01708509934794183
4290,DATA13,DATA13,2021-11-18 06:29:41.000000,1321252181.0,30.49652849,114.48820595,32.009,4.2,26,0.005162363799656123,0.0109,30.4965284746,114.4882061567,0.019917091003847875
4291,DATA13,DATA13,2021-11-18 06:29:42.000000,1321252182.0,30.496528488,114.488205987,32.0084,4.6,26,0.005162363799656123,0.0109,30.4965284746,114.4882061567,0.016359267870002546
4292,DATA13,DATA13,2021-11-18 06:29:43.000000,1321252183.0,30.496528481,114.488205968,32.0096,4.1,26,0.005162363799656123,0.0109,30.4965284746,114.4882061567,0.01812962140924725
4293,DATA13,DATA13,2021-11-18 06:29:44.000000,1321252184.0,30.496528478,114.488205968,32.0099,5.0,26,0.005162363799656123,0.0109,30.4965284746,114.4882061567,0.018119653836053972
4294,DATA13,DATA13,2021-11-18 06:29:45.000000,1321252185.0,30.496528489,114.488205965,32.0084,4.6,26,0.005162363799656123,0.0109,30.4965284746,114.4882061567,0.01847285030327616
4295,DATA13,DATA13,2021-11-18 06:29:46.000000,1321252186.0,30.49652849,114.488205955,32.0088,4.8,26,0.005162363799656123,0.0109,30.4965284746,114.4882061567,0.019438887274240355
4296,DATA13,DATA13,2021-11-18 06:29:47.000000,1321252187.0,30.496528491,114.488205972,32.0101,4.3,26,0.005162363799656123,0.0109,30.4965284746,114.4882061567,0.017824688205676856
4297,DATA13,DATA13,2021-11-18 06:29:48.000000,1321252188.0,30.496528485,114.48820599,32.0067,4.4,26,0.005162363799656123,0.0109,30.4965284746,114.4882061567,0.01604514857552889
4298,DATA13,DATA13,2021-11-18 06:29:49.000000,1321252189.0,30.496528493,114.488205962,32.0104,4.6,26,0.005162363799656123,0.0109,30.4965284746,114.4882061567,0.018802725602910714
4299,DATA13,DATA13,2021-11-18 06:29:50.000000,1321252190.0,30.496528489,114.488205963,32.0086,4.8,26,0.005162363799656123,0.0109,30.4965284746,114.4882061567,0.01866414454660128
4300,DATA13,DATA13,2021-11-18 06:29:51.000000,1321252191.0,30.49652849,114.488205949,32.0054,4.6,26,0.005162363799656123,0.0109,30.4965284746,114.4882061567,0.020012741382871627
4301,DATA13,DATA13,2021-11-18 06:29:52.000000,1321252192.0,30.496528498,114.488205958,32.0061,3.8,26,0.005162363799656123,0.0109,30.4965284746,114.4882061567,0.019251345973160482
4302,DATA13,DATA13,2021-11-18 06:29:53.000000,1321252193.0,30.496528483,114.488205955,32.0085,4.1,26,0.005162363799656123,0.0109,30.4965284746,114.4882061567,0.019386149076840168
4303,DATA13,DATA13,2021-11-18 06:29:54.000000,1321252194.0,30.496528467,114.488205964,32.0127,4.3,26,0.005162363799656123,0.0109,30.4965284746,114.4882061567,0.018518919132330204
4304,DATA13,DATA13,2021-11-18 06:29:55.000000,1321252195.0,30.496528486,114.488205941,32.0089,4.5,26,0.005162363799656123,0.0109,30.4965284745,114.4882061567,0.020747016809663985
4305,DATA13,DATA13,2021-11-18 06:29:56.000000,1321252196.0,30.496528481,114.488205969,32.0117,5.4,26,0.005162363799656123,0.0109,30.4965284745,114.4882061567,0.01803413152402789
4306,DATA13,DATA13,2021-11-18 06:29:57.000000,1321252197.0,30.496528484,114.488205959,32.011,4.5,26,0.005162363799656123,0.0109,30.4965284745,114.4882061567,0.01900895574419151
4307,DATA13,DATA13,2021-11-18 06:29:58.000000,1321252198.0,30.496528483,114.488205968,32.01,4.2,26,0.005162363799656123,0.0109,30.4965284745,114.4882061567,0.018140223889126558
4308,DATA13,DATA13,2021-11-18 06:29:59.000000,1321252199.0,30.496528485,114.488205963,32.0089,4.9,26,0.005162363799656123,0.0109,30.4965284745,114.4882061566,0.01862256101280075
4309,DATA13,DATA13,2021-11-18 06:30:00.000000,1321252200.0,30.496528474,114.488205976,32.0091,3.6,26,0.005162363799656123,0.0109,30.4965284745,114.4882061567,0.0173477985620106
4310,DATA13,DATA13,2021-11-18 06:30:01.000000,1321252201.0,30.496528477,114.488205954,32.0081,4.7,26,0.005162363799656123,0.0109,30.4965284745,114.4882061567,0.019461745251500837
4311,DATA13,DATA13,2021-11-18 06:30:02.000000,1321252202.0,30.496528483,114.488205971,32.0103,4.5,26,0.005162363799656123,0.0109,30.4965284745,114.4882061567,0.01785261051857248
4312,DATA13,DATA13,2021-11-18 06:30:03.000000,1321252203.0,30.49652849,114.488205956,32.0105,4.5,26,0.005162363799656123,0.0109,30.4965284745,114.4882061567,0.019344238287439468
4313,DATA13,DATA13,2021-11-18 06:30:04.000000,1321252204.0,30.496528488,114.48820597,32.0046,4.4,26,0.005162363799656123,0.0109,30.4965284745,114.4882061567,0.01798610270844167
4314,DATA13,DATA13,2021-11-18 06:30:05.000000,1321252205.0,30.49652848,114.488205967,32.0104,4.2,26,0.005162363799656123,0.0109,30.4965284745,114.4882061566,0.018212344154562965
4315,DATA13,DATA13,2021-11-18 06:30:06.000000,1321252206.0,30.496528487,114.488205952,32.0058,4.7,26,0.005162363799656123,0.0109,30.4965284745,114.4882061566,0.01969099851213033
4316,DATA13,DATA13,2021-11-18 06:30:07.000000,1321252207.0,30.496528497,114.488205959,32.0125,4.4,26,0.005162363799656123,0.0109,30.4965284745,114.4882061566,0.019133446382962774
4317,DATA13,DATA13,2021-11-18 06:30:08.000000,1321252208.0,30.496528489,114.488205967,32.0088,4.6,26,0.005162363799656123,0.0109,30.4965284745,114.4882061566,0.018272977779244016
4318,DATA13,DATA13,2021-11-18 06:30:09.000000,1321252209.0,30.496528501,114.48820597,32.0064,4.4,26,0.005162363799656123,0.0109,30.4965284745,114.4882061566,0.018153421936854448
4319,DATA13,DATA13,2021-11-18 06:30:10.000000,1321252210.0,30.496528491,114.488205949,32.007,4.0,26,0.005162363799656123,0.0109,30.4965284745,114.4882061566,0.020013952117239883
4320,DATA13,DATA13,2021-11-18 06:30:11.000000,1321252211.0,30.496528506,114.488205961,32.0062,3.9,26,0.005162363799656123,0.0109,30.4965284745,114.4882061566,0.019100102613330745
4321,DATA13,DATA13,2021-11-18 06:30:12.000000,1321252212.0,30.496528488,114.488205947,32.009,3.7,26,0.005162363799656123,0.0109,30.4965284745,114.4882061566,0.02017777185850717
4322,DATA13,DATA13,2021-11-18 06:30:13.000000,1321252213.0,30.49652849,114.488205963,32.0072,4.6,26,0.005162363799656123,0.0109,30.4965284745,114.4882061566,0.018665409657034157
4323,DATA13,DATA13,2021-11-18 06:30:14.000000,1321252214.0,30.496528483,114.48820596,32.0112,4.2,26,0.005162363799656123,0.0109,30.4965284745,114.4882061566,0.018897662296516588
4324,DATA13,DATA13,2021-11-18 06:30:15.000000,1321252215.0,30.496528491,114.48820597,32.0077,4.8,26,0.005162363799656123,0.0109,30.4965284745,114.4882061566,0.018007274581890453
4325,DATA13,DATA13,2021-11-18 06:30:16.000000,1321252216.0,30.496528485,114.488205963,32.0134,4.3,26,0.005162363799656123,0.0109,30.4965284745,114.4882061566,0.01862256071916945
4326,DATA13,DATA13,2021-11-18 06:30:17.000000,1321252217.0,30.496528485,114.488205962,32.0041,4.4,26,0.005162363799656123,0.0109,30.4965284745,114.4882061566,0.018718377205648656
4327,DATA13,DATA13,2021-11-18 06:30:18.000000,1321252218.0,30.496528488,114.488205965,32.0109,4.3,26,0.005162363799656123,0.0109,30.4965284745,114.4882061566,0.018454925516971622
4328,DATA13,DATA13,2021-11-18 06:30:19.000000,1321252219.0,30.496528486,114.488205937,32.0129,4.1,26,0.005162363799656123,0.0109,30.4965284745,114.4882061566,0.021120731789207228
4329,DATA13,DATA13,2021-11-18 06:30:20.000000,1321252220.0,30.496528494,114.488205971,32.0088,4.3,26,0.005162363799656123,0.0109,30.4965284745,114.4882061566,0.017948784494623008
4330,DATA13,DATA13,2021-11-18 06:30:21.000000,1321252221.0,30.496528491,114.488205962,32.0104,4.6,26,0.005162363799656123,0.0109,30.4965284745,114.4882061566,0.018771486002045926
4331,DATA13,DATA13,2021-11-18 06:30:22.000000,1321252222.0,30.496528477,114.48820595,32.0109,3.9,26,0.005162363799656123,0.0109,30.4965284745,114.4882061566,0.019836118660021176
4332,DATA13,DATA13,2021-11-18 06:30:23.000000,1321252223.0,30.496528482,114.488205977,32.0118,4.4,26,0.005162363799656123,0.0109,30.4965284745,114.4882061566,0.01726214121340502
4333,DATA13,DATA13,2021-11-18 06:30:24.000000,1321252224.0,30.496528485,114.488205944,32.0089,3.9,26,0.005162363799656123,0.0109,30.4965284745,114.4882061566,0.020443365262309037
4334,DATA13,DATA13,2021-11-18 06:30:25.000000,1321252225.0,30.496528483,114.488205969,32.0152,3.5,26,0.005162363799656123,0.0109,30.4965284745,114.4882061566,0.018034762768471768
4335,DATA13,DATA13,2021-11-18 06:30:26.000000,1321252226.0,30.496528482,114.488205958,32.0121,3.9,26,0.005162363799656123,0.0109,30.4965284745,114.4882061566,0.01908428094835769
4336,DATA13,DATA13,2021-11-18 06:30:27.000000,1321252227.0,30.49652848,114.488205959,32.0123,4.4,26,0.005162363799656123,0.0109,30.4965284745,114.4882061566,0.0189799532778161
4337,DATA13,DATA13,2021-11-18 06:30:28.000000,1321252228.0,30.496528492,114.488205946,32.012,3.9,26,0.005162363799656123,0.0109,30.4965284745,114.4882061566,0.020311062206861973
4338,DATA13,DATA13,2021-11-18 06:30:29.000000,1321252229.0,30.496528485,114.488205965,32.0095,3.9,26,0.005162363799656123,0.0109,30.4965284745,114.4882061566,0.01843093531527819
4339,DATA13,DATA13,2021-11-18 06:30:30.000000,1321252230.0,30.496528485,114.488205962,32.0116,4.3,26,0.005162363799656123,0.0109,30.4965284745,114.4882061566,0.01871837743892343
4340,DATA13,DATA13,2021-11-18 06:30:31.000000,1321252231.0,30.496528479,114.488205955,32.0094,3.9,26,0.005162363799656123,0.0109,30.4965284745,114.4882061566,0.019360596746730033
4341,DATA13,DATA13,2021-11-18 06:30:32.000000,1321252232.0,30.496528476,114.488205943,32.0139,3.5,26,0.005162363799656123,0.0109,30.4965284745,114.4882061566,0.020506875596022142
4342,DATA13,DATA13,2021-11-18 06:30:33.000000,1321252233.0,30.496528483,114.488205943,32.0092,3.7,26,0.005162363799656123,0.0109,30.4965284745,114.4882061566,0.020527841426159744
4343,DATA13,DATA13,2021-11-18 06:30:34.000000,1321252234.0,30.496528471,114.488205944,32.0095,3.9,26,0.005162363799656123,0.0109,30.4965284745,114.4882061566,0.02041388602348161
4344,DATA13,DATA13,2021-11-18 06:30:35.000000,1321252235.0,30.496528484,114.488205944,32.0173,3.5,26,0.005162363799656123,0.0109,30.4965284745,114.4882061566,0.020437352565420525
4345,DATA13,DATA13,2021-11-18 06:30:36.000000,1321252236.0,30.496528488,114.488205955,32.0114,4.2,26,0.005162363799656123,0.0109,30.4965284745,114.4882061566,0.019411947969411314
4346,DATA13,DATA13,2021-11-18 06:30:37.000000,1321252237.0,30.496528482,114.488205946,32.0101,4.2,26,0.005162363799656123,0.0109,30.4965284745,114.4882061566,0.020235283480318698
4347,DATA13,DATA13,2021-11-18 06:30:38.000000,1321252238.0,30.496528488,114.488205945,32.0057,3.7,26,0.005162363799656123,0.0109,30.4965284745,114.4882061566,0.020369251644066996
4348,DATA13,DATA13,2021-11-18 06:30:39.000000,1321252239.0,30.496528474,114.488205972,32.0128,4.5,26,0.005162363799656123,0.0109,30.4965284745,114.4882061566,0.017722205565740657
4349,DATA13,DATA13,2021-11-18 06:30:40.000000,1321252240.0,30.496528475,114.488205956,32.0113,4.0,26,0.005162363799656123,0.0109,30.4965284745,114.4882061566,0.01925824480391084
4350,DATA13,DATA13,2021-11-18 06:30:41.000000,1321252241.0,30.496528501,114.488205957,32.0069,4.2,26,0.005162363799656123,0.0109,30.4965284745,114.4882061566,0.019386058899316622
4351,DATA13,DATA13,2021-11-18 06:30:42.000000,1321252242.0,30.496528479,114.488205959,32.0085,4.8,26,0.005162363799656123,0.0109,30.4965284745,114.4882061566,0.018976715167458465
4352,DATA13,DATA13,2021-11-18 06:30:43.000000,1321252243.0,30.496528491,114.488205953,32.0069,3.6,26,0.005162363799656123,0.0109,30.4965284745,114.4882061566,0.019631578365867527
4353,DATA13,DATA13,2021-11-18 06:30:44.000000,1321252244.0,30.496528481,114.488205958,32.0108,3.8,26,0.005162363799656123,0.0109,30.4965284745,114.4882061566,0.019079772471484634
4354,DATA13,DATA13,2021-11-18 06:30:45.000000,1321252245.0,30.496528493,114.488205957,32.008,4.1,26,0.005162363799656123,0.0109,30.4965284745,114.4882061566,0.01927160581255198
4355,DATA13,DATA13,2021-11-18 06:30:46.000000,1321252246.0,30.496528492,114.488205958,32.0069,4.1,26,0.005162363799656123,0.0109,30.4965284745,114.4882061566,0.01916461186674522
4356,DATA13,DATA13,2021-11-18 06:30:47.000000,1321252247.0,30.496528482,114.48820596,32.0119,4.4,26,0.005162363799656123,0.0109,30.4965284745,114.4882061566,0.01889245850104435
4357,DATA13,DATA13,2021-11-18 06:30:48.000000,1321252248.0,30.49652848,114.488205943,32.0099,3.8,26,0.005162363799656123,0.0109,30.4965284745,114.4882061566,0.020515264597370533
4358,DATA13,DATA13,2021-11-18 06:30:49.000000,1321252249.0,30.496528484,114.488205956,32.0114,4.7,26,0.005162363799656123,0.0109,30.4965284745,114.4882061566,0.019286941548587504
4359,DATA13,DATA13,2021-11-18 06:30:50.000000,1321252250.0,30.496528491,114.488205961,32.0109,4.3,26,0.005162363799656123,0.0109,30.4965284745,114.4882061566,0.01886703294365474
4360,DATA13,DATA13,2021-11-18 06:30:51.000000,1321252251.0,30.496528486,114.488205955,32.01,4.7,26,0.005162363799656123,0.0109,30.4965284745,114.4882061566,0.01939611338057545
4361,DATA13,DATA13,2021-11-18 06:30:52.000000,1321252252.0,30.496528487,114.488205948,32.005,4.4,26,0.005162363799656123,0.0109,30.4965284745,114.4882061566,0.020074076189829756
4362,DATA13,DATA13,2021-11-18 06:30:53.000000,1321252253.0,30.496528492,114.488205963,32.0077,4.1,26,0.005162363799656123,0.0109,30.4965284745,114.4882061566,0.018687125558362067
4363,DATA13,DATA13,2021-11-18 06:30:54.000000,1321252254.0,30.496528486,114.488205935,32.006,4.2,26,0.005162363799656123,0.0109,30.4965284745,114.4882061566,0.02131239148168423
4364,DATA13,DATA13,2021-11-18 06:30:55.000000,1321252255.0,30.496528492,114.488205955,32.0073,4.2,26,0.005162363799656123,0.0109,30.4965284745,114.4882061566,0.019451162286096807
4365,DATA13,DATA13,2021-11-18 06:30:56.000000,1321252256.0,30.496528478,114.488205953,32.0124,3.6,26,0.005162363799656123,0.0109,30.4965284745,114.4882061566,0.019550023354148433
4366,DATA13,DATA13,2021-11-18 06:30:57.000000,1321252257.0,30.496528493,114.48820597,32.0063,3.5,26,0.005162363799656123,0.0109,30.4965284745,114.4882061566,0.01803114654481035
4367,DATA13,DATA13,2021-11-18 06:30:58.000000,1321252258.0,30.496528484,114.488205965,32.0054,4.5,26,0.005162363799656123,0.0109,30.4965284745,114.4882061566,0.018424265610850917
4368,DATA13,DATA13,2021-11-18 06:30:59.000000,1321252259.0,30.496528485,114.488205963,32.0074,3.8,26,0.005162363799656123,0.0109,30.4965284745,114.4882061566,0.01862256126342171
4369,DATA13,DATA13,2021-11-18 06:31:00.000000,1321252260.0,30.496528489,114.48820594,32.0032,3.8,26,0.005162363799656123,0.0109,30.4965284745,114.4882061566,0.02085625103202437
4370,DATA13,DATA13,2021-11-18 06:31:01.000000,1321252261.0,30.496528487,114.48820596,32.0047,3.9,26,0.005162363799656123,0.0109,30.4965284745,114.4882061566,0.018924957728516805
4371,DATA13,DATA13,2021-11-18 06:31:02.000000,1321252262.0,30.496528489,114.488205986,32.0048,3.9,26,0.005162363799656123,0.0109,30.4965284745,114.4882061566,0.016456778693924527
4372,DATA13,DATA13,2021-11-18 06:31:03.000000,1321252263.0,30.496528491,114.488205964,32.0041,4.3,26,0.005162363799656123,0.0109,30.4965284745,114.4882061566,0.01858040242973418
4373,DATA13,DATA13,2021-11-18 06:31:04.000000,1321252264.0,30.496528481,114.488205961,32.0037,4.1,26,0.005162363799656123,0.0109,30.4965284745,114.4882061565,0.018782378316614286
4374,DATA13,DATA13,2021-11-18 06:31:05.000000,1321252265.0,30.496528492,114.488205962,32.0048,4.9,26,0.005162363799656123,0.0109,30.4965284745,114.4882061565,0.01877306411197746
4375,DATA13,DATA13,2021-11-18 06:31:06.000000,1321252266.0,30.496528488,114.488205959,32.0038,4.5,26,0.005162363799656123,0.0109,30.4965284745,114.4882061565,0.019019532365691073
4376,DATA13,DATA13,2021-11-18 06:31:07.000000,1321252267.0,30.496528485,114.488205954,32.0038,3.9,26,0.005162363799656123,0.0109,30.4965284745,114.4882061565,0.019475389039178705
4377,DATA13,DATA13,2021-11-18 06:31:08.000000,1321252268.0,30.496528487,114.48820597,32.005,4.0,26,0.005162363799656123,0.0109,30.4965284745,114.4882061565,0.017958073693762493
4378,DATA13,DATA13,2021-11-18 06:31:09.000000,1321252269.0,30.496528486,114.488205956,32.0086,3.7,26,0.005162363799656123,0.0109,30.4965284745,114.4882061565,0.019290739507098694
4379,DATA13,DATA13,2021-11-18 06:31:10.000000,1321252270.0,30.496528492,114.488205957,32.0021,4.3,26,0.005162363799656123,0.0109,30.4965284745,114.4882061565,0.019250572245940067
4380,DATA13,DATA13,2021-11-18 06:31:11.000000,1321252271.0,30.496528493,114.488205974,32.0014,4.3,26,0.005162363799656123,0.0109,30.4965284745,114.4882061565,0.017640147214202692
4381,DATA13,DATA13,2021-11-18 06:31:12.000000,1321252272.0,30.496528498,114.488205951,32.0008,4.0,26,0.005162363799656123,0.0109,30.4965284745,114.4882061565,0.019899852269280295
4382,DATA13,DATA13,2021-11-18 06:31:13.000000,1321252273.0,30.496528492,114.488205974,32.0042,4.5,26,0.005162363799656123,0.0109,30.4965284745,114.4882061565,0.01762760184035303
4383,DATA13,DATA13,2021-11-18 06:31:14.000000,1321252274.0,30.4965285,114.488205957,31.9996,4.3,26,0.005162363799656123,0.0109,30.4965284745,114.4882061565,0.019360071677436287
4384,DATA13,DATA13,2021-11-18 06:31:15.000000,1321252275.0,30.496528496,114.488205972,32.0068,3.9,26,0.005162363799656123,0.0109,30.4965284745,114.4882061565,0.017872171415474324
4385,DATA13,DATA13,2021-11-18 06:31:16.000000,1321252276.0,30.496528492,114.488205953,32.0029,3.7,26,0.005162363799656123,0.0109,30.4965284745,114.4882061565,0.01963266548361265
4386,DATA13,DATA13,2021-11-18 06:31:17.000000,1321252277.0,30.496528485,114.488205935,32.0012,4.5,26,0.005162363799656123,0.0109,30.4965284745,114.4882061565,0.02129646196509747
4387,DATA13,DATA13,2021-11-18 06:31:18.000000,1321252278.0,30.496528494,114.488205966,32.0036,3.7,26,0.005162363799656123,0.0109,30.4965284745,114.4882061565,0.018415862194821973
4388,DATA13,DATA13,2021-11-18 06:31:19.000000,1321252279.0,30.496528494,114.488205949,32.0053,4.0,26,0.005162363799656123,0.0109,30.4965284745,114.4882061565,0.020037541000412
4389,DATA13,DATA13,2021-11-18 06:31:20.000000,1321252280.0,30.496528485,114.488205945,32.0029,3.9,26,0.005162363799656123,0.0109,30.4965284745,114.4882061565,0.020337934213518313
4390,DATA13,DATA13,2021-11-18 06:31:21.000000,1321252281.0,30.496528476,114.488205949,32.0106,3.6,26,0.005162363799656123,0.0109,30.4965284745,114.4882061565,0.019921278594079113
4391,DATA13,DATA13,2021-11-18 06:31:22.000000,1321252282.0,30.49652849,114.48820597,32.0065,4.0,26,0.005162363799656123,0.0109,30.4965284745,114.4882061565,0.01798679433472429
4392,DATA13,DATA13,2021-11-18 06:31:23.000000,1321252283.0,30.496528477,114.488205939,32.0033,3.9,26,0.005162363799656123,0.0109,30.4965284745,114.4882061565,0.020882452409520427
4393,DATA13,DATA13,2021-11-18 06:31:24.000000,1321252284.0,30.496528485,114.488205944,32.0048,4.1,26,0.005162363799656123,0.0109,30.4965284745,114.4882061565,0.02043378082968159
4394,DATA13,DATA13,2021-11-18 06:31:25.000000,1321252285.0,30.496528485,114.488205954,32.0082,4.0,26,0.005162363799656123,0.0109,30.4965284745,114.4882061565,0.019475388993095064
4395,DATA13,DATA13,2021-11-18 06:31:26.000000,1321252286.0,30.496528481,114.488205973,32.0043,3.9,26,0.005162363799656123,0.0109,30.4965284745,114.4882061565,0.017631247986286645
4396,DATA13,DATA13,2021-11-18 06:31:27.000000,1321252287.0,30.49652849,114.488205935,32.0062,3.4,26,0.005162363799656123,0.0109,30.4965284745,114.4882061565,0.021333940437757427
4397,DATA13,DATA13,2021-11-18 06:31:28.000000,1321252288.0,30.496528479,114.488205922,32.0075,3.6,26,0.005162363799656123,0.0109,30.4965284745,114.4882061565,0.02251818700029474
4398,DATA13,DATA13,2021-11-18 06:31:29.000000,1321252289.0,30.496528474,114.488205948,32.0093,3.4,26,0.005162363799656123,0.0109,30.4965284745,114.4882061565,0.020016664588848872
4399,DATA13,DATA13,2021-11-18 06:31:30.000000,1321252290.0,30.496528487,114.488205937,32.0109,3.7,26,0.005162363799656123,0.0109,30.4965284745,114.4882061565,0.021118134291071084
4400,DATA13,DATA13,2021-11-18 06:31:31.000000,1321252291.0,30.496528476,114.488205932,32.0117,3.5,26,0.005162363799656123,0.0109,30.4965284745,114.4882061565,0.021553273906687986
4401,DATA13,DATA13,2021-11-18 06:31:32.000000,1321252292.0,30.496528473,114.488205947,32.0061,3.9,26,0.005162363799656123,0.0109,30.4965284745,114.4882061565,0.02011327821227886
4402,DATA13,DATA13,2021-11-18 06:31:33.000000,1321252293.0,30.496528491,114.488205938,32.0027,3.8,26,0.005162363799656123,0.0109,30.4965284745,114.4882061565,0.021056221421365626
4403,DATA13,DATA13,2021-11-18 06:31:34.000000,1321252294.0,30.49652849,114.488205927,32.0022,4.0,26,0.005162363799656123,0.0109,30.4965284745,114.4882061565,0.022099554047889762
4404,DATA13,DATA13,2021-11-18 06:31:35.000000,1321252295.0,30.496528479,114.488205933,32.0058,3.8,26,0.005162363799656123,0.0109,30.4965284745,114.4882061565,0.021462427602468075
4405,DATA13,DATA13,2021-11-18 06:31:36.000000,1321252296.0,30.496528486,114.48820596,32.0074,3.8,26,0.005162363799656123,0.0109,30.4965284745,114.4882061565,0.018907584776252234
4406,DATA13,DATA13,2021-11-18 06:31:37.000000,1321252297.0,30.496528474,114.488205945,32.0072,4.0,26,0.005162363799656123,0.0109,30.4965284745,114.4882061565,0.020304670542915744
4407,DATA13,DATA13,2021-11-18 06:31:38.000000,1321252298.0,30.496528494,114.488205945,32.0004,4.3,26,0.005162363799656123,0.0109,30.4965284745,114.4882061565,0.020419352332897153
4408,DATA13,DATA13,2021-11-18 06:31:39.000000,1321252299.0,30.496528482,114.488205936,32.0091,4.0,26,0.005162363799656123,0.0109,30.4965284745,114.4882061565,0.021184944449313483
4409,DATA13,DATA13,2021-11-18 06:31:40.000000,1321252300.0,30.496528475,114.488205933,32.0077,3.8,26,0.005162363799656123,0.0109,30.4965284745,114.4882061565,0.021456700666590386
4410,DATA13,DATA13,2021-11-18 06:31:41.000000,1321252301.0,30.496528466,114.48820593,32.0071,4.2,26,0.005162363799656123,0.0109,30.4965284745,114.4882061565,0.02176504613689869
4411,DATA13,DATA13,2021-11-18 06:31:42.000000,1321252302.0,30.4965285,114.488205936,32.0047,4.2,26,0.005162363799656123,0.0109,30.4965284745,114.4882061565,0.02135655158758197
4412,DATA13,DATA13,2021-11-18 06:31:43.000000,1321252303.0,30.496528492,114.48820594,32.0045,3.7,26,0.005162363799656123,0.0109,30.4965284745,114.4882061565,0.020874958837903506
4413,DATA13,DATA13,2021-11-18 06:31:44.000000,1321252304.0,30.496528489,114.488205923,32.0048,3.9,26,0.005162363799656123,0.0109,30.4965284745,114.4882061565,0.022474220311385237
4414,DATA13,DATA13,2021-11-18 06:31:45.000000,1321252305.0,30.496528492,114.488205934,32.005,3.7,26,0.005162363799656123,0.0109,30.4965284745,114.4882061565,0.02144854804615434
4415,DATA13,DATA13,2021-11-18 06:31:46.000000,1321252306.0,30.49652849,114.488205941,32.004,3.6,26,0.005162363799656123,0.0109,30.4965284745,114.4882061565,0.02075984537602728
4416,DATA13,DATA13,2021-11-18 06:31:47.000000,1321252307.0,30.496528486,114.488205945,32.0072,4.0,26,0.005162363799656123,0.0109,30.4965284745,114.4882061565,0.02034458077947662
4417,DATA13,DATA13,2021-11-18 06:31:48.000000,1321252308.0,30.496528485,114.48820593,32.0041,3.8,26,0.005162363799656123,0.0109,30.4965284745,114.4882061565,0.021775772135620777
4418,DATA13,DATA13,2021-11-18 06:31:49.000000,1321252309.0,30.496528494,114.48820594,32.0073,3.5,26,0.005162363799656123,0.0109,30.4965284745,114.4882061565,0.020896731372214913
4419,DATA13,DATA13,2021-11-18 06:31:50.000000,1321252310.0,30.496528483,114.488205925,32.0095,3.8,26,0.005162363799656123,0.0109,30.4965284745,114.4882061565,0.0222446197668275
4420,DATA13,DATA13,2021-11-18 06:31:51.000000,1321252311.0,30.496528491,114.488205922,32.004,4.0,26,0.005162363799656123,0.0109,30.4965284745,114.4882061565,0.022586852255461882
4421,DATA13,DATA13,2021-11-18 06:31:52.000000,1321252312.0,30.496528491,114.488205932,32.0028,4.0,26,0.005162363799656123,0.0109,30.4965284745,114.4882061565,0.021630117618182936
4422,DATA13,DATA13,2021-11-18 06:31:53.000000,1321252313.0,30.496528476,114.488205927,32.0,4.0,26,0.005162363799656123,0.0109,30.4965284745,114.4882061564,0.022023674357725943
4423,DATA13,DATA13,2021-11-18 06:31:54.000000,1321252314.0,30.49652848,114.488205946,32.0031,3.8,26,0.005162363799656123,0.0109,30.4965284745,114.4882061564,0.020208193736913616
4424,DATA13,DATA13,2021-11-18 06:31:55.000000,1321252315.0,30.496528486,114.48820593,31.9999,3.7,26,0.005162363799656123,0.0109,30.4965284745,114.4882061564,0.021772394990365162
4425,DATA13,DATA13,2021-11-18 06:31:56.000000,1321252316.0,30.496528498,114.488205917,32.0006,3.7,26,0.005162363799656123,0.0109,30.4965284745,114.4882061565,0.023139801349447424
4426,DATA13,DATA13,2021-11-18 06:31:57.000000,1321252317.0,30.496528484,114.488205921,32.0038,4.0,26,0.005162363799656123,0.0109,30.4965284745,114.4882061565,0.022633180127052118
4427,DATA13,DATA13,2021-11-18 06:31:58.000000,1321252318.0,30.496528491,114.488205932,32.003,3.9,26,0.005162363799656123,0.0109,30.4965284745,114.4882061564,0.021620550911924517
4428,DATA13,DATA13,2021-11-18 06:31:59.000000,1321252319.0,30.496528494,114.488205933,31.9994,4.4,26,0.005162363799656123,0.0109,30.4965284745,114.4882061564,0.021555703929477654
4429,DATA13,DATA13,2021-11-18 06:32:00.000000,1321252320.0,30.49652849,114.488205949,32.0002,4.1,26,0.005162363799656123,0.0109,30.4965284745,114.4882061564,0.0199849940414612
4430,DATA13,DATA13,2021-11-18 06:32:01.000000,1321252321.0,30.496528482,114.488205922,31.9991,3.8,26,0.005162363799656123,0.0109,30.4965284745,114.4882061564,0.022518414534283052
4431,DATA13,DATA13,2021-11-18 06:32:02.000000,1321252322.0,30.496528499,114.48820593,31.9985,4.0,26,0.005162363799656123,0.0109,30.4965284745,114.4882061564,0.02190408705804411
4432,DATA13,DATA13,2021-11-18 06:32:03.000000,1321252323.0,30.496528484,114.488205947,32.0064,3.4,26,0.005162363799656123,0.0109,30.4965284745,114.4882061564,0.02013055830874439
4433,DATA13,DATA13,2021-11-18 06:32:04.000000,1321252324.0,30.49652848,114.48820591,32.0091,3.6,25,0.0053075418038862395,0.0112,30.4965284745,114.4882061564,0.023662949816325697
4434,DATA13,DATA13,2021-11-18 06:32:05.000000,1321252325.0,30.496528478,114.488205937,31.9942,4.4,25,0.0053075418038862395,0.0114,30.4965284745,114.4882061564,0.021066591160175084
4435,DATA13,DATA13,2021-11-18 06:32:06.000000,1321252326.0,30.496528485,114.488205955,31.9973,4.2,25,0.0053075418038862395,0.0114,30.4965284745,114.4882061564,0.019369975422590457
4436,DATA13,DATA13,2021-11-18 06:32:07.000000,1321252327.0,30.496528493,114.488205944,32.0001,3.6,26,0.005162363799656123,0.0109,30.4965284745,114.4882061564,0.020493879726633527
4437,DATA13,DATA13,2021-11-18 06:32:08.000000,1321252328.0,30.496528494,114.488205911,32.0016,3.4,26,0.005162363799656123,0.0109,30.4965284745,114.4882061564,0.023658066710937297
4438,DATA13,DATA13,2021-11-18 06:32:09.000000,1321252329.0,30.496528502,114.488205932,32.0018,3.8,26,0.005162363799656123,0.0109,30.4965284745,114.4882061564,0.021757681585357028
4439,DATA13,DATA13,2021-11-18 06:32:10.000000,1321252330.0,30.496528494,114.488205942,32.003,3.7,26,0.005162363799656123,0.0109,30.4965284745,114.4882061564,0.020696216626106795
4440,DATA13,DATA13,2021-11-18 06:32:11.000000,1321252331.0,30.496528485,114.488205935,32.0022,3.7,26,0.005162363799656123,0.0109,30.4965284745,114.4882061564,0.02128687490083805
4441,DATA13,DATA13,2021-11-18 06:32:12.000000,1321252332.0,30.496528493,114.488205912,31.9979,3.6,26,0.005162363799656123,0.0109,30.4965284745,114.4882061564,0.023552554498267854
4442,DATA13,DATA13,2021-11-18 06:32:13.000000,1321252333.0,30.496528483,114.488205936,32.0042,3.6,26,0.005162363799656123,0.0109,30.4965284745,114.4882061564,0.021179993597073028
4443,DATA13,DATA13,2021-11-18 06:32:14.000000,1321252334.0,30.496528485,114.488205935,32.0056,3.3,26,0.005162363799656123,0.0109,30.4965284745,114.4882061564,0.02128687470669539
4444,DATA13,DATA13,2021-11-18 06:32:15.000000,1321252335.0,30.496528492,114.48820592,32.0056,3.3,26,0.005162363799656123,0.0109,30.4965284745,114.4882061564,0.02277783748573435
4445,DATA13,DATA13,2021-11-18 06:32:16.000000,1321252336.0,30.496528487,114.488205936,32.0017,3.5,25,0.0053075418038862395,0.0112,30.4965284745,114.4882061564,0.021204351077705397
4446,DATA13,DATA13,2021-11-18 06:32:17.000000,1321252337.0,30.496528464,114.488205931,31.9982,3.6,25,0.005162363799656123,0.011,30.4965284745,114.4882061564,0.021670320921695314
4447,DATA13,DATA13,2021-11-18 06:32:18.000000,1321252338.0,30.496528477,114.488205939,31.9941,3.8,26,0.005162363799656123,0.011,30.4965284745,114.4882061564,0.020872852097344186
4448,DATA13,DATA13,2021-11-18 06:32:19.000000,1321252339.0,30.496528479,114.48820592,32.008,3.6,26,0.005162363799656123,0.0109,30.4965284745,114.4882061564,0.022700547574879028
4449,DATA13,DATA13,2021-11-18 06:32:20.000000,1321252340.0,30.496528475,114.488205946,32.003,3.6,26,0.005162363799656123,0.0109,30.4965284745,114.4882061564,0.020199068602060923
4450,DATA13,DATA13,2021-11-18 06:32:21.000000,1321252341.0,30.496528491,114.488205945,32.004,4.0,26,0.005162363799656123,0.0109,30.4965284745,114.4882061564,0.020377261853342838
4451,DATA13,DATA13,2021-11-18 06:32:22.000000,1321252342.0,30.496528471,114.488205923,32.0071,3.4,26,0.005162363799656123,0.0109,30.4965284745,114.4882061564,0.022410416173441982
4452,DATA13,DATA13,2021-11-18 06:32:23.000000,1321252343.0,30.496528503,114.488205918,32.0034,3.6,26,0.005162363799656123,0.0109,30.4965284745,114.4882061564,0.023104128416713204
4453,DATA13,DATA13,2021-11-18 06:32:24.000000,1321252344.0,30.496528488,114.488205923,31.9985,3.5,26,0.005162363799656123,0.0109,30.4965284745,114.4882061564,0.022456983093574506
4454,DATA13,DATA13,2021-11-18 06:32:25.000000,1321252345.0,30.496528481,114.488205928,32.0059,3.8,26,0.005162363799656123,0.0109,30.4965284745,114.4882061564,0.021938880356742133
4455,DATA13,DATA13,2021-11-18 06:32:26.000000,1321252346.0,30.496528483,114.488205934,32.0043,3.3,26,0.005162363799656123,0.0109,30.4965284745,114.4882061564,0.0213718085998667
4456,DATA13,DATA13,2021-11-18 06:32:27.000000,1321252347.0,30.496528493,114.488205911,32.0025,3.0,26,0.005162363799656123,0.0109,30.4965284745,114.4882061564,0.023648194445965446
4457,DATA13,DATA13,2021-11-18 06:32:28.000000,1321252348.0,30.496528492,114.488205928,32.0006,3.3,26,0.005162363799656123,0.0109,30.4965284745,114.4882061564,0.022012703016375316
4458,DATA13,DATA13,2021-11-18 06:32:29.000000,1321252349.0,30.496528494,114.488205933,31.9976,3.1,26,0.005162363799656123,0.0109,30.4965284745,114.4882061564,0.02155570402831964
4459,DATA13,DATA13,2021-11-18 06:32:30.000000,1321252350.0,30.496528498,114.488205916,31.9995,3.0,26,0.005162363799656123,0.0109,30.4965284745,114.4882061564,0.02322565607262975
4460,DATA13,DATA13,2021-11-18 06:32:31.000000,1321252351.0,30.496528494,114.488205923,32.0027,3.2,26,0.005162363799656123,0.0109,30.4965284745,114.4882061563,0.022501543496068838
4461,DATA13,DATA13,2021-11-18 06:32:32.000000,1321252352.0,30.496528488,114.488205914,32.0012,3.7,26,0.005162363799656123,0.0109,30.4965284745,114.4882061564,0.02331915758060319
4462,DATA13,DATA13,2021-11-18 06:32:33.000000,1321252353.0,30.496528495,114.488205926,31.9962,3.7,26,0.005162363799656123,0.0109,30.4965284745,114.4882061564,0.022235495854046973
4463,DATA13,DATA13,2021-11-18 06:32:34.000000,1321252354.0,30.496528483,114.488205928,32.002,3.4,26,0.005162363799656123,0.0109,30.4965284745,114.4882061563,0.021937690557852448
4464,DATA13,DATA13,2021-11-18 06:32:35.000000,1321252355.0,30.496528485,114.488205943,31.9975,3.3,26,0.005162363799656123,0.0109,30.4965284745,114.4882061563,0.02051045915093086
4465,DATA13,DATA13,2021-11-18 06:32:37.000000,1321252357.0,30.496528502,114.488205909,32.0003,3.4,26,0.005162363799656123,0.0109,30.4965284745,114.4882061563,0.023936440045497023
4466,DATA13,DATA13,2021-11-18 06:32:38.000000,1321252358.0,30.496528475,114.488205935,31.9963,3.2,26,0.005162363799656123,0.011,30.4965284745,114.4882061563,0.021245496028426927
4467,DATA13,DATA13,2021-11-18 06:32:39.000000,1321252359.0,30.496528481,114.488205938,31.9941,3.8,26,0.005162363799656123,0.011,30.4965284745,114.4882061563,0.020969799959712578
4468,DATA13,DATA13,2021-11-18 06:32:40.000000,1321252360.0,30.496528489,114.488205931,31.9938,3.6,26,0.005162363799656123,0.011,30.4965284745,114.4882061563,0.021689086010131503
4469,DATA13,DATA13,2021-11-18 06:32:41.000000,1321252361.0,30.496528482,114.488205923,31.9969,3.7,26,0.005162363799656123,0.011,30.4965284745,114.4882061563,0.022412884924239818
4470,DATA13,DATA13,2021-11-18 06:32:42.000000,1321252362.0,30.496528484,114.48820595,31.9935,3.7,26,0.005162363799656123,0.011,30.4965284745,114.4882061563,0.01983336363806904
4471,DATA13,DATA13,2021-11-18 06:32:43.000000,1321252363.0,30.496528494,114.488205915,31.9978,3.2,26,0.005162363799656123,0.0109,30.4965284745,114.4882061563,0.023266129486195695
4472,DATA13,DATA13,2021-11-18 06:32:44.000000,1321252364.0,30.49652848,114.488205942,31.9983,3.2,26,0.005162363799656123,0.0109,30.4965284745,114.4882061563,0.02058243700052188
4473,DATA13,DATA13,2021-11-18 06:32:45.000000,1321252365.0,30.496528489,114.488205923,32.0034,3.4,26,0.005162363799656123,0.0109,30.4965284745,114.4882061563,0.02245506868663907
4474,DATA13,DATA13,2021-11-18 06:32:46.000000,1321252366.0,30.496528492,114.488205933,32.0005,3.2,26,0.005162363799656123,0.0109,30.4965284745,114.4882061563,0.021525036635247866
4475,DATA13,DATA13,2021-11-18 06:32:47.000000,1321252367.0,30.496528493,114.48820594,31.9956,3.8,26,0.005162363799656123,0.0109,30.4965284745,114.4882061563,0.020866445604245897
4476,DATA13,DATA13,2021-11-18 06:32:48.000000,1321252368.0,30.496528492,114.48820594,32.003,3.6,26,0.005162363799656123,0.0109,30.4965284745,114.4882061563,0.020855840787770447
4477,DATA13,DATA13,2021-11-18 06:32:50.000000,1321252370.0,30.496528497,114.488205948,32.002,3.4,26,0.005162363799656123,0.0109,30.4965284745,114.4882061563,0.02015235499159076
4478,DATA13,DATA13,2021-11-18 06:32:51.000000,1321252371.0,30.496528482,114.488205932,31.9988,3.3,26,0.005162363799656123,0.0109,30.4965284745,114.4882061563,0.02154947775364921
4479,DATA13,DATA13,2021-11-18 06:32:52.000000,1321252372.0,30.496528484,114.488205932,31.9928,3.3,25,0.005162363799656123,0.011,30.4965284745,114.4882061563,0.021559171370618954
4480,DATA13,DATA13,2021-11-18 06:32:53.000000,1321252373.0,30.496528467,114.488205899,32.0024,3.4,26,0.005162363799656123,0.011,30.4965284745,114.4882061563,0.02471551508483885
4481,DATA13,DATA13,2021-11-18 06:32:54.000000,1321252374.0,30.496528484,114.488205935,31.9966,3.5,26,0.00523450093132096,0.011,30.4965284745,114.4882061563,0.021271512121393048
4482,DATA13,DATA13,2021-11-18 06:32:55.000000,1321252375.0,30.496528507,114.488205937,31.9997,3.4,26,0.005162363799656123,0.0109,30.4965284745,114.4882061563,0.021359493895313737
4483,DATA13,DATA13,2021-11-18 06:32:56.000000,1321252376.0,30.49652849,114.488205954,32.0038,3.2,26,0.005162363799656123,0.0109,30.4965284745,114.4882061563,0.019497238729683137
4484,DATA13,DATA13,2021-11-18 06:32:57.000000,1321252377.0,30.496528503,114.488205945,31.9979,3.2,26,0.005162363799656123,0.0109,30.4965284745,114.4882061563,0.020529977179527373
4485,DATA13,DATA13,2021-11-18 06:32:58.000000,1321252378.0,30.496528492,114.488205946,31.9951,3.1,26,0.005162363799656123,0.0109,30.4965284745,114.4882061563,0.020282393032374987
4486,DATA13,DATA13,2021-11-18 06:32:59.000000,1321252379.0,30.496528496,114.488205931,31.9992,3.6,26,0.005162363799656123,0.0109,30.4965284745,114.4882061563,0.02176036768380264
4487,DATA13,DATA13,2021-11-18 06:33:00.000000,1321252380.0,30.496528485,114.488205924,31.9972,3.3,26,0.005162363799656123,0.0109,30.4965284745,114.4882061563,0.022331812123321994
4488,DATA13,DATA13,2021-11-18 06:33:01.000000,1321252381.0,30.496528482,114.488205943,31.9974,3.4,26,0.005162363799656123,0.0109,30.4965284745,114.4882061563,0.020494273668249633
4489,DATA13,DATA13,2021-11-18 06:33:02.000000,1321252382.0,30.496528498,114.488205949,31.9981,3.4,26,0.005162363799656123,0.0109,30.4965284745,114.4882061563,0.020071182196643937
4490,DATA13,DATA13,2021-11-18 06:33:03.000000,1321252383.0,30.496528492,114.488205928,31.9994,3.9,26,0.005162363799656123,0.0109,30.4965284745,114.4882061563,0.02200314054904085
4491,DATA13,DATA13,2021-11-18 06:33:04.000000,1321252384.0,30.496528503,114.488205934,31.9997,3.0,26,0.005162363799656123,0.0109,30.4965284745,114.4882061563,0.02157403908721444
4492,DATA13,DATA13,2021-11-18 06:33:05.000000,1321252385.0,30.496528506,114.488205939,31.9987,3.7,26,0.005162363799656123,0.0109,30.4965284745,114.4882061563,0.021151678388662033
4493,DATA13,DATA13,2021-11-18 06:33:06.000000,1321252386.0,30.496528483,114.488205918,31.9959,3.2,26,0.005162363799656123,0.0109,30.4965284745,114.4882061563,0.022896869275645257
4494,DATA13,DATA13,2021-11-18 06:33:07.000000,1321252387.0,30.496528487,114.488205945,31.9971,3.7,26,0.005162363799656123,0.0109,30.4965284744,114.4882061563,0.020333430641940826
4495,DATA13,DATA13,2021-11-18 06:33:08.000000,1321252388.0,30.496528503,114.48820596,31.9946,3.5,26,0.005162363799656123,0.0109,30.4965284744,114.4882061563,0.019110212873472764
4496,DATA13,DATA13,2021-11-18 06:33:09.000000,1321252389.0,30.496528491,114.488205939,31.9969,3.4,26,0.005162363799656123,0.0109,30.4965284744,114.4882061563,0.02094242605129733
4497,DATA13,DATA13,2021-11-18 06:33:10.000000,1321252390.0,30.496528506,114.488205935,31.9951,3.1,26,0.005162363799656123,0.0109,30.4965284744,114.4882061563,0.021532314982995862
4498,DATA13,DATA13,2021-11-18 06:33:11.000000,1321252391.0,30.496528498,114.488205946,31.9985,3.5,26,0.005162363799656123,0.0109,30.4965284744,114.4882061563,0.020358211166746812
4499,DATA13,DATA13,2021-11-18 06:33:12.000000,1321252392.0,30.49652848,114.488205968,31.9937,4.0,26,0.005162363799656123,0.0109,30.4965284744,114.4882061563,0.018087987360188896
4500,DATA13,DATA13,2021-11-18 06:33:13.000000,1321252393.0,30.496528487,114.48820596,31.9941,4.1,26,0.00523450093132096,0.011,30.4965284744,114.4882061563,0.018897050320638653
4501,DATA13,DATA13,2021-11-18 06:33:14.000000,1321252394.0,30.496528481,114.488205946,31.9971,3.9,26,0.00523450093132096,0.011,30.4965284744,114.4882061562,0.020193053546791673
4502,DATA13,DATA13,2021-11-18 06:33:15.000000,1321252395.0,30.496528484,114.488205954,31.9855,3.1,26,0.00523450093132096,0.011,30.4965284744,114.4882061562,0.019440922494940845
4503,DATA13,DATA13,2021-11-18 06:33:16.000000,1321252396.0,30.49652849,114.48820597,31.9941,3.5,26,0.00523450093132096,0.011,30.4965284744,114.4882061562,0.017959189447391707
4504,DATA13,DATA13,2021-11-18 06:33:17.000000,1321252397.0,30.496528471,114.488205973,31.9927,3.6,25,0.0053075418038862395,0.0114,30.4965284744,114.4882061562,0.01759175364740188
4505,DATA13,DATA13,2021-11-18 06:33:18.000000,1321252398.0,30.496528481,114.48820596,31.9862,3.4,24,0.0053075418038862395,0.0114,30.4965284744,114.4882061562,0.018849958236204216
4506,DATA13,DATA13,2021-11-18 06:33:19.000000,1321252399.0,30.496528469,114.488205968,31.994,3.7,25,0.0053075418038862395,0.0114,30.4965284744,114.4882061562,0.01807764489365164
4507,DATA13,DATA13,2021-11-18 06:33:20.000000,1321252400.0,30.496528503,114.488205959,31.9941,3.5,26,0.005162363799656123,0.0109,30.4965284744,114.4882061562,0.019195424004842594
4508,DATA13,DATA13,2021-11-18 06:33:21.000000,1321252401.0,30.49652848,114.488205958,31.9964,4.1,26,0.005162363799656123,0.0109,30.4965284744,114.4882061562,0.01903788398951945
4509,DATA13,DATA13,2021-11-18 06:33:22.000000,1321252402.0,30.496528491,114.488205949,31.9946,3.3,26,0.005162363799656123,0.0109,30.4965284744,114.4882061562,0.0199767304266346
4510,DATA13,DATA13,2021-11-18 06:33:23.000000,1321252403.0,30.496528485,114.488205969,31.996,3.5,26,0.005162363799656123,0.0109,30.4965284744,114.4882061562,0.018010105218579823
4511,DATA13,DATA13,2021-11-18 06:33:24.000000,1321252404.0,30.496528527,114.488205967,31.988,3.8,26,0.005162363799656123,0.0109,30.4965284744,114.4882061562,0.01907682853982113
4512,DATA13,DATA13,2021-11-18 06:33:25.000000,1321252405.0,30.496528487,114.488205956,31.9954,3.5,26,0.005162363799656123,0.0109,30.4965284744,114.4882061562,0.019270457494738616
4513,DATA13,DATA13,2021-11-18 06:33:26.000000,1321252406.0,30.49652849,114.488205954,31.9994,3.7,26,0.005162363799656123,0.0109,30.4965284744,114.4882061562,0.019488656842022715
4514,DATA13,DATA13,2021-11-18 06:33:27.000000,1321252407.0,30.496528487,114.48820595,31.9953,3.5,26,0.005162363799656123,0.0109,30.4965284744,114.4882061562,0.019845003261870213
4515,DATA13,DATA13,2021-11-18 06:33:28.000000,1321252408.0,30.49652848,114.488205966,32.0009,3.6,26,0.005162363799656123,0.0109,30.4965284744,114.4882061562,0.018270287307337943
4516,DATA13,DATA13,2021-11-18 06:33:29.000000,1321252409.0,30.496528486,114.488205955,31.9941,3.4,26,0.005162363799656123,0.0109,30.4965284744,114.4882061562,0.019358528806990655
4517,DATA13,DATA13,2021-11-18 06:33:30.000000,1321252410.0,30.496528502,114.48820597,31.985,3.9,25,0.00523450093132096,0.011,30.4965284744,114.4882061562,0.018135704285400643
4518,DATA13,DATA13,2021-11-18 06:33:31.000000,1321252411.0,30.496528477,114.488205944,31.9957,3.6,26,0.00523450093132096,0.011,30.4965284744,114.4882061562,0.020373836389158052
4519,DATA13,DATA13,2021-11-18 06:33:32.000000,1321252412.0,30.496528482,114.488205946,31.9964,3.4,26,0.005162363799656123,0.0109,30.4965284744,114.4882061562,0.02019737420865598
4520,DATA13,DATA13,2021-11-18 06:33:33.000000,1321252413.0,30.496528499,114.488205956,31.9937,3.4,26,0.005162363799656123,0.0109,30.4965284744,114.4882061562,0.019412287398955032
4521,DATA13,DATA13,2021-11-18 06:33:34.000000,1321252414.0,30.496528486,114.488205948,31.9952,3.2,26,0.005162363799656123,0.0109,30.4965284744,114.4882061562,0.020029113374621193
4522,DATA13,DATA13,2021-11-18 06:33:35.000000,1321252415.0,30.496528482,114.488205954,31.9964,3.0,26,0.005162363799656123,0.0109,30.4965284744,114.4882061562,0.01943004575202248
4523,DATA13,DATA13,2021-11-18 06:33:36.000000,1321252416.0,30.496528491,114.488205976,31.9994,3.2,26,0.005162363799656123,0.0109,30.4965284744,114.4882061562,0.01739731532150345
4524,DATA13,DATA13,2021-11-18 06:33:37.000000,1321252417.0,30.496528505,114.488205955,31.993,3.4,26,0.005162363799656123,0.0109,30.4965284744,114.4882061562,0.019611399132510744
4525,DATA13,DATA13,2021-11-18 06:33:38.000000,1321252418.0,30.49652849,114.488205968,31.9987,3.5,26,0.005162363799656123,0.0109,30.4965284744,114.4882061562,0.018150311900254828
4526,DATA13,DATA13,2021-11-18 06:33:39.000000,1321252419.0,30.496528489,114.488205948,31.9957,3.4,26,0.005162363799656123,0.0109,30.4965284744,114.4882061562,0.020053214171899453
4527,DATA13,DATA13,2021-11-18 06:33:40.000000,1321252420.0,30.496528504,114.488205961,31.9922,3.3,26,0.005162363799656123,0.0109,30.4965284744,114.4882061562,0.019024889465193123
4528,DATA13,DATA13,2021-11-18 06:33:41.000000,1321252421.0,30.496528483,114.488205929,32.0048,3.3,26,0.005162363799656123,0.0109,30.4965284744,114.4882061562,0.021832666770956008
4529,DATA13,DATA13,2021-11-18 06:33:42.000000,1321252422.0,30.49652848,114.488205932,31.9976,3.2,26,0.005162363799656123,0.0109,30.4965284744,114.4882061562,0.0215327828306502
4530,DATA13,DATA13,2021-11-18 06:33:43.000000,1321252423.0,30.496528494,114.488205959,31.9946,3.2,25,0.00523450093132096,0.011,30.4965284744,114.4882061562,0.01905604354267996
4531,DATA13,DATA13,2021-11-18 06:33:44.000000,1321252424.0,30.496528471,114.488205944,31.9954,3.0,26,0.00523450093132096,0.011,30.4965284744,114.4882061562,0.020375283827426507
4532,DATA13,DATA13,2021-11-18 06:33:45.000000,1321252425.0,30.496528477,114.488205952,31.9941,3.2,26,0.00523450093132096,0.011,30.4965284744,114.4882061561,0.01959629488442077
4533,DATA13,DATA13,2021-11-18 06:33:46.000000,1321252426.0,30.496528484,114.48820595,31.9906,3.6,26,0.00523450093132096,0.011,30.4965284744,114.4882061561,0.019814783236637063
4534,DATA13,DATA13,2021-11-18 06:33:47.000000,1321252427.0,30.496528495,114.488205947,31.9895,3.2,26,0.00523450093132096,0.011,30.4965284744,114.4882061561,0.020203677549587826
4535,DATA13,DATA13,2021-11-18 06:33:48.000000,1321252428.0,30.496528486,114.488205962,31.9956,3.2,25,0.0053075418038862395,0.0114,30.4965284744,114.4882061561,0.018678468922334733
4536,DATA13,DATA13,2021-11-18 06:33:49.000000,1321252429.0,30.496528477,114.48820595,31.9951,3.3,25,0.0053075418038862395,0.0112,30.4965284744,114.4882061561,0.019788280637004215
4537,DATA13,DATA13,2021-11-18 06:33:50.000000,1321252430.0,30.496528487,114.48820595,32.0008,3.1,26,0.005162363799656123,0.0109,30.4965284744,114.4882061561,0.01983542719718252
4538,DATA13,DATA13,2021-11-18 06:33:51.000000,1321252431.0,30.496528491,114.488205953,32.0009,3.5,26,0.005162363799656123,0.0109,30.4965284744,114.4882061561,0.019584825785137785
4539,DATA13,DATA13,2021-11-18 06:33:52.000000,1321252432.0,30.496528486,114.488205955,31.9923,3.0,26,0.005162363799656123,0.0109,30.4965284744,114.4882061561,0.019348950059679373
4540,DATA13,DATA13,2021-11-18 06:33:53.000000,1321252433.0,30.496528492,114.488205942,31.9985,3.1,26,0.005162363799656123,0.0109,30.4965284744,114.4882061561,0.020646605278795548
4541,DATA13,DATA13,2021-11-18 06:33:54.000000,1321252434.0,30.496528503,114.488205963,32.0007,3.3,26,0.005162363799656123,0.0109,30.4965284743,114.4882061561,0.01880920324188127
4542,DATA13,DATA13,2021-11-18 06:33:55.000000,1321252435.0,30.496528484,114.488205956,31.9943,3.2,26,0.005162363799656123,0.0109,30.4965284743,114.4882061561,0.019240238309744383
4543,DATA13,DATA13,2021-11-18 06:33:56.000000,1321252436.0,30.496528492,114.488205969,31.9953,3.2,26,0.005162363799656123,0.0109,30.4965284743,114.4882061561,0.018068990028056803
4544,DATA13,DATA13,2021-11-18 06:33:57.000000,1321252437.0,30.496528477,114.488205954,31.9967,3.5,26,0.005162363799656123,0.0109,30.4965284743,114.4882061561,0.019404477952038073
4545,DATA13,DATA13,2021-11-18 06:33:58.000000,1321252438.0,30.496528487,114.488205972,31.9949,3.8,26,0.005162363799656123,0.0109,30.4965284743,114.4882061561,0.01773010844260139
4546,DATA13,DATA13,2021-11-18 06:33:59.000000,1321252439.0,30.496528495,114.488205962,31.9936,3.6,26,0.005162363799656123,0.0109,30.4965284743,114.4882061561,0.01877492139660847
4547,DATA13,DATA13,2021-11-18 06:34:00.000000,1321252440.0,30.496528494,114.488205961,31.9963,3.3,26,0.005162363799656123,0.0109,30.4965284743,114.4882061561,0.018857046610527627
4548,DATA13,DATA13,2021-11-18 06:34:01.000000,1321252441.0,30.496528493,114.488205981,31.9891,3.4,26,0.005162363799656123,0.0109,30.4965284743,114.4882061561,0.01693744480443744
4549,DATA13,DATA13,2021-11-18 06:34:02.000000,1321252442.0,30.4965285,114.488205961,31.9943,3.1,26,0.005162363799656123,0.0109,30.4965284743,114.4882061561,0.018945607960852155
4550,DATA13,DATA13,2021-11-18 06:34:03.000000,1321252443.0,30.496528495,114.488205954,31.9996,3.3,26,0.005162363799656123,0.0109,30.4965284743,114.4882061561,0.019537410706585722
4551,DATA13,DATA13,2021-11-18 06:34:04.000000,1321252444.0,30.496528489,114.488205986,31.9967,3.5,26,0.00523450093132096,0.011,30.4965284743,114.4882061561,0.01641119444601352
4552,DATA13,DATA13,2021-11-18 06:34:05.000000,1321252445.0,30.496528489,114.488205995,31.9936,3.4,26,0.00523450093132096,0.011,30.4965284743,114.4882061561,0.01555167631157125
4553,DATA13,DATA13,2021-11-18 06:34:06.000000,1321252446.0,30.49652849,114.488205971,31.9934,3.7,26,0.00523450093132096,0.011,30.4965284743,114.4882061561,0.017855156934334867
4554,DATA13,DATA13,2021-11-18 06:34:07.000000,1321252447.0,30.496528498,114.488205969,31.9944,3.5,26,0.005162363799656123,0.0109,30.4965284743,114.4882061561,0.018153272636522222
4555,DATA13,DATA13,2021-11-18 06:34:08.000000,1321252448.0,30.496528498,114.488205971,31.9936,3.4,26,0.005162363799656123,0.0109,30.4965284743,114.4882061561,0.01796331021697749
4556,DATA13,DATA13,2021-11-18 06:34:09.000000,1321252449.0,30.496528495,114.488205957,31.9968,3.2,26,0.005162363799656123,0.0109,30.4965284743,114.4882061561,0.019251425961487195
4557,DATA13,DATA13,2021-11-18 06:34:10.000000,1321252450.0,30.496528505,114.488205971,31.996,3.2,26,0.005162363799656123,0.0109,30.4965284743,114.4882061561,0.018093110603179984
4558,DATA13,DATA13,2021-11-18 06:34:11.000000,1321252451.0,30.496528495,114.488205962,31.9955,3.1,26,0.005162363799656123,0.0109,30.4965284743,114.4882061561,0.01877492158397775
4559,DATA13,DATA13,2021-11-18 06:34:12.000000,1321252452.0,30.496528483,114.488205976,31.9957,3.6,26,0.005162363799656123,0.0109,30.4965284744,114.4882061561,0.01731637389969867
4560,DATA13,DATA13,2021-11-18 06:34:13.000000,1321252453.0,30.496528494,114.488205974,31.9973,3.6,26,0.005162363799656123,0.0109,30.4965284744,114.4882061561,0.01761663252777271
4561,DATA13,DATA13,2021-11-18 06:34:14.000000,1321252454.0,30.49652849,114.488205977,31.9993,3.0,26,0.005162363799656123,0.0109,30.4965284744,114.4882061561,0.017280861623157513
4562,DATA13,DATA13,2021-11-18 06:34:15.000000,1321252455.0,30.496528491,114.488205969,31.9913,3.0,26,0.00523450093132096,0.0109,30.4965284743,114.4882061561,0.018057287588830687
4563,DATA13,DATA13,2021-11-18 06:34:16.000000,1321252456.0,30.496528495,114.488205979,31.9975,3.4,26,0.00523450093132096,0.0109,30.4965284743,114.4882061561,0.0171562703875794
4564,DATA13,DATA13,2021-11-18 06:34:17.000000,1321252457.0,30.4965285,114.488205967,31.9981,3.4,26,0.00523450093132096,0.0109,30.4965284743,114.4882061561,0.01837634721246245
4565,DATA13,DATA13,2021-11-18 06:34:18.000000,1321252458.0,30.496528504,114.488205977,31.9926,3.5,26,0.00523450093132096,0.0109,30.4965284743,114.4882061561,0.017506522180601343
4566,DATA13,DATA13,2021-11-18 06:34:19.000000,1321252459.0,30.496528498,114.488205989,31.9981,3.3,26,0.00523450093132096,0.0109,30.4965284743,114.4882061561,0.01625581019925826
4567,DATA13,DATA13,2021-11-18 06:34:20.000000,1321252460.0,30.496528498,114.488205985,32.0004,3.5,26,0.00523450093132096,0.0109,30.4965284743,114.4882061561,0.01663488856214708
4568,DATA13,DATA13,2021-11-18 06:34:21.000000,1321252461.0,30.496528507,114.488205989,31.9983,3.2,26,0.00523450093132096,0.0109,30.4965284743,114.4882061561,0.016446577007681363
4569,DATA13,DATA13,2021-11-18 06:34:22.000000,1321252462.0,30.496528503,114.488205989,31.9991,3.2,26,0.00523450093132096,0.0109,30.4965284743,114.4882061561,0.01635455311012734
4570,DATA13,DATA13,2021-11-18 06:34:23.000000,1321252463.0,30.496528502,114.488205974,32.0004,3.2,26,0.00523450093132096,0.0109,30.4965284743,114.4882061561,0.017749774488831808
4571,DATA13,DATA13,2021-11-18 06:34:24.000000,1321252464.0,30.496528505,114.488205981,31.9913,3.0,25,0.0053075418038862395,0.0112,30.4965284743,114.4882061561,0.017151171832148333
4572,DATA13,DATA13,2021-11-18 06:34:25.000000,1321252465.0,30.496528503,114.488206003,31.9946,3.6,25,0.0053075418038862395,0.0112,30.4965284743,114.4882061561,0.015038466014751976
4573,DATA13,DATA13,2021-11-18 06:34:26.000000,1321252466.0,30.496528501,114.488206001,31.9953,3.6,25,0.0053075418038862395,0.0112,30.4965284743,114.4882061561,0.015181396550977213
4574,DATA13,DATA13,2021-11-18 06:34:28.000000,1321252468.0,30.496528501,114.488205988,31.9987,3.4,26,0.00523450093132096,0.0109,30.4965284743,114.4882061561,0.016407285149481744
4575,DATA13,DATA13,2021-11-18 06:34:29.000000,1321252469.0,30.496528499,114.488205998,32.0012,3.4,26,0.00523450093132096,0.0109,30.4965284743,114.4882061561,0.015423074464399627
4576,DATA13,DATA13,2021-11-18 06:34:30.000000,1321252470.0,30.496528499,114.48820598,31.9948,3.1,26,0.00523450093132096,0.0109,30.4965284743,114.4882061561,0.017126418982438253
4577,DATA13,DATA13,2021-11-18 06:34:32.000000,1321252472.0,30.496528498,114.488205996,31.9971,3.3,26,0.00523450093132096,0.0109,30.4965284743,114.4882061561,0.015593003831014661
4578,DATA13,DATA13,2021-11-18 06:34:34.000000,1321252474.0,30.496528488,114.488205996,31.9994,3.5,26,0.00523450093132096,0.0109,30.4965284743,114.4882061561,0.01544490884321782
4579,DATA13,DATA13,2021-11-18 06:34:36.000000,1321252476.0,30.496528502,114.488205993,31.9991,3.4,26,0.00523450093132096,0.0109,30.4965284743,114.4882061561,0.015956347150887524
4580,DATA13,DATA13,2021-11-18 06:34:37.000000,1321252477.0,30.496528491,114.488205971,32.0029,3.2,26,0.00523450093132096,0.0109,30.4965284743,114.4882061561,0.01786630418801628
4581,DATA13,DATA13,2021-11-18 06:34:38.000000,1321252478.0,30.496528497,114.488206,32.0053,3.3,26,0.00523450093132096,0.0109,30.4965284743,114.4882061561,0.015195868500204383
4582,DATA13,DATA13,2021-11-18 06:34:40.000000,1321252480.0,30.496528475,114.488206001,32.0037,3.3,26,0.00523450093132096,0.0109,30.4965284743,114.4882061561,0.014890239269955126
4583,DATA13,DATA13,2021-11-18 06:34:41.000000,1321252481.0,30.496528487,114.488206014,31.9997,3.1,26,0.00523450093132096,0.0109,30.4965284743,114.4882061561,0.013714462481344437
4584,DATA13,DATA13,2021-11-18 06:34:45.000000,1321252485.0,30.496528506,114.488206007,31.9996,3.0,26,0.00523450093132096,0.0109,30.4965284743,114.4882061561,0.014739115298120093
4585,DATA13,DATA13,2021-11-18 06:34:46.000000,1321252486.0,30.496528494,114.488206018,32.0058,3.0,26,0.00523450093132096,0.0109,30.4965284743,114.4882061561,0.013436666204234947
4586,DATA13,DATA13,2021-11-18 06:34:49.000000,1321252489.0,30.496528485,114.488206015,31.9988,3.0,26,0.00523450093132096,0.0109,30.4965284739,114.4882061565,0.013640021124834926
4587,DATA13,DATA13,2021-11-18 06:34:50.000000,1321252490.0,30.4965285,114.488206014,32.0014,3.0,26,0.00523450093132096,0.0109,30.4965284742,114.4882061567,0.013994999908735846
4588,DATA13,DATA13,2021-11-18 06:34:52.000000,1321252492.0,30.496528515,114.48820602,32.0,3.0,26,0.00523450093132096,0.0109,30.4965284746,114.4882061576,0.013948598840406388
4589,DATA13,DATA13,2021-11-18 06:34:54.000000,1321252494.0,30.496528506,114.488206026,32.0014,3.1,26,0.00523450093132096,0.0109,30.4965284745,114.4882061574,0.013089210464595283
4590,DATA13,DATA13,2021-11-18 06:34:55.000000,1321252495.0,30.496528512,114.488206036,32.0007,3.3,25,0.0053075418038862395,0.0112,30.4965284741,114.4882061573,0.012379951557630869
4591,DATA13,DATA13,2021-11-18 06:34:56.000000,1321252496.0,30.496528508,114.488206038,31.9967,3.1,25,0.0053075418038862395,0.0112,30.4965284739,114.4882061572,0.012051794686238838
4592,DATA13,DATA13,2021-11-18 06:34:57.000000,1321252497.0,30.496528511,114.488206021,32.0017,3.0,25,0.0053075418038862395,0.0111,30.4965284737,114.4882061568,0.013677260154279353
4593,DATA13,DATA13,2021-11-18 06:34:58.000000,1321252498.0,30.496528517,114.488206026,31.9956,3.3,25,0.0053075418038862395,0.0111,30.4965284736,114.4882061573,0.013492210018181364
4594,DATA13,DATA13,2021-11-18 06:34:59.000000,1321252499.0,30.496528506,114.488206016,32.0004,3.0,26,0.00523450093132096,0.0109,30.4965284737,114.4882061569,0.013992730688564768
4595,DATA13,DATA13,2021-11-18 06:35:02.000000,1321252502.0,30.496528554,114.488206024,31.9947,3.0,26,0.00523450093132096,0.0109,30.4965285205,114.4882061889,0.016260658874058403
4596,DATA13,DATA13,2021-11-18 06:35:03.000000,1321252503.0,30.496528543,114.488206073,31.9925,3.0,26,0.00523450093132096,0.0109,30.4965285184,114.4882062074,0.013187845410380462
4597,DATA13,DATA13,2021-11-18 06:35:04.000000,1321252504.0,30.496528561,114.488206059,31.9908,3.0,26,0.00523450093132096,0.0109,30.4965285304,114.4882062131,0.015177994079888573
4598,DATA13,DATA13,2021-11-18 06:35:07.000000,1321252507.0,30.496528553,114.488206064,31.986,3.3,25,0.0053075418038862395,0.0111,30.4965285185,114.4882062168,0.015159644169385745
4599,DATA13,DATA13,2021-11-18 06:35:08.000000,1321252508.0,30.496528544,114.488206077,31.9897,3.0,25,0.0053075418038862395,0.0111,30.4965285191,114.4882062168,0.013702135200804658
4600,DATA13,DATA13,2021-11-18 06:35:10.000000,1321252510.0,30.496528529,114.488206032,31.9895,3.1,26,0.00523450093132096,0.0109,30.4965285106,114.4882062177,0.017944042535824947
4601,DATA13,DATA13,2021-11-18 06:35:12.000000,1321252512.0,30.496528522,114.488206073,31.9929,3.0,26,0.00523450093132096,0.0109,30.4965285119,114.4882062188,0.014041925545741228
4602,DATA13,DATA13,2021-11-18 06:35:15.000000,1321252515.0,30.496528526,114.488206054,31.9859,3.0,26,0.00523450093132096,0.0109,30.4965285116,114.4882062189,0.015911152741968883
4603,DATA13,DATA13,2021-11-18 06:35:17.000000,1321252517.0,30.496528522,114.488206075,31.9833,3.1,26,0.00523450093132096,0.0109,30.4965285115,114.4882062189,0.013863761276211613
4604,DATA13,DATA13,2021-11-18 06:35:23.000000,1321252523.0,30.496528515,114.488206071,31.9869,3.2,26,0.00523450093132096,0.0109,30.4965285116,114.4882062188,0.014194222742409059
4605,DATA13,DATA13,2021-11-18 06:35:25.000000,1321252525.0,30.496528532,114.488206076,31.9874,3.1,26,0.00523450093132096,0.0109,30.4965285116,114.4882062189,0.013903965858965367
4606,DATA13,DATA13,2021-11-18 06:35:29.000000,1321252529.0,30.496528536,114.488206082,31.9855,3.2,26,0.00523450093132096,0.0109,30.4965285116,114.4882062189,0.013418269110836167
4607,DATA13,DATA13,2021-11-18 06:35:31.000000,1321252531.0,30.496528514,114.488206083,31.99,3.2,26,0.00523450093132096,0.0109,30.4965285116,114.4882062188,0.013039899391317918
4608,DATA13,DATA13,2021-11-18 06:35:43.000000,1321252543.0,30.496528532,114.488206093,31.9845,3.0,26,0.00523450093132096,0.0109,30.4965285116,114.4882062187,0.012277645149550497
4609,DATA13,DATA13,2021-11-18 06:35:48.000000,1321252548.0,30.496528524,114.488206113,31.9884,3.1,26,0.00523450093132096,0.0109,30.4965285117,114.4882062187,0.010238705773195775
4610,DATA13,DATA13,2021-11-18 06:35:50.000000,1321252550.0,30.496528518,114.488206074,31.9875,3.1,26,0.00523450093132096,0.0109,30.4965285117,114.4882062187,0.013909153781014798
4611,DATA13,DATA13,2021-11-18 06:35:52.000000,1321252552.0,30.496528531,114.488206082,31.9824,3.1,26,0.00523450093132096,0.0109,30.4965285117,114.4882062188,0.013306335866902295
4612,DATA13,DATA13,2021-11-18 06:36:12.000000,1321252572.0,30.496528531,114.48820607,31.9859,3.2,26,0.00523450093132096,0.0109,30.4965285117,114.4882062188,0.014444565433220171
4613,DATA13,DATA13,2021-11-18 06:36:18.000000,1321252578.0,30.496528523,114.488206094,31.9891,3.0,26,0.00523450093132096,0.0109,30.4965285118,114.4882062189,0.01205486694946534
4614,DATA13,DATA13,2021-11-18 06:36:26.000000,1321252586.0,30.496528522,114.488206077,31.9913,3.3,26,0.00523450093132096,0.0109,30.4965285117,114.4882062191,0.013689705512588106
4615,DATA13,DATA13,2021-11-18 06:36:37.000000,1321252597.0,30.49652851,114.488206083,31.9856,3.3,26,0.00523450093132096,0.0109,30.4965285097,114.4882062246,0.013594041021180428
4616,DATA13,DATA13,2021-11-18 06:36:40.000000,1321252600.0,30.496528511,114.488206079,31.986,3.1,26,0.00523450093132096,0.0109,30.4965285097,114.4882062246,0.01397875376319025
4617,DATA13,DATA13,2021-11-18 06:36:41.000000,1321252601.0,30.496528525,114.488206074,31.9836,3.2,26,0.00523450093132096,0.0109,30.4965285097,114.4882062243,0.014528575745530056
4618,DATA13,DATA13,2021-11-18 06:36:43.000000,1321252603.0,30.496528531,114.488206074,31.9845,3.1,26,0.00523450093132096,0.0109,30.4965285109,114.4882062192,0.014116588431378274
4619,DATA13,DATA13,2021-11-18 06:36:44.000000,1321252604.0,30.49652852,114.48820609,31.9803,3.4,25,0.005381449618829484,0.0111,30.4965285114,114.4882062183,0.012354004322293579
4620,DATA13,DATA13,2021-11-18 06:36:45.000000,1321252605.0,30.496528527,114.488206095,31.9862,3.1,25,0.005381449618829484,0.0111,30.4965285116,114.4882062173,0.011864621894358387
4621,DATA13,DATA13,2021-11-18 06:36:46.000000,1321252606.0,30.496528526,114.488206082,31.9869,3.0,26,0.00523450093132096,0.0109,30.4965285118,114.4882062164,0.012998457760770809
4622,DATA13,DATA13,2021-11-18 06:36:47.000000,1321252607.0,30.496528535,114.488206075,31.9825,3.2,26,0.00523450093132096,0.0109,30.4965285118,114.4882062163,0.01380687262273993
4623,DATA13,DATA13,2021-11-18 06:36:50.000000,1321252610.0,30.496528526,114.488206065,31.9887,3.0,26,0.00523450093132096,0.0109,30.4965285119,114.4882062163,0.014609094337049338
4624,DATA13,DATA13,2021-11-18 06:36:51.000000,1321252611.0,30.496528525,114.488206074,31.9887,3.1,26,0.00523450093132096,0.0109,30.4965285119,114.4882062163,0.013738177936529922
4625,DATA13,DATA13,2021-11-18 06:36:56.000000,1321252616.0,30.496528519,114.48820607,31.9848,3.2,26,0.00523450093132096,0.0109,30.4965285119,114.4882062162,0.014057663145681337
4626,DATA13,DATA13,2021-11-18 06:36:59.000000,1321252619.0,30.496528511,114.488206068,31.9858,3.0,26,0.00523450093132096,0.0109,30.4965285119,114.4882062162,0.014227966668756465
4627,DATA13,DATA13,2021-11-18 06:37:00.000000,1321252620.0,30.49652853,114.488206069,31.9848,3.4,26,0.00523450093132096,0.0109,30.4965285118,114.4882062162,0.014274926583715111
4628,DATA13,DATA13,2021-11-18 06:37:02.000000,1321252622.0,30.496528511,114.48820607,31.9861,3.3,26,0.00523450093132096,0.0109,30.4965285118,114.4882062161,0.014026290973534148
4629,DATA13,DATA13,2021-11-18 06:37:04.000000,1321252624.0,30.49652852,114.488206074,31.9837,3.1,26,0.00523450093132096,0.0109,30.4965285096,114.488206229,0.014925035309876338
4630,DATA13,DATA13,2021-11-18 06:37:05.000000,1321252625.0,30.496528516,114.488206074,31.9869,3.7,26,0.00523450093132096,0.0109,30.4965285083,114.4882062355,0.01552793681945186
4631,DATA13,DATA13,2021-11-18 06:37:06.000000,1321252626.0,30.496528521,114.488206082,31.9882,3.1,26,0.00523450093132096,0.0109,30.4965285075,114.4882062377,0.015022376742950283
